Guid,AccountId,LastName,FirstName,Salutation,OtherStreet,OtherCity,OtherState,OtherPostalCode,OtherCountry,OtherLatitude,OtherLongitude,OtherGeocodeAccuracy,MailingStreet,MailingCity,MailingState,MailingPostalCode,MailingCountry,MailingLatitude,MailingLongitude,MailingGeocodeAccuracy,Phone,Fax,MobilePhone,HomePhone,OtherPhone,AssistantPhone,Email,Title,Department,AssistantName,LeadSource,Birthdate,Description,HasOptedOutOfEmail,LastCURequestDate,LastCUUpdateDate,EmailBouncedReason,EmailBouncedDate,IsEmailBounced,Jigsaw,JigsawContactId,IsPriorityRecord,ContactSource,TitleType,DepartmentGroup,BuyerAttributes,ccrz__CompanyName__c,ccrz__CompanyType__c,ccrz__DataId__c,ccrz__IsPortalUser__c,ccrz__SelfRegistered__c,Product_Areas__c
786dd913-cd9c-4d29-8e70-2da50f5c730d,1f0ebca3-5492-47f2-a61e-8a8f0bf1ee82,Pembroke,Celinka,#N/A,#N/A,#N/A,#N/A,#N/A,#N/A,#N/A,#N/A,#N/A,#N/A,#N/A,#N/A,#N/A,#N/A,#N/A,#N/A,#N/A,+44 20 5678 9898,#N/A,#N/A,#N/A,#N/A,#N/A,jjoannow@prodly.co.invalid,CTO,#N/A,#N/A,#N/A,2004-01-24,#N/A,false,#N/A,#N/A,#N/A,#N/A,false,#N/A,#N/A,false,#N/A,#N/A,#N/A,#N/A,Prodly,#N/A,#N/A,false,false,#N/A
c25aeccd-09a5-4947-bec0-52e3980804f9,e9e56bd1-faa0-4ccf-a7e8-de78485381d1,Matthew,Moira,#N/A,#N/A,#N/A,#N/A,2454,#N/A,#N/A,#N/A,#N/A,26 Dalgarno Street,KALANG,NSW,#N/A,Australia,#N/A,#N/A,#N/A,(03) 5338 4011,#N/A,#N/A,#N/A,#N/A,#N/A,jjoannow@prodly.co.invalid,CFO,#N/A,#N/A,#N/A,#N/A,#N/A,false,#N/A,#N/A,#N/A,#N/A,false,#N/A,#N/A,false,#N/A,#N/A,#N/A,#N/A,Prodly,#N/A,#N/A,false,false,#N/A
503b70ea-6cfd-42b0-93d6-ce2d929e136b,39ca738a-3930-4a69-a083-9baebe0bd47e,Gene,Ashia,#N/A,57 Clifton Dr,Bacchus Marsh,VIC,3340,Australia,#N/A,#N/A,#N/A,57 Clifton Dr,Bacchus Marsh,VIC,3340,Australia,#N/A,#N/A,#N/A,(03) 7827 6934,(03) 7827 6934,0414 153 873,#N/A,#N/A,(03) 7827 6934,jjoannow@prodly.co.invalid,Operations Manager,Operations,#N/A,#N/A,#N/A,#N/A,false,#N/A,#N/A,#N/A,#N/A,false,#N/A,#N/A,false,#N/A,#N/A,#N/A,#N/A,Prodly,#N/A,#N/A,false,false,#N/A
82df66ba-8aab-4e37-9c19-b576b13876f2,a68e7eb7-7624-4b12-851c-d0163e8e9347,Loydie,Chere,#N/A,#N/A,#N/A,#N/A,#N/A,#N/A,#N/A,#N/A,#N/A,#N/A,#N/A,#N/A,#N/A,#N/A,#N/A,#N/A,#N/A,(247) 387-5114,#N/A,#N/A,#N/A,#N/A,#N/A,jjoannow@prodly.co.invalid,"EVP, General Counsel",#N/A,#N/A,#N/A,#N/A,#N/A,false,#N/A,#N/A,#N/A,#N/A,false,#N/A,#N/A,false,#N/A,#N/A,#N/A,#N/A,Prodly,#N/A,#N/A,false,false,#N/A
15471270-239f-4e44-90e8-ae3e1ee056dd,83dc89fc-8868-49a6-8638-db4d191b4c50,Morlee,Josy,#N/A,#N/A,#N/A,#N/A,#N/A,#N/A,#N/A,#N/A,#N/A,14 Ross Road,Marple,#N/A,SK6 4HJ,UK,#N/A,#N/A,#N/A,87 0017 4455,#N/A,#N/A,#N/A,#N/A,#N/A,jjoannow@prodly.co.invalid,CEO,#N/A,#N/A,#N/A,#N/A,#N/A,false,#N/A,#N/A,#N/A,#N/A,false,#N/A,#N/A,false,#N/A,#N/A,#N/A,#N/A,Prodly,#N/A,#N/A,false,false,#N/A
3ae7523e-23df-4835-bf82-dbabd96adeef,b18f2036-f373-4189-a9f3-2227c8ef8b7c,Tomlin,Leanne,#N/A,#N/A,#N/A,#N/A,#N/A,#N/A,#N/A,#N/A,#N/A,10 Main Rd.,New York,NY,31349,USA,#N/A,#N/A,#N/A,(212) 555-5555,(212) 555-5555,#N/A,#N/A,#N/A,#N/A,jjoannow@prodly.co.invalid,VP Customer Support,#N/A,#N/A,#N/A,#N/A,#N/A,false,#N/A,#N/A,#N/A,#N/A,false,#N/A,#N/A,false,#N/A,#N/A,#N/A,#N/A,#N/A,#N/A,#N/A,false,false,#N/A
4e0c6f3b-ba84-445d-be58-80814d6714e6,194a8c6e-181d-40bb-84ff-36775a792b3d,Donovan,Lula,#N/A,#N/A,#N/A,#N/A,#N/A,#N/A,#N/A,#N/A,#N/A,1500 South Capitol Street Southeast,Washington,DC,20003,USA,#N/A,#N/A,#N/A,(196) 494-2344,#N/A,#N/A,#N/A,#N/A,#N/A,jjoannow@prodly.co.invalid,Senior Vice President and Treasurer,#N/A,#N/A,#N/A,#N/A,#N/A,false,#N/A,#N/A,#N/A,#N/A,false,#N/A,#N/A,false,#N/A,#N/A,#N/A,#N/A,Prodly,#N/A,#N/A,false,false,#N/A
3b9444dd-4fea-4881-8ca3-237a953fc050,3eb93a27-766c-4684-a107-d9a48d366b9e,Orton,Bellina,#N/A,#N/A,#N/A,#N/A,#N/A,#N/A,#N/A,#N/A,#N/A,14 Ross Road,Marple,#N/A,SK6 4HJ,UK,#N/A,#N/A,#N/A,078 0017 4455,#N/A,#N/A,#N/A,#N/A,#N/A,jjoannow@prodly.co.invalid,CEO,#N/A,#N/A,#N/A,#N/A,#N/A,false,#N/A,#N/A,#N/A,#N/A,false,#N/A,#N/A,false,#N/A,#N/A,#N/A,#N/A,Prodly,#N/A,#N/A,false,false,#N/A
80f7125a-8c78-43fd-917c-69b60b3a664d,deb2643f-e4b0-4a03-bbfd-99725a62a149,Parsifal,Vanya,#N/A,#N/A,#N/A,#N/A,#N/A,#N/A,#N/A,#N/A,#N/A,201 Sussex Street,Sydney,NSW,2000,Australia,#N/A,#N/A,#N/A,(361) 571-7392,#N/A,#N/A,#N/A,#N/A,#N/A,jjoannow@prodly.co.invalid,CEO,#N/A,#N/A,#N/A,1968-11-28,Alex Gorsky is Chairman and Chief Executive Officer of Johnson & Johnson. Alex is the seventh person to serve as Chairman and CEO of Johnson & Johnson since it became a publicly traded company in 1944.,false,#N/A,#N/A,#N/A,#N/A,false,#N/A,#N/A,false,#N/A,#N/A,#N/A,#N/A,Prodly,#N/A,#N/A,false,false,#N/A
8ccd2ddf-9dbe-4ba6-97a7-6e7da6bd809c,dc879b26-eef5-4a42-9f54-2f6391bb5444,Rawley,Lani,#N/A,200 George Street,Sydney,NSW,2000,Australia,#N/A,#N/A,#N/A,200 George Street,Sydney,NSW,2000,Australia,#N/A,#N/A,#N/A,(02) 8558 8964,(02) 8558 8964,0429 435 491,#N/A,#N/A,(02) 8558 8964,jjoannow@prodly.co.invalid,President and CEO,C-Level,#N/A,#N/A,#N/A,#N/A,false,#N/A,#N/A,#N/A,#N/A,false,#N/A,#N/A,false,#N/A,#N/A,#N/A,#N/A,Prodly,#N/A,#N/A,false,false,#N/A
3a8f1702-14e2-469a-925c-ea60de5e7956,bad389f6-e263-4c09-bfb4-0d16f88c1b41,Aurthur,Elane,#N/A,19 Airlie Cr,Cecil Hills,NSW,2171,Australia,#N/A,#N/A,#N/A,19 Airlie Cr,Cecil Hills,NSW,2171,Australia,#N/A,#N/A,#N/A,(02) 6512 6327,(02) 6512 6327,0420 108 581,#N/A,#N/A,(02) 6512 6327,jjoannow@prodly.co.invalid,Account Executive,Sales,#N/A,#N/A,#N/A,#N/A,false,#N/A,#N/A,#N/A,#N/A,false,#N/A,#N/A,false,#N/A,#N/A,#N/A,#N/A,Prodly,#N/A,#N/A,false,false,#N/A
14b822ca-24e5-4af2-bb0a-4c1fd7e163d4,f915d9d1-7758-4036-b0a1-f34676a9f27b,Tannie,Charline,#N/A,200 Elizabeth Street,Melbourne,VIC,3000,Australia,#N/A,#N/A,#N/A,200 Elizabeth Street,Melbourne,VIC,3000,Australia,#N/A,#N/A,#N/A,(03) 6468 6310,(03) 6468 6310,0420 513 560,#N/A,#N/A,(03) 6468 6310,jjoannow@prodly.co.invalid,"SVP, Operations",Operations,#N/A,#N/A,#N/A,#N/A,false,#N/A,#N/A,#N/A,#N/A,false,#N/A,#N/A,false,#N/A,#N/A,#N/A,#N/A,Prodly,#N/A,#N/A,false,false,#N/A
e721e0c7-5609-4809-b619-5b606b644361,26cf9f56-af40-4006-a72a-74def8d502ed,Earle,Sherilyn,#N/A,#N/A,#N/A,#N/A,#N/A,#N/A,#N/A,#N/A,#N/A,1701 Bryant Street,Denver,CO,80204,USA,#N/A,#N/A,#N/A,(851) 704-7552,#N/A,#N/A,#N/A,#N/A,#N/A,jjoannow@prodly.co.invalid,CEO,#N/A,#N/A,#N/A,#N/A,John Flannery is the Chairman and Chief Executive Officer of GE. Flannery is GE’s eleventh CEO and the company’s tenth Chairman.,false,#N/A,#N/A,#N/A,#N/A,false,#N/A,#N/A,false,#N/A,#N/A,#N/A,#N/A,Prodly,#N/A,#N/A,false,false,#N/A
32b0b79b-2871-4a02-b7cc-baa7ac896177,989094de-5598-4d5a-9c5f-2e1aa671f77c,Bradford,Annabal,#N/A,#N/A,#N/A,#N/A,#N/A,#N/A,#N/A,#N/A,#N/A,1 East 161st Street,Bronx,NY,10451,USA,#N/A,#N/A,#N/A,(771) 794-1127,#N/A,#N/A,#N/A,#N/A,#N/A,jjoannow@prodly.co.invalid,CEO,#N/A,#N/A,#N/A,#N/A,#N/A,false,#N/A,#N/A,#N/A,#N/A,false,#N/A,#N/A,false,#N/A,#N/A,#N/A,#N/A,Prodly,#N/A,#N/A,false,false,#N/A
bcbbc3e5-b1ab-4a5c-8d70-5a35200710d7,0b42366e-682c-4195-bfa4-2d3fcaef7c5c,Jozef,Dulcia,#N/A,#N/A,#N/A,#N/A,#N/A,#N/A,#N/A,#N/A,#N/A,#N/A,#N/A,#N/A,#N/A,#N/A,#N/A,#N/A,#N/A,(276)956-8749,#N/A,#N/A,#N/A,#N/A,#N/A,jjoannow@prodly.co.invalid,CFO,#N/A,#N/A,#N/A,#N/A,#N/A,false,#N/A,#N/A,#N/A,#N/A,false,#N/A,#N/A,false,#N/A,#N/A,#N/A,#N/A,Prodly,#N/A,#N/A,false,false,#N/A
ad9b1bfb-0a16-4f7d-bb65-41c83a4d3180,bae55ba3-ea80-48c6-b152-4ea7f82bfd53,Padget,Tawsha,#N/A,#N/A,#N/A,#N/A,#N/A,#N/A,#N/A,#N/A,#N/A,#N/A,#N/A,#N/A,#N/A,#N/A,#N/A,#N/A,#N/A,0383 7228120,#N/A,#N/A,#N/A,#N/A,#N/A,jjoannow@prodly.co.invalid,COO,#N/A,#N/A,#N/A,#N/A,#N/A,false,#N/A,#N/A,#N/A,#N/A,false,#N/A,#N/A,false,#N/A,#N/A,#N/A,#N/A,Prodly,#N/A,#N/A,false,false,#N/A
c7e48b05-8713-4e0c-b7c0-2b6d19aaadf8,b09060e7-20a3-4d9f-9123-ffb1a3dfd34a,Craggy,Claudine,#N/A,#N/A,#N/A,#N/A,#N/A,#N/A,#N/A,#N/A,#N/A,#N/A,#N/A,#N/A,#N/A,#N/A,#N/A,#N/A,#N/A,(440)475-1489,#N/A,#N/A,#N/A,#N/A,#N/A,jjoannow@prodly.co.invalid,CSO,#N/A,#N/A,#N/A,#N/A,#N/A,false,#N/A,#N/A,#N/A,#N/A,false,#N/A,#N/A,false,#N/A,#N/A,#N/A,#N/A,Prodly,#N/A,#N/A,false,false,#N/A
b884203e-4dfa-4fc1-a9aa-209d53631d6b,9e1650cb-2855-4a0d-a897-d0fc6f5cb30a,Maxie,Sile,#N/A,#N/A,#N/A,#N/A,#N/A,#N/A,#N/A,#N/A,#N/A,#N/A,#N/A,#N/A,#N/A,#N/A,#N/A,#N/A,#N/A,202-555-0109,#N/A,#N/A,#N/A,#N/A,#N/A,jjoannow@prodly.co.invalid,CSO,#N/A,#N/A,#N/A,#N/A,#N/A,false,#N/A,#N/A,#N/A,#N/A,false,#N/A,#N/A,false,#N/A,#N/A,#N/A,#N/A,Prodly,#N/A,#N/A,false,false,#N/A
65a6ce35-4702-462f-82b3-5097536b5693,186db819-ed86-469b-a20e-2ec477c643d2,Delmar,Jacquelin,#N/A,45 Spring Street,Melbourne,VIC,3000,Australia,#N/A,#N/A,#N/A,45 Spring Street,Melbourne,VIC,3000,Australia,#N/A,#N/A,#N/A,(03) 6886 8130,(03) 6886 8130,0429 757 571,#N/A,#N/A,(03) 6886 8130,jjoannow@prodly.co.invalid,Sales Engineer,Sales,#N/A,#N/A,#N/A,#N/A,false,#N/A,#N/A,#N/A,#N/A,false,#N/A,#N/A,false,#N/A,#N/A,#N/A,#N/A,Prodly,#N/A,#N/A,false,false,#N/A
ea03f57e-9b18-4d82-9a18-b765cee108df,4dffeb4d-d4f6-464c-9b57-cda36636f156,Griffie,Donia,#N/A,#N/A,#N/A,#N/A,#N/A,#N/A,#N/A,#N/A,#N/A,#N/A,#N/A,#N/A,#N/A,#N/A,#N/A,#N/A,#N/A,(725) 301-4559,#N/A,#N/A,#N/A,#N/A,#N/A,jjoannow@prodly.co.invalid,SVP Business Development,#N/A,#N/A,#N/A,#N/A,"Mr. Blackburn has served as Senior Vice President, Business Development, since April 2006. From June 2004 to April 2006, he was Vice President, Business Development, from July 2003 to June 2004, he was Vice President, European Customer Service and from November 2002 to July 2003, he was Vice President, Operations Integration.",false,#N/A,#N/A,#N/A,#N/A,false,#N/A,#N/A,false,#N/A,#N/A,#N/A,#N/A,Prodly,#N/A,#N/A,false,false,#N/A
ae3a0555-a0b6-4edb-9b20-00f22a6121f5,c9da821e-eb47-4e5f-ab4b-2d75ca27137b,Killie,Sybille,#N/A,#N/A,#N/A,#N/A,#N/A,#N/A,#N/A,#N/A,#N/A,#N/A,#N/A,#N/A,#N/A,#N/A,#N/A,#N/A,#N/A,(354) 765-5274,#N/A,#N/A,#N/A,#N/A,#N/A,jjoannow@prodly.co.invalid,CEO,#N/A,#N/A,#N/A,#N/A,"Brian Cornell is board chairman and CEO of Target Corp. He is responsible for Target’s global business, including more than 1,800 U.S. stores and Target.com, more than 320,000 team members and millions of guests.",false,#N/A,#N/A,#N/A,#N/A,false,#N/A,#N/A,false,#N/A,#N/A,#N/A,#N/A,Prodly,#N/A,#N/A,false,false,#N/A
bf07b223-1fae-4059-83bb-9b71ab9aae39,f0f01eb2-48d1-4867-a224-ac73e887e68e,Daven,Dawna,#N/A,#N/A,#N/A,#N/A,#N/A,#N/A,#N/A,#N/A,#N/A,#N/A,#N/A,#N/A,#N/A,#N/A,#N/A,#N/A,#N/A,(294) 465-2946,#N/A,#N/A,#N/A,#N/A,#N/A,jjoannow@prodly.co.invalid,"Executive Vice President, Corporate Marketing and Communications",#N/A,#N/A,#N/A,#N/A,#N/A,false,#N/A,#N/A,#N/A,#N/A,false,#N/A,#N/A,false,#N/A,#N/A,#N/A,#N/A,Prodly,#N/A,#N/A,false,false,#N/A
a001720d-cba2-43f7-88da-87fdb14f5ab9,32e8f6f3-5748-4baf-8bda-c17fff24bb87,Salem,Babita,#N/A,#N/A,#N/A,#N/A,#N/A,#N/A,#N/A,#N/A,#N/A,#N/A,#N/A,#N/A,#N/A,#N/A,#N/A,#N/A,#N/A,(952) 843-7916,#N/A,#N/A,#N/A,#N/A,#N/A,jjoannow@prodly.co.invalid,VP of Location and Local Services,#N/A,#N/A,#N/A,#N/A,#N/A,false,#N/A,#N/A,#N/A,#N/A,false,#N/A,#N/A,false,#N/A,#N/A,#N/A,#N/A,Prodly,#N/A,#N/A,false,false,#N/A
e908ded9-c109-49d0-ae41-f305c93d19cf,ea2daf27-d46a-40d5-87c8-cb727a4d6b63,Waylan,Marion,#N/A,#N/A,#N/A,#N/A,#N/A,#N/A,#N/A,#N/A,#N/A,#N/A,#N/A,#N/A,#N/A,#N/A,#N/A,#N/A,#N/A,(442)666-1797,#N/A,#N/A,#N/A,#N/A,#N/A,jjoannow@prodly.co.invalid,CTO,#N/A,#N/A,#N/A,#N/A,#N/A,false,#N/A,#N/A,#N/A,#N/A,false,#N/A,#N/A,false,#N/A,#N/A,#N/A,#N/A,Prodly,#N/A,#N/A,false,false,#N/A
9cacb8d7-f4e0-413a-a121-9a38fee16277,e5fcb320-af81-4efe-85d9-643034e2d899,Abbey,Georgetta,#N/A,#N/A,#N/A,#N/A,#N/A,#N/A,#N/A,#N/A,#N/A,#N/A,#N/A,#N/A,#N/A,#N/A,#N/A,#N/A,#N/A,011 49 69 3576 6843,#N/A,#N/A,#N/A,#N/A,#N/A,jjoannow@prodly.co.invalid,COO,#N/A,#N/A,#N/A,#N/A,#N/A,false,#N/A,#N/A,#N/A,#N/A,false,#N/A,#N/A,false,#N/A,#N/A,#N/A,#N/A,Prodly,#N/A,#N/A,false,false,#N/A
7c9311a8-1891-435c-b374-aac3aa4a5641,03c053f9-45b4-400d-8be8-da8367de09a8,Cyrille,Helena,#N/A,#N/A,#N/A,#N/A,2454,#N/A,#N/A,#N/A,#N/A,32 Railway Street,KALANG,NSW,#N/A,Australia,#N/A,#N/A,#N/A,(03) 5338 3917,#N/A,#N/A,#N/A,#N/A,#N/A,jjoannow@prodly.co.invalid,CEO,#N/A,#N/A,#N/A,#N/A,#N/A,false,#N/A,#N/A,#N/A,#N/A,false,#N/A,#N/A,false,#N/A,#N/A,#N/A,#N/A,Prodly,#N/A,#N/A,false,false,#N/A
e59236d2-b8b7-4add-8593-92ea1035ae80,dc879b26-eef5-4a42-9f54-2f6391bb5444,Jammal,Mable,#N/A,200 George Street,Sydney,NSW,2000,Australia,#N/A,#N/A,#N/A,200 George Street,Sydney,NSW,2000,Australia,#N/A,#N/A,#N/A,(02) 7635 8392,(02) 7635 8392,0421 325 348,#N/A,#N/A,(02) 7635 8392,jjoannow@prodly.co.invalid,VP of Sales,Operations,#N/A,#N/A,#N/A,#N/A,false,#N/A,#N/A,#N/A,#N/A,false,#N/A,#N/A,false,#N/A,#N/A,#N/A,#N/A,Prodly,#N/A,#N/A,false,false,#N/A
c6cd3fb7-ce7d-46d5-9da9-781042a6151a,820ddc74-222e-4f6c-86b0-c2bb1fe06fcc,Barry,Annabel,#N/A,#N/A,#N/A,#N/A,2454,#N/A,#N/A,#N/A,#N/A,26 Dalgarno Street,KALANG,NSW,#N/A,Australia,#N/A,#N/A,#N/A,(03) 5338 4017,#N/A,#N/A,#N/A,#N/A,#N/A,jjoannow@prodly.co.invalid,CFO,#N/A,#N/A,#N/A,#N/A,#N/A,false,#N/A,#N/A,#N/A,#N/A,false,#N/A,#N/A,false,#N/A,#N/A,#N/A,#N/A,Prodly,#N/A,#N/A,false,false,#N/A
2ef35082-8f19-40ef-b4f7-abcf0cf3a6c5,af8d1a59-ad75-4b1b-9818-efc4c2e19b8f,Ransell,Deerdre,#N/A,#N/A,#N/A,#N/A,#N/A,#N/A,#N/A,#N/A,#N/A,1701 Bryant Street,Denver,CO,80204,USA,#N/A,#N/A,#N/A,(115) 816-6063,#N/A,#N/A,#N/A,#N/A,#N/A,jjoannow@prodly.co.invalid,CEO,#N/A,#N/A,#N/A,#N/A,#N/A,false,#N/A,#N/A,#N/A,#N/A,false,#N/A,#N/A,false,#N/A,#N/A,#N/A,#N/A,Prodly,#N/A,#N/A,false,false,#N/A
c0f084e6-54ab-4b11-943e-e81848cc99b2,79885fd4-1421-42ea-a120-91ac20fcb953,Chalmers,Sydel,#N/A,550 Roma St,Brisbane,QLD,4000,Australia,#N/A,#N/A,#N/A,550 Roma St,Brisbane,QLD,4000,Australia,#N/A,#N/A,#N/A,(07) 7158 7469,(07) 7158 7469,0415 237 235,#N/A,#N/A,(07) 7158 7469,jjoannow@prodly.co.invalid,Director of Operations,Operations,#N/A,#N/A,#N/A,#N/A,false,#N/A,#N/A,#N/A,#N/A,false,#N/A,#N/A,false,#N/A,#N/A,#N/A,#N/A,Prodly,#N/A,#N/A,false,false,#N/A
051827b6-0164-4488-9001-2f80b725b6ac,d26c9074-769f-4dd3-b822-08762ec5f435,Kinsley,Germain,#N/A,#N/A,#N/A,#N/A,#N/A,#N/A,#N/A,#N/A,#N/A,347 Don Shula Drive,Miami Gardens,FL,33056,USA,#N/A,#N/A,#N/A,(525) 791-2741,#N/A,#N/A,#N/A,#N/A,#N/A,jjoannow@prodly.co.invalid,CFO,#N/A,#N/A,#N/A,#N/A,#N/A,false,#N/A,#N/A,#N/A,#N/A,false,#N/A,#N/A,false,#N/A,#N/A,#N/A,#N/A,Prodly,#N/A,#N/A,false,false,#N/A
759fa9b1-5c7e-4e24-bb34-d47fd621832f,4b80d5c3-49f6-48da-83f2-8ba3d7b52d80,Arnaldo,Sandye,#N/A,#N/A,#N/A,#N/A,#N/A,#N/A,#N/A,#N/A,#N/A,#N/A,#N/A,#N/A,#N/A,#N/A,#N/A,#N/A,#N/A,(633) 909-9477,#N/A,#N/A,#N/A,#N/A,#N/A,jjoannow@prodly.co.invalid,CEO,#N/A,#N/A,#N/A,#N/A,"Indra Nooyi is Chairman and Chief Executive Officer of PepsiCo. In its global food and beverage portfolio, PepsiCo has 22 brands that generate more than $1 billion each in annual retail sales. PepsiCo’s main businesses include Quaker, Tropicana, Gatorade, Frito-Lay and Pepsi-Cola.",false,#N/A,#N/A,#N/A,#N/A,false,#N/A,#N/A,false,#N/A,#N/A,#N/A,#N/A,Prodly,#N/A,#N/A,false,false,#N/A
07d1797b-3ea9-4e1d-91d6-be2bef6f530e,366f30ac-06fa-4d07-bd6a-526f628d72f9,Baron,Melanie,#N/A,#N/A,#N/A,#N/A,#N/A,#N/A,#N/A,#N/A,#N/A,#N/A,#N/A,#N/A,#N/A,#N/A,#N/A,#N/A,#N/A,(252) 525-1579,#N/A,#N/A,#N/A,#N/A,#N/A,jjoannow@prodly.co.invalid,"EVP, Ops and Technology",#N/A,#N/A,#N/A,1977-02-24,"Meg McCarthy is Executive Vice President, Operations and Technology. She is responsible for information technology, service operations and global security for Aetna. She is a member of Aetna’s Executive Committee, the senior governing body of the company, reporting directly to Aetna's Chairman and CEO Mark T. Bertolini.",false,#N/A,#N/A,#N/A,#N/A,false,#N/A,#N/A,false,#N/A,#N/A,#N/A,#N/A,Prodly,#N/A,#N/A,false,false,#N/A
10f9ae07-b3bc-4c96-960b-b11f64a59f39,51b706db-46cb-4f9e-88c2-0ff80ad8062f,Averill,Frieda,#N/A,#N/A,#N/A,#N/A,3293,#N/A,#N/A,#N/A,#N/A,32 Railway Street,GLENTHOMPSON,VIC,#N/A,Australia,#N/A,#N/A,#N/A,(03) 5338 4004,#N/A,#N/A,#N/A,#N/A,#N/A,jjoannow@prodly.co.invalid,CEO,#N/A,#N/A,#N/A,#N/A,#N/A,false,#N/A,#N/A,#N/A,#N/A,false,#N/A,#N/A,false,#N/A,#N/A,#N/A,#N/A,Prodly,#N/A,#N/A,false,false,#N/A
5ceb8193-766a-4d21-8e53-00202615fd9f,1562ae0b-10ff-48c4-aadc-8994d1e273ae,Fremont,Kevina,#N/A,#N/A,#N/A,#N/A,3293,#N/A,#N/A,#N/A,#N/A,26 Dalgarno Street,GLENTHOMPSON,VIC,#N/A,Australia,#N/A,#N/A,#N/A,(03) 5338 3975,#N/A,#N/A,#N/A,#N/A,#N/A,jjoannow@prodly.co.invalid,CFO,#N/A,#N/A,#N/A,#N/A,#N/A,false,#N/A,#N/A,#N/A,#N/A,false,#N/A,#N/A,false,#N/A,#N/A,#N/A,#N/A,Prodly,#N/A,#N/A,false,false,#N/A
71515784-643c-47b9-8169-7eafc6c984a9,ec1db4a3-33fa-446f-a7aa-4dfca9d8017d,Wyndham,Robinett,#N/A,#N/A,#N/A,#N/A,#N/A,#N/A,#N/A,#N/A,#N/A,#N/A,#N/A,#N/A,#N/A,#N/A,#N/A,#N/A,#N/A,011 49 69 3576 6843,#N/A,#N/A,#N/A,#N/A,#N/A,jjoannow@prodly.co.invalid,COO,#N/A,#N/A,#N/A,#N/A,#N/A,false,#N/A,#N/A,#N/A,#N/A,false,#N/A,#N/A,false,#N/A,#N/A,#N/A,#N/A,Prodly,#N/A,#N/A,false,false,#N/A
fd7e55db-a2e6-4a8e-95c3-a2765ee59b01,d76c61e6-6647-4252-942f-1e9ad16b1557,Zachary,Libby,#N/A,#N/A,#N/A,#N/A,#N/A,#N/A,#N/A,#N/A,#N/A,#N/A,#N/A,#N/A,#N/A,#N/A,#N/A,#N/A,#N/A,+33 0 1 42 14 20 00,#N/A,#N/A,#N/A,#N/A,#N/A,jjoannow@prodly.co.invalid,COO,#N/A,#N/A,#N/A,#N/A,#N/A,false,#N/A,#N/A,#N/A,#N/A,false,#N/A,#N/A,false,#N/A,#N/A,#N/A,#N/A,Prodly,#N/A,#N/A,false,false,#N/A
62164088-7916-47c3-aeca-92dfa3628d81,e2705254-9a30-42a3-ac3d-f0403ba3e71d,Isacco,Kayley,#N/A,#N/A,#N/A,#N/A,#N/A,#N/A,#N/A,#N/A,#N/A,4 Yawkey Way,Boston,MA,2215,USA,#N/A,#N/A,#N/A,(996) 657-2283,#N/A,#N/A,#N/A,#N/A,#N/A,jjoannow@prodly.co.invalid,Head of Operations & Technology,#N/A,#N/A,#N/A,#N/A,"Mr. Callahan manages global Operations & Technology at Citi. He is the Executive Chair of the Chief Information Officer Council, which sets global standards for all technology throughout Citi, and leads the Digital Governance Office, which drives digital transformation across Citi's businesses. Mr. Callahan is also responsible for developing and implementing Citi's global information security strategy.",false,#N/A,#N/A,#N/A,#N/A,false,#N/A,#N/A,false,#N/A,#N/A,#N/A,#N/A,Prodly,#N/A,#N/A,false,false,#N/A
65ff1fd9-6aa9-44d9-9d3f-eeef2a84ddc0,ec1db4a3-33fa-446f-a7aa-4dfca9d8017d,Franklin,Heidie,#N/A,#N/A,#N/A,#N/A,#N/A,#N/A,#N/A,#N/A,#N/A,97 Gordon Terrace,BARTON BENDISH,#N/A,PE33 1YD,UK,#N/A,#N/A,#N/A,070 4352 5277,#N/A,#N/A,#N/A,#N/A,#N/A,jjoannow@prodly.co.invalid,CFO,#N/A,#N/A,#N/A,#N/A,#N/A,false,#N/A,#N/A,#N/A,#N/A,false,#N/A,#N/A,false,#N/A,#N/A,#N/A,#N/A,Prodly,#N/A,#N/A,false,false,#N/A
ee3f518c-f27e-4f58-8bba-04f1f87ca619,2182431b-7cbf-4d9d-87b9-169fc129c224,Torrance,Romy,#N/A,#N/A,Lafayette,#N/A,#N/A,#N/A,#N/A,#N/A,#N/A,0526 Hauk Plaza,#N/A,IN,47905,USA,#N/A,#N/A,#N/A,#N/A,#N/A,#N/A,#N/A,#N/A,#N/A,jjoannow@prodly.co.invalid,#N/A,#N/A,#N/A,#N/A,#N/A,#N/A,false,#N/A,#N/A,#N/A,#N/A,false,#N/A,#N/A,false,#N/A,#N/A,#N/A,#N/A,Prodly,#N/A,#N/A,false,false,#N/A
634410ba-c9e7-418f-be8a-9d89541e7ecf,d76c61e6-6647-4252-942f-1e9ad16b1557,Jasper,Susanna,#N/A,#N/A,#N/A,#N/A,#N/A,#N/A,#N/A,#N/A,#N/A,#N/A,#N/A,#N/A,#N/A,#N/A,#N/A,#N/A,#N/A,+33 0 1 42 14 20 00,#N/A,#N/A,#N/A,#N/A,#N/A,jjoannow@prodly.co.invalid,CIO,#N/A,#N/A,#N/A,#N/A,#N/A,false,#N/A,#N/A,#N/A,#N/A,false,#N/A,#N/A,false,#N/A,#N/A,#N/A,#N/A,Prodly,#N/A,#N/A,false,false,#N/A
765ebdfe-8087-4566-af9c-02e40fa13cd0,366f30ac-06fa-4d07-bd6a-526f628d72f9,Field,Jeniffer,#N/A,#N/A,#N/A,#N/A,#N/A,#N/A,#N/A,#N/A,#N/A,#N/A,#N/A,#N/A,#N/A,#N/A,#N/A,#N/A,#N/A,(269) 958-7479,#N/A,#N/A,#N/A,#N/A,#N/A,jjoannow@prodly.co.invalid,CEO,#N/A,#N/A,#N/A,1978-02-24,"Mark T. Bertolini is Chairman and Chief Executive Officer of Aetna, a Fortune 50 diversified health care benefits company with over $60 billion in 2015 revenue. Aetna serves an estimated 46.5 million people with information and resources to help them make better informed decisions about their health care and has operations in North America, Asia, Europe and the Middle East. Mr. Bertolini assumed the role of CEO on November 29, 2010 and of Chairman on April 8, 2011.",false,#N/A,#N/A,#N/A,#N/A,false,#N/A,#N/A,false,#N/A,#N/A,#N/A,#N/A,Prodly,#N/A,#N/A,false,false,#N/A
334f51c1-46d6-4e79-9a44-4ffd06a6e21d,484d572f-f176-4951-8005-44fc815f8edf,Archy,Noemi,#N/A,#N/A,#N/A,#N/A,#N/A,#N/A,#N/A,#N/A,#N/A,#N/A,#N/A,#N/A,#N/A,#N/A,#N/A,#N/A,#N/A,(402)952-5053,#N/A,#N/A,#N/A,#N/A,#N/A,jjoannow@prodly.co.invalid,CSO,#N/A,#N/A,#N/A,#N/A,#N/A,false,#N/A,#N/A,#N/A,#N/A,false,#N/A,#N/A,false,#N/A,#N/A,#N/A,#N/A,Prodly,#N/A,#N/A,false,false,#N/A
a0ceac46-22c6-469e-90a2-86e48c66b15c,821fe8c7-12dc-44e2-86e9-f621f3088d0b,Reuben,Lina,#N/A,#N/A,#N/A,#N/A,#N/A,#N/A,#N/A,#N/A,#N/A,#N/A,#N/A,#N/A,#N/A,#N/A,#N/A,#N/A,#N/A,(312)659-4515,#N/A,#N/A,#N/A,#N/A,#N/A,jjoannow@prodly.co.invalid,CTO,#N/A,#N/A,#N/A,#N/A,#N/A,false,#N/A,#N/A,#N/A,#N/A,false,#N/A,#N/A,false,#N/A,#N/A,#N/A,#N/A,Prodly,#N/A,#N/A,false,false,#N/A
fd4a8780-c12a-4908-bbb0-690375a195e8,1f0ebca3-5492-47f2-a61e-8a8f0bf1ee82,Sterling,Louisa,#N/A,#N/A,#N/A,#N/A,#N/A,#N/A,#N/A,#N/A,#N/A,14 Ross Road,Marple,#N/A,SK6 4HJ,UK,#N/A,#N/A,#N/A,078 0017 4455,#N/A,#N/A,#N/A,#N/A,#N/A,jjoannow@prodly.co.invalid,CEO,#N/A,#N/A,#N/A,#N/A,#N/A,false,#N/A,#N/A,#N/A,#N/A,false,#N/A,#N/A,false,#N/A,#N/A,#N/A,#N/A,Prodly,#N/A,#N/A,false,false,#N/A
16a33a21-8880-424f-8d1a-749d3331f0f6,d731c096-ead3-472a-a729-b3b396f91530,Osborn,Aigneis,#N/A,#N/A,#N/A,#N/A,#N/A,#N/A,#N/A,#N/A,#N/A,97 Gordon Terrace,BARTON BENDISH,#N/A,PE33 1YD,UK,#N/A,#N/A,#N/A,81 6365 8742,#N/A,#N/A,#N/A,#N/A,#N/A,jjoannow@prodly.co.invalid,CFO,#N/A,#N/A,#N/A,#N/A,#N/A,false,#N/A,#N/A,#N/A,#N/A,false,#N/A,#N/A,false,#N/A,#N/A,#N/A,#N/A,Prodly,#N/A,#N/A,false,false,#N/A
7dc6233d-d2b3-4de4-a548-892e42c6930e,51b706db-46cb-4f9e-88c2-0ff80ad8062f,Sawyere,Dorita,#N/A,3/33 Elphin Gr,Hawthorn,VIC,3122,Australia,#N/A,#N/A,#N/A,3/33 Elphin Gr,Hawthorn,VIC,3122,Australia,#N/A,#N/A,#N/A,(03) 7532 7153,(03) 7532 7153,0411 877 438,#N/A,#N/A,(03) 7532 7153,jjoannow@prodly.co.invalid,Sales Executive,Sales,#N/A,#N/A,#N/A,#N/A,false,#N/A,#N/A,#N/A,#N/A,false,#N/A,#N/A,false,#N/A,#N/A,#N/A,#N/A,Prodly,#N/A,#N/A,false,false,#N/A
21fc55c1-9ba4-44ee-b269-dd4f56b4de87,838737cb-ca38-4df7-892f-df722e0f1e7b,Cletis,Adelind,#N/A,#N/A,#N/A,#N/A,#N/A,#N/A,#N/A,#N/A,#N/A,#N/A,#N/A,#N/A,#N/A,#N/A,#N/A,#N/A,#N/A,011 49 69 3576 6843,#N/A,#N/A,#N/A,#N/A,#N/A,jjoannow@prodly.co.invalid,COO,#N/A,#N/A,#N/A,#N/A,#N/A,false,#N/A,#N/A,#N/A,#N/A,false,#N/A,#N/A,false,#N/A,#N/A,#N/A,#N/A,Prodly,#N/A,#N/A,false,false,#N/A
7bbe81be-e27e-42ec-8455-9823bebc125d,eb8cb615-f1be-41cb-8293-0a1b08473ad4,Darb,Milena,#N/A,#N/A,#N/A,#N/A,#N/A,#N/A,#N/A,#N/A,#N/A,#N/A,#N/A,#N/A,#N/A,#N/A,#N/A,#N/A,#N/A,(402)952-5051,#N/A,#N/A,#N/A,#N/A,#N/A,jjoannow@prodly.co.invalid,CTO,#N/A,#N/A,#N/A,#N/A,#N/A,false,#N/A,#N/A,#N/A,#N/A,false,#N/A,#N/A,false,#N/A,#N/A,#N/A,#N/A,Prodly,#N/A,#N/A,false,false,#N/A
f79565ea-1d83-46cc-b943-56b21ddbfe08,d76c61e6-6647-4252-942f-1e9ad16b1557,Quent,Pennie,#N/A,#N/A,#N/A,#N/A,#N/A,#N/A,#N/A,#N/A,#N/A,97 Gordon Terrace,BARTON BENDISH,#N/A,PE33 1YD,UK,#N/A,#N/A,#N/A,070 4352 5277,#N/A,#N/A,#N/A,#N/A,#N/A,jjoannow@prodly.co.invalid,CFO,#N/A,#N/A,#N/A,#N/A,#N/A,false,#N/A,#N/A,#N/A,#N/A,false,#N/A,#N/A,false,#N/A,#N/A,#N/A,#N/A,Prodly,#N/A,#N/A,false,false,#N/A
3e2caaca-f374-449e-90f0-80c528d5e076,4a0f32f7-4233-45a1-94bd-75faf566aa17,Port,Hermia,#N/A,#N/A,#N/A,#N/A,2454,#N/A,#N/A,#N/A,#N/A,32 Railway Street,KALANG,NSW,#N/A,Australia,#N/A,#N/A,#N/A,(03) 5338 4070,#N/A,#N/A,#N/A,#N/A,#N/A,jjoannow@prodly.co.invalid,CEO,#N/A,#N/A,#N/A,#N/A,#N/A,false,#N/A,#N/A,#N/A,#N/A,false,#N/A,#N/A,false,#N/A,#N/A,#N/A,#N/A,Prodly,#N/A,#N/A,false,false,#N/A
ae220460-bad3-4063-a385-388ae9fdf5f3,01d60599-0870-4bce-a802-e1079d380e84,Winfred,Goldina,#N/A,#N/A,#N/A,#N/A,#N/A,#N/A,#N/A,#N/A,#N/A,#N/A,#N/A,#N/A,#N/A,#N/A,#N/A,#N/A,#N/A,(670) 157-3760,#N/A,#N/A,#N/A,#N/A,#N/A,jjoannow@prodly.co.invalid,CEO,#N/A,#N/A,#N/A,1977-01-24,"Greg Garland is chairman and CEO of Phillips 66, a diversified energy manufacturing and logistics company. A chemical engineer, Garland has more than 30 years of industry experience in technical and executive leadership positions within the oil and natural gas and chemicals industries.",false,#N/A,#N/A,#N/A,#N/A,false,#N/A,#N/A,false,#N/A,#N/A,#N/A,#N/A,Prodly,#N/A,#N/A,false,false,#N/A
f7750c59-636d-4c6d-960a-eecec810a899,aea1a190-3b67-4e0a-bcf5-dce0be26dc43,Georas,Kary,#N/A,#N/A,#N/A,#N/A,2347,#N/A,#N/A,#N/A,#N/A,32 Railway Street,CARODA,NSW,#N/A,Australia,#N/A,#N/A,#N/A,(03) 5338 3968,#N/A,#N/A,#N/A,#N/A,#N/A,jjoannow@prodly.co.invalid,CEO,#N/A,#N/A,#N/A,#N/A,#N/A,false,#N/A,#N/A,#N/A,#N/A,false,#N/A,#N/A,false,#N/A,#N/A,#N/A,#N/A,Prodly,#N/A,#N/A,false,false,#N/A
1586088e-36ae-41a2-a1b9-64b87c3e7c99,194a8c6e-181d-40bb-84ff-36775a792b3d,Louie,Tobe,#N/A,#N/A,#N/A,#N/A,#N/A,#N/A,#N/A,#N/A,#N/A,#N/A,#N/A,#N/A,#N/A,#N/A,#N/A,#N/A,#N/A,(992) 260-4932,#N/A,#N/A,#N/A,#N/A,#N/A,jjoannow@prodly.co.invalid,"Chairman, President and Chief Executive Office",#N/A,#N/A,#N/A,#N/A,#N/A,false,#N/A,#N/A,#N/A,#N/A,false,#N/A,#N/A,false,#N/A,#N/A,#N/A,#N/A,Prodly,#N/A,#N/A,false,false,#N/A
996a72cc-cabb-4a81-bfe7-8dd99840b4a5,03c053f9-45b4-400d-8be8-da8367de09a8,Kristofer,Livvy,#N/A,#N/A,#N/A,#N/A,3293,#N/A,#N/A,#N/A,#N/A,88 Bailey Street,GLENTHOMPSON,VIC,#N/A,Australia,#N/A,#N/A,#N/A,(03) 5338 3916,#N/A,#N/A,#N/A,#N/A,#N/A,jjoannow@prodly.co.invalid,SVP,#N/A,#N/A,#N/A,#N/A,#N/A,false,#N/A,#N/A,#N/A,#N/A,false,#N/A,#N/A,false,#N/A,#N/A,#N/A,#N/A,Prodly,#N/A,#N/A,false,false,#N/A
f0265283-b413-4b94-8e72-a281126f8551,39ca738a-3930-4a69-a083-9baebe0bd47e,Teodorico,Odele,#N/A,#N/A,#N/A,#N/A,3293,#N/A,#N/A,#N/A,#N/A,26 Dalgarno Street,GLENTHOMPSON,VIC,#N/A,Australia,#N/A,#N/A,#N/A,(03) 5338 3933,#N/A,#N/A,#N/A,#N/A,#N/A,jjoannow@prodly.co.invalid,CFO,#N/A,#N/A,#N/A,#N/A,#N/A,false,#N/A,#N/A,#N/A,#N/A,false,#N/A,#N/A,false,#N/A,#N/A,#N/A,#N/A,Prodly,#N/A,#N/A,false,false,#N/A
c1ecafb0-c926-4d68-9ba3-deb6d02d3cc8,37afb168-f0e8-423a-a651-bf9649ca6220,Garold,Cymbre,#N/A,#N/A,#N/A,#N/A,#N/A,#N/A,#N/A,#N/A,#N/A,#N/A,#N/A,#N/A,#N/A,#N/A,#N/A,#N/A,#N/A,(319)461-4463,#N/A,#N/A,#N/A,#N/A,#N/A,jjoannow@prodly.co.invalid,COO,#N/A,#N/A,#N/A,#N/A,#N/A,false,#N/A,#N/A,#N/A,#N/A,false,#N/A,#N/A,false,#N/A,#N/A,#N/A,#N/A,Prodly,#N/A,#N/A,false,false,#N/A
7d4b0ba7-1264-4ae6-a656-3475bab05635,83dc89fc-8868-49a6-8638-db4d191b4c50,Wilton,Janessa,#N/A,#N/A,#N/A,#N/A,#N/A,#N/A,#N/A,#N/A,#N/A,97 Gordon Terrace,BARTON BENDISH,#N/A,PE33 1YD,UK,#N/A,#N/A,#N/A,79 4352 5277,#N/A,#N/A,#N/A,#N/A,#N/A,jjoannow@prodly.co.invalid,CFO,#N/A,#N/A,#N/A,#N/A,#N/A,false,#N/A,#N/A,#N/A,#N/A,false,#N/A,#N/A,false,#N/A,#N/A,#N/A,#N/A,Prodly,#N/A,#N/A,false,false,#N/A
cf6b844c-69c0-43c4-98ad-7682029632b9,4b80d5c3-49f6-48da-83f2-8ba3d7b52d80,Elmore,Elvira,#N/A,#N/A,#N/A,#N/A,#N/A,#N/A,#N/A,#N/A,#N/A,#N/A,#N/A,#N/A,#N/A,#N/A,#N/A,#N/A,#N/A,202-555-0109,#N/A,#N/A,#N/A,#N/A,#N/A,jjoannow@prodly.co.invalid,CTO,#N/A,#N/A,#N/A,#N/A,#N/A,false,#N/A,#N/A,#N/A,#N/A,false,#N/A,#N/A,false,#N/A,#N/A,#N/A,#N/A,Prodly,#N/A,#N/A,false,false,#N/A
9c99ba5b-3e7b-4b4b-9315-57067b8fe0fc,4adaaf8f-2211-4fde-a9f3-90aa2beda6b2,Stan,Robbie,#N/A,#N/A,#N/A,#N/A,2347,#N/A,#N/A,#N/A,#N/A,32 Railway Street,CARODA,NSW,#N/A,Australia,#N/A,#N/A,#N/A,(03) 5338 3959,#N/A,#N/A,#N/A,#N/A,#N/A,jjoannow@prodly.co.invalid,CEO,#N/A,#N/A,#N/A,#N/A,#N/A,false,#N/A,#N/A,#N/A,#N/A,false,#N/A,#N/A,false,#N/A,#N/A,#N/A,#N/A,Prodly,#N/A,#N/A,false,false,#N/A
8f48abba-4001-4941-91a8-611ff648c3a3,1c9016e4-816b-4e62-a1b0-c1f5c8fa1188,Graehme,Elita,#N/A,#N/A,#N/A,#N/A,#N/A,#N/A,#N/A,#N/A,#N/A,1265 Lombardi Avenue,Green Bay,WI,54304,USA,#N/A,#N/A,#N/A,(119) 165-0834,#N/A,#N/A,#N/A,#N/A,#N/A,jjoannow@prodly.co.invalid,EVP and General Counsel,#N/A,#N/A,#N/A,#N/A,"Previously, Donofrio was vice president, secretary and general counsel of Mars, Incorporated. Prior to Mars, Donofrio held the general counsel and secretary role at the Shaw Group, Inc. and Visteon Inc.",false,#N/A,#N/A,#N/A,#N/A,false,#N/A,#N/A,false,#N/A,#N/A,#N/A,#N/A,Prodly,#N/A,#N/A,false,false,#N/A
608b8b26-12be-47eb-a8ef-006c7cf1ba56,bae55ba3-ea80-48c6-b152-4ea7f82bfd53,Farly,Ingeborg,#N/A,#N/A,#N/A,#N/A,#N/A,#N/A,#N/A,#N/A,#N/A,#N/A,#N/A,#N/A,#N/A,#N/A,#N/A,#N/A,#N/A,0383 7228120,#N/A,#N/A,#N/A,#N/A,#N/A,jjoannow@prodly.co.invalid,"Vice President, IT",#N/A,#N/A,#N/A,#N/A,#N/A,false,#N/A,#N/A,#N/A,#N/A,false,#N/A,#N/A,false,#N/A,#N/A,#N/A,#N/A,Prodly,#N/A,#N/A,false,false,#N/A
d1ba58b7-c643-4c0e-8431-5e05427a2e86,2a22faa3-d4ca-4f26-9f87-5bc6f4d5603a,Sid,Florance,#N/A,#N/A,#N/A,#N/A,2347,#N/A,#N/A,#N/A,#N/A,32 Railway Street,CARODA,NSW,#N/A,Australia,#N/A,#N/A,#N/A,(03) 5338 3953,#N/A,#N/A,#N/A,#N/A,#N/A,jjoannow@prodly.co.invalid,CEO,#N/A,#N/A,#N/A,#N/A,#N/A,false,#N/A,#N/A,#N/A,#N/A,false,#N/A,#N/A,false,#N/A,#N/A,#N/A,#N/A,Prodly,#N/A,#N/A,false,false,#N/A
d0b60cde-b16c-40d7-9365-62b554653686,ad4efe8f-969d-45a6-8367-92d37737206b,Dav,Bridget,#N/A,#N/A,#N/A,#N/A,#N/A,#N/A,#N/A,#N/A,#N/A,39 Crown Street,London,#N/A,SW6 0EP,UK,#N/A,#N/A,#N/A,077 6365 8742,#N/A,#N/A,#N/A,#N/A,#N/A,jjoannow@prodly.co.invalid,SVP,#N/A,#N/A,#N/A,#N/A,#N/A,false,#N/A,#N/A,#N/A,#N/A,false,#N/A,#N/A,false,#N/A,#N/A,#N/A,#N/A,Prodly,#N/A,#N/A,false,false,#N/A
abee66a2-e08a-4223-b328-aa8c3563d332,78c2ed00-4bd4-4843-8916-53c1b65e17b8,Galen,Sal,#N/A,#N/A,#N/A,#N/A,3293,#N/A,#N/A,#N/A,#N/A,32 Railway Street,GLENTHOMPSON,VIC,#N/A,Australia,#N/A,#N/A,#N/A,(03) 5338 3998,#N/A,#N/A,#N/A,#N/A,#N/A,jjoannow@prodly.co.invalid,CEO,#N/A,#N/A,#N/A,#N/A,#N/A,false,#N/A,#N/A,#N/A,#N/A,false,#N/A,#N/A,false,#N/A,#N/A,#N/A,#N/A,Prodly,#N/A,#N/A,false,false,#N/A
5d4112a3-7a8c-4ed1-ab92-14879671d240,665a4387-ede2-4ce4-a726-000ff3d2d922,Delaney,Jaclyn,#N/A,#N/A,#N/A,#N/A,#N/A,#N/A,#N/A,#N/A,#N/A,#N/A,#N/A,#N/A,#N/A,#N/A,#N/A,#N/A,#N/A,011 49 69 3576 6843,#N/A,#N/A,#N/A,#N/A,#N/A,jjoannow@prodly.co.invalid,COO,#N/A,#N/A,#N/A,#N/A,#N/A,false,#N/A,#N/A,#N/A,#N/A,false,#N/A,#N/A,false,#N/A,#N/A,#N/A,#N/A,Prodly,#N/A,#N/A,false,false,#N/A
91ec21cc-06fe-4ba7-9d8e-e46f7a2e5a86,03c053f9-45b4-400d-8be8-da8367de09a8,Neall,Maurine,#N/A,390 Harris Street,Sydney,NSW,2007,Australia,#N/A,#N/A,#N/A,390 Harris Street,Sydney,NSW,2007,Australia,#N/A,#N/A,#N/A,(02) 7053 8872,(02) 7053 8872,0411 779 548,#N/A,#N/A,(02) 7053 8872,jjoannow@prodly.co.invalid,Owner,CEO,#N/A,#N/A,#N/A,#N/A,false,#N/A,#N/A,#N/A,#N/A,false,#N/A,#N/A,false,#N/A,#N/A,#N/A,#N/A,Prodly,#N/A,#N/A,false,false,#N/A
75077b23-3353-4763-bf27-f8e0a33b8253,cb72bdda-b101-4835-9161-3bf06bf82742,Vick,Arluene,#N/A,#N/A,#N/A,#N/A,#N/A,#N/A,#N/A,#N/A,#N/A,#N/A,#N/A,#N/A,#N/A,#N/A,#N/A,#N/A,#N/A,(188) 998-6561,#N/A,#N/A,#N/A,#N/A,#N/A,jjoannow@prodly.co.invalid,"CEO, President",#N/A,#N/A,#N/A,#N/A,#N/A,false,#N/A,#N/A,#N/A,#N/A,false,#N/A,#N/A,false,#N/A,#N/A,#N/A,#N/A,Prodly,#N/A,#N/A,false,false,#N/A
1b2922bf-39b3-42a2-83d9-f186b41044df,710c9f92-3efe-4fc6-86b7-3878e44ac4a0,Bartlett,Janey,#N/A,#N/A,#N/A,#N/A,#N/A,#N/A,#N/A,#N/A,#N/A,#N/A,#N/A,#N/A,#N/A,#N/A,#N/A,#N/A,#N/A,(703) 436-5541,#N/A,#N/A,#N/A,#N/A,#N/A,jjoannow@prodly.co.invalid,"Senior Vice President, Customer Service Delivery",#N/A,#N/A,#N/A,#N/A,#N/A,false,#N/A,#N/A,#N/A,#N/A,false,#N/A,#N/A,false,#N/A,#N/A,#N/A,#N/A,Prodly,#N/A,#N/A,false,false,#N/A
9df65994-1d82-48b3-ad25-24bbf0913d98,4157c4c6-359f-4857-a192-02e23ac60ba1,Otho,Pru,#N/A,#N/A,Danbury,#N/A,#N/A,#N/A,#N/A,#N/A,#N/A,5898 Superior Street,#N/A,CT,6816,USA,#N/A,#N/A,#N/A,#N/A,#N/A,#N/A,#N/A,#N/A,#N/A,jjoannow@prodly.co.invalid,#N/A,#N/A,#N/A,#N/A,#N/A,#N/A,false,#N/A,#N/A,#N/A,#N/A,false,#N/A,#N/A,false,#N/A,#N/A,#N/A,#N/A,Prodly,#N/A,#N/A,false,false,#N/A
6bc7739d-3ac7-4cf9-90e1-1c501c550773,186db819-ed86-469b-a20e-2ec477c643d2,Smith,Drusie,#N/A,57 Clifton Dr,Bacchus Marsh,VIC,3340,Australia,#N/A,#N/A,#N/A,57 Clifton Dr,Bacchus Marsh,VIC,3340,Australia,#N/A,#N/A,#N/A,(03) 6382 7548,(03) 6382 7548,0428 509 465,#N/A,#N/A,(03) 6382 7548,jjoannow@prodly.co.invalid,"EVP, Business Development",Business Development,#N/A,#N/A,#N/A,#N/A,false,#N/A,#N/A,#N/A,#N/A,false,#N/A,#N/A,false,#N/A,#N/A,#N/A,#N/A,Prodly,#N/A,#N/A,false,false,#N/A
fc44feb1-0542-453b-96b6-46acff62428f,67426f85-bf8c-4abf-b75e-2c60defdf66c,Garrick,Mellicent,#N/A,#N/A,#N/A,#N/A,2454,#N/A,#N/A,#N/A,#N/A,26 Dalgarno Street,KALANG,NSW,#N/A,Australia,#N/A,#N/A,#N/A,(03) 5338 4014,#N/A,#N/A,#N/A,#N/A,#N/A,jjoannow@prodly.co.invalid,CFO,#N/A,#N/A,#N/A,#N/A,#N/A,false,#N/A,#N/A,#N/A,#N/A,false,#N/A,#N/A,false,#N/A,#N/A,#N/A,#N/A,Prodly,#N/A,#N/A,false,false,#N/A
58296ae2-e627-4b04-aae5-2efa9ab01b65,9e1650cb-2855-4a0d-a897-d0fc6f5cb30a,Christian,Carlin,#N/A,#N/A,#N/A,#N/A,#N/A,#N/A,#N/A,#N/A,#N/A,100 Alfred Lerner Way,Cleveland,OH,44114,USA,#N/A,#N/A,#N/A,(189) 239-7731,#N/A,#N/A,#N/A,#N/A,#N/A,jjoannow@prodly.co.invalid,CEO,#N/A,#N/A,#N/A,#N/A,"Dion Weisler is the President and CEO of HP Inc., a global leader in innovative personal computing devices, printers, 3D printing, and related services and solutions. A Fortune 100 company with operations in more than 170 countries, HP Inc. is focused on creating technology that makes life better for everyone, everywhere, while championing diversity, sustainability, and corporate responsibility in every community where it does business.",false,#N/A,#N/A,#N/A,#N/A,false,#N/A,#N/A,false,#N/A,#N/A,#N/A,#N/A,Prodly,#N/A,#N/A,false,false,#N/A
9aa59676-c1d9-49e2-b91c-ae5b469a088d,d8b37903-170a-46f1-a891-24eb1dafc178,Madison,Hannis,#N/A,#N/A,#N/A,#N/A,#N/A,#N/A,#N/A,#N/A,#N/A,#N/A,#N/A,#N/A,#N/A,#N/A,#N/A,#N/A,#N/A,(107) 453-3705,#N/A,#N/A,#N/A,#N/A,#N/A,jjoannow@prodly.co.invalid,VP and General Counsel,#N/A,#N/A,#N/A,#N/A,"R. Hewitt Pate, 55, is vice president and general counsel for Chevron Corporation, a position he has held since 2009. As Chevron's chief legal officer, Pate directs the company’s worldwide legal affairs and serves on the company’s Executive Committee.",false,#N/A,#N/A,#N/A,#N/A,false,#N/A,#N/A,false,#N/A,#N/A,#N/A,#N/A,Prodly,#N/A,#N/A,false,false,#N/A
20eb1cc6-0a72-461e-99a3-9fbcb2bcbb4d,d023f5b9-1c83-466d-b922-630f7ec2dceb,Waylin,Aleece,#N/A,#N/A,#N/A,#N/A,3293,#N/A,#N/A,#N/A,#N/A,32 Railway Street,GLENTHOMPSON,VIC,#N/A,Australia,#N/A,#N/A,#N/A,(03) 5338 3995,#N/A,#N/A,#N/A,#N/A,#N/A,jjoannow@prodly.co.invalid,CEO,#N/A,#N/A,#N/A,#N/A,#N/A,false,#N/A,#N/A,#N/A,#N/A,false,#N/A,#N/A,false,#N/A,#N/A,#N/A,#N/A,Prodly,#N/A,#N/A,false,false,#N/A
104e9d84-3294-4776-aa78-ac12c492f9c7,a0f757d5-43be-4aa2-955d-23e04ae22f35,Tedd,Maris,#N/A,50 Kerra Way,Docklands,VIC,3008,Australia,#N/A,#N/A,#N/A,50 Kerra Way,Docklands,VIC,3008,Australia,#N/A,#N/A,#N/A,(03) 7800 6035,(03) 7800 6035,0415 794 494,#N/A,#N/A,(03) 7800 6035,jjoannow@prodly.co.invalid,Senior VP of Strategy,Operations,#N/A,#N/A,#N/A,#N/A,false,#N/A,#N/A,#N/A,#N/A,false,#N/A,#N/A,false,#N/A,#N/A,#N/A,#N/A,Prodly,#N/A,#N/A,false,false,#N/A
db590221-4e3c-4c74-8e9e-a21eaa262f00,79885fd4-1421-42ea-a120-91ac20fcb953,Thedric,Margie,#N/A,10 Wingfield St,Annerley,QLD,4103,Australia,#N/A,#N/A,#N/A,10 Wingfield St,Annerley,QLD,4103,Australia,#N/A,#N/A,#N/A,(07) 6810 8117,(07) 6810 8117,0418 861 707,#N/A,#N/A,(07) 6810 8117,jjoannow@prodly.co.invalid,Owner,CEO,#N/A,#N/A,#N/A,#N/A,false,#N/A,#N/A,#N/A,#N/A,false,#N/A,#N/A,false,#N/A,#N/A,#N/A,#N/A,Prodly,#N/A,#N/A,false,false,#N/A
606c37ec-bb51-4266-8314-69130ea25381,f0f01eb2-48d1-4867-a224-ac73e887e68e,Tremaine,Flory,#N/A,#N/A,#N/A,#N/A,#N/A,#N/A,#N/A,#N/A,#N/A,#N/A,#N/A,#N/A,#N/A,#N/A,#N/A,#N/A,#N/A,(614)472-2797,#N/A,#N/A,#N/A,#N/A,#N/A,jjoannow@prodly.co.invalid,CSO,#N/A,#N/A,#N/A,#N/A,#N/A,false,#N/A,#N/A,#N/A,#N/A,false,#N/A,#N/A,false,#N/A,#N/A,#N/A,#N/A,Prodly,#N/A,#N/A,false,false,#N/A
a939cb35-70c9-41df-9075-62dda91533f7,7d260df7-02d6-4d22-8aef-ba7349f852ae,Albrecht,Aleta,#N/A,57 Clifton Dr,Bacchus Marsh,VIC,3340,Australia,#N/A,#N/A,#N/A,57 Clifton Dr,Bacchus Marsh,VIC,3340,Australia,#N/A,#N/A,#N/A,(03) 7477 8930,(03) 7477 8930,0410 422 237,#N/A,#N/A,(03) 7477 8930,jjoannow@prodly.co.invalid,CFO,Finance,#N/A,#N/A,#N/A,#N/A,false,#N/A,#N/A,#N/A,#N/A,false,#N/A,#N/A,false,#N/A,#N/A,#N/A,#N/A,Prodly,#N/A,#N/A,false,false,#N/A
07e26fab-25df-466d-8943-aa1828d475d3,3ece893c-ab24-42eb-a466-e7fc2e4faee5,Ban,Janene,#N/A,#N/A,#N/A,#N/A,#N/A,#N/A,#N/A,#N/A,#N/A,#N/A,#N/A,#N/A,#N/A,#N/A,#N/A,#N/A,#N/A,(589) 505-2861,#N/A,#N/A,#N/A,#N/A,#N/A,jjoannow@prodly.co.invalid,COO,#N/A,#N/A,#N/A,#N/A,#N/A,false,#N/A,#N/A,#N/A,#N/A,false,#N/A,#N/A,false,#N/A,#N/A,#N/A,#N/A,Prodly,#N/A,#N/A,false,false,#N/A
cfa44332-b70c-443f-935c-ce5ab8e23800,665a4387-ede2-4ce4-a726-000ff3d2d922,Erick,Wynn,#N/A,#N/A,#N/A,#N/A,#N/A,#N/A,#N/A,#N/A,#N/A,14 Ross Road,Marple,#N/A,SK6 4HJ,UK,#N/A,#N/A,#N/A,80 0017 4455,#N/A,#N/A,#N/A,#N/A,#N/A,jjoannow@prodly.co.invalid,CEO,#N/A,#N/A,#N/A,#N/A,#N/A,false,#N/A,#N/A,#N/A,#N/A,false,#N/A,#N/A,false,#N/A,#N/A,#N/A,#N/A,Prodly,#N/A,#N/A,false,false,#N/A
b639635d-ebca-47a3-87ed-11dfc9c54057,9012b860-a22c-4bc3-8153-993c20d04218,Alva,Mabel,#N/A,348 St Kilda Road,Melbourne,VIC,3004,Australia,#N/A,#N/A,#N/A,348 St Kilda Road,Melbourne,VIC,3004,Australia,#N/A,#N/A,#N/A,(03) 6914 6514,(03) 6914 6514,0424 405 164,#N/A,#N/A,(03) 6914 6514,jjoannow@prodly.co.invalid,VP of Sales,Sales,#N/A,#N/A,#N/A,#N/A,false,#N/A,#N/A,#N/A,#N/A,false,#N/A,#N/A,false,#N/A,#N/A,#N/A,#N/A,Prodly,#N/A,#N/A,false,false,#N/A
70766049-6d13-4962-ad51-b68bd93241f4,8c27cba5-f069-462c-a6a3-898619e956b4,Odell,Riki,#N/A,#N/A,#N/A,#N/A,3293,#N/A,#N/A,#N/A,#N/A,88 Bailey Street,GLENTHOMPSON,VIC,#N/A,Australia,#N/A,#N/A,#N/A,(03) 5338 4033,#N/A,#N/A,#N/A,#N/A,#N/A,jjoannow@prodly.co.invalid,SVP,#N/A,#N/A,#N/A,#N/A,#N/A,false,#N/A,#N/A,#N/A,#N/A,false,#N/A,#N/A,false,#N/A,#N/A,#N/A,#N/A,Prodly,#N/A,#N/A,false,false,#N/A
0c3687e7-30f1-4cf7-99f3-f614c883aeaf,e9e56bd1-faa0-4ccf-a7e8-de78485381d1,Wald,Mickie,#N/A,#N/A,#N/A,#N/A,2347,#N/A,#N/A,#N/A,#N/A,88 Bailey Street,CARODA,NSW,#N/A,Australia,#N/A,#N/A,#N/A,(03) 5338 4009,#N/A,#N/A,#N/A,#N/A,#N/A,jjoannow@prodly.co.invalid,SVP,#N/A,#N/A,#N/A,#N/A,#N/A,false,#N/A,#N/A,#N/A,#N/A,false,#N/A,#N/A,false,#N/A,#N/A,#N/A,#N/A,Prodly,#N/A,#N/A,false,false,#N/A
dd33eed7-55dc-45b7-a9f4-fdf2a612172b,e6b8eecb-c6a5-4a49-9a0b-608318fb1c89,Johan,Shelagh,#N/A,200 Elizabeth Street,Melbourne,VIC,3000,Australia,#N/A,#N/A,#N/A,200 Elizabeth Street,Melbourne,VIC,3000,Australia,#N/A,#N/A,#N/A,(03) 7438 7081,(03) 7438 7081,0415 327 476,#N/A,#N/A,(03) 7438 7081,jjoannow@prodly.co.invalid,"VP, Procurement",Operations,#N/A,#N/A,#N/A,#N/A,false,#N/A,#N/A,#N/A,#N/A,false,#N/A,#N/A,false,#N/A,#N/A,#N/A,#N/A,Prodly,#N/A,#N/A,false,false,#N/A
a9b345df-320f-491c-ad96-795c1cc7a2bc,551d24c8-f10f-47a2-9f23-ea48b275ff48,Gael,Lilla,#N/A,#N/A,#N/A,#N/A,#N/A,#N/A,#N/A,#N/A,#N/A,347 Don Shula Drive,Miami Gardens,FL,33056,USA,#N/A,#N/A,#N/A,(235) 392-0037,#N/A,#N/A,#N/A,#N/A,#N/A,jjoannow@prodly.co.invalid,CEO,#N/A,#N/A,#N/A,#N/A,"John H. Hammergren is chairman, president and chief executive officer of McKesson Corporation. He was elected president and CEO in 2001 and chairman in 2002.",false,#N/A,#N/A,#N/A,#N/A,false,#N/A,#N/A,false,#N/A,#N/A,#N/A,#N/A,Prodly,#N/A,#N/A,false,false,#N/A
53bf4b3d-a323-4cde-9121-48ad6c0fedff,0b1a2991-fee3-4caa-928a-de5c51300fd4,Ogdon,Barbra,#N/A,#N/A,#N/A,#N/A,#N/A,#N/A,#N/A,#N/A,#N/A,#N/A,#N/A,#N/A,#N/A,#N/A,#N/A,#N/A,#N/A,202-555-0106,#N/A,#N/A,#N/A,#N/A,#N/A,jjoannow@prodly.co.invalid,CTO,#N/A,#N/A,#N/A,#N/A,#N/A,false,#N/A,#N/A,#N/A,#N/A,false,#N/A,#N/A,false,#N/A,#N/A,#N/A,#N/A,Prodly,#N/A,#N/A,false,false,#N/A
b53f357e-b825-4f0d-a697-7ab03aa1f871,24ae2c90-1f81-4419-94a5-ea1dc5431a2b,Nikolos,Sarena,#N/A,#N/A,#N/A,#N/A,2347,#N/A,#N/A,#N/A,#N/A,88 Bailey Street,CARODA,NSW,#N/A,Australia,#N/A,#N/A,#N/A,(03) 5338 3982,#N/A,#N/A,#N/A,#N/A,#N/A,jjoannow@prodly.co.invalid,SVP,#N/A,#N/A,#N/A,#N/A,#N/A,false,#N/A,#N/A,#N/A,#N/A,false,#N/A,#N/A,false,#N/A,#N/A,#N/A,#N/A,Prodly,#N/A,#N/A,false,false,#N/A
83c9aeae-0aa8-42e0-9bc0-110183729e34,ad8f7837-d32f-413c-b3c4-b90bb36895cc,Kylie,Arline,#N/A,#N/A,#N/A,#N/A,#N/A,#N/A,#N/A,#N/A,#N/A,#N/A,#N/A,#N/A,#N/A,#N/A,#N/A,#N/A,#N/A,(120) 691-5883,#N/A,#N/A,#N/A,#N/A,#N/A,jjoannow@prodly.co.invalid,SVP Hardware Engineering,#N/A,#N/A,#N/A,#N/A,Dan joined Apple in 1998 as vice president of Product Design and in 2010 was named vice president of iPad Hardware Engineering. Dan has been a key contributor to most of the company’s hardware over his career and was instrumental in all of Apple’s iPad products since the first generation iPad was introduced.,false,#N/A,#N/A,#N/A,#N/A,false,#N/A,#N/A,false,#N/A,#N/A,#N/A,#N/A,Prodly,#N/A,#N/A,false,false,#N/A
339f41a8-ce2d-40e6-8cea-7748c07265b6,83dc89fc-8868-49a6-8638-db4d191b4c50,Kane,Carole,#N/A,#N/A,#N/A,#N/A,#N/A,#N/A,#N/A,#N/A,#N/A,#N/A,#N/A,#N/A,#N/A,#N/A,#N/A,#N/A,#N/A,+33 0 1 42 14 20 00,#N/A,#N/A,#N/A,#N/A,#N/A,jjoannow@prodly.co.invalid,COO,#N/A,#N/A,#N/A,#N/A,#N/A,false,#N/A,#N/A,#N/A,#N/A,false,#N/A,#N/A,false,#N/A,#N/A,#N/A,#N/A,Prodly,#N/A,#N/A,false,false,#N/A
6d2c6bea-8a9b-4456-b655-fc58f5005520,bae55ba3-ea80-48c6-b152-4ea7f82bfd53,Jarad,Danni,#N/A,#N/A,#N/A,#N/A,#N/A,#N/A,#N/A,#N/A,#N/A,97 Gordon Terrace,BARTON BENDISH,#N/A,PE33 1YD,UK,#N/A,#N/A,#N/A,73 4352 5277,#N/A,#N/A,#N/A,#N/A,#N/A,jjoannow@prodly.co.invalid,CFO,#N/A,#N/A,#N/A,#N/A,#N/A,false,#N/A,#N/A,#N/A,#N/A,false,#N/A,#N/A,false,#N/A,#N/A,#N/A,#N/A,Prodly,#N/A,#N/A,false,false,#N/A
37d94054-edb4-4e38-8f3d-77a353240e28,9b63c39c-860e-49d1-b10c-555d25dca149,Shermy,Corella,#N/A,#N/A,#N/A,#N/A,#N/A,#N/A,#N/A,#N/A,#N/A,#N/A,#N/A,#N/A,#N/A,#N/A,#N/A,#N/A,#N/A,(853) 823-7301,#N/A,#N/A,#N/A,#N/A,#N/A,jjoannow@prodly.co.invalid,"EVP, Global Sourcing",#N/A,#N/A,#N/A,#N/A,"Craig Cowman is executive vice president, Global Sourcing, where he manages strategic sourcing and supplier management enterprise-wide. In this capacity, he leads the teams responsible for sourcing pharmaceuticals and medical products across national brands and Cardinal brands, as well as raw materials and indirect goods.",false,#N/A,#N/A,#N/A,#N/A,false,#N/A,#N/A,false,#N/A,#N/A,#N/A,#N/A,Prodly,#N/A,#N/A,false,false,#N/A
516e4e73-acce-4ca7-84c7-aef7796bb9eb,96f71fc6-a2ff-454d-a3ed-d3b3813f52f9,Cart,Lorilyn,#N/A,#N/A,#N/A,#N/A,2347,#N/A,#N/A,#N/A,#N/A,26 Dalgarno Street,CARODA,NSW,#N/A,Australia,#N/A,#N/A,#N/A,(03) 5338 4038,#N/A,#N/A,#N/A,#N/A,#N/A,jjoannow@prodly.co.invalid,CFO,#N/A,#N/A,#N/A,#N/A,#N/A,false,#N/A,#N/A,#N/A,#N/A,false,#N/A,#N/A,false,#N/A,#N/A,#N/A,#N/A,Prodly,#N/A,#N/A,false,false,#N/A
ba974104-c865-445e-851c-ae296ab08acd,52aa2d52-b22b-4d4d-b272-e956119dd30c,Abbot,Lesley,#N/A,#N/A,#N/A,#N/A,2347,#N/A,#N/A,#N/A,#N/A,26 Dalgarno Street,CARODA,NSW,#N/A,Australia,#N/A,#N/A,#N/A,(03) 5338 4068,#N/A,#N/A,#N/A,#N/A,#N/A,jjoannow@prodly.co.invalid,CFO,#N/A,#N/A,#N/A,#N/A,#N/A,false,#N/A,#N/A,#N/A,#N/A,false,#N/A,#N/A,false,#N/A,#N/A,#N/A,#N/A,Prodly,#N/A,#N/A,false,false,#N/A
ec03bda7-e3e0-4839-876a-4f37cd133201,1562ae0b-10ff-48c4-aadc-8994d1e273ae,Pall,Sharlene,#N/A,6/14-16 Freeman Rd,Chatswood,NSW,2057,Australia,#N/A,#N/A,#N/A,6/14-16 Freeman Rd,Chatswood,NSW,2057,Australia,#N/A,#N/A,#N/A,(02) 7491 8650,(02) 7491 8650,0416 524 888,#N/A,#N/A,(02) 7491 8650,jjoannow@prodly.co.invalid,Account Manager,Sales,#N/A,#N/A,#N/A,#N/A,false,#N/A,#N/A,#N/A,#N/A,false,#N/A,#N/A,false,#N/A,#N/A,#N/A,#N/A,Prodly,#N/A,#N/A,false,false,#N/A
788c02e2-9ec1-4163-a2fc-2fece290d014,687ec0e4-c6b9-4e70-a0f4-f1094656bbb6,Lester,Sandye,#N/A,#N/A,#N/A,#N/A,#N/A,#N/A,#N/A,#N/A,#N/A,#N/A,#N/A,#N/A,#N/A,#N/A,#N/A,#N/A,#N/A,(401) 913-1803,#N/A,#N/A,#N/A,#N/A,#N/A,jjoannow@prodly.co.invalid,CFO,#N/A,#N/A,#N/A,1982-08-24,#N/A,false,#N/A,#N/A,#N/A,#N/A,false,#N/A,#N/A,false,#N/A,#N/A,#N/A,#N/A,Prodly,#N/A,#N/A,false,false,#N/A
c642f9c1-2303-45b8-ad99-b7d89d9c78e8,4adaaf8f-2211-4fde-a9f3-90aa2beda6b2,Yuri,Sisile,#N/A,#N/A,#N/A,#N/A,3293,#N/A,#N/A,#N/A,#N/A,26 Dalgarno Street,GLENTHOMPSON,VIC,#N/A,Australia,#N/A,#N/A,#N/A,(03) 5338 3960,#N/A,#N/A,#N/A,#N/A,#N/A,jjoannow@prodly.co.invalid,CFO,#N/A,#N/A,#N/A,#N/A,#N/A,false,#N/A,#N/A,#N/A,#N/A,false,#N/A,#N/A,false,#N/A,#N/A,#N/A,#N/A,Prodly,#N/A,#N/A,false,false,#N/A
e2a41541-595d-481b-a2b9-833c3053e318,e9e56bd1-faa0-4ccf-a7e8-de78485381d1,Towny,Allissa,#N/A,57 Clifton Dr,Bacchus Marsh,VIC,3340,Australia,#N/A,#N/A,#N/A,57 Clifton Dr,Bacchus Marsh,VIC,3340,Australia,#N/A,#N/A,#N/A,(03) 8040 8350,(03) 8040 8350,0422 392 143,#N/A,#N/A,(03) 8040 8350,jjoannow@prodly.co.invalid,"SVP, Marketing",Marketing,#N/A,#N/A,#N/A,#N/A,false,#N/A,#N/A,#N/A,#N/A,false,#N/A,#N/A,false,#N/A,#N/A,#N/A,#N/A,Prodly,#N/A,#N/A,false,false,#N/A
94b8721a-44ab-4ad8-847c-aac766655a16,03c053f9-45b4-400d-8be8-da8367de09a8,Tim,Marylinda,#N/A,13 Joshua Cl,Bibra Lake,WA,6163,Australia,#N/A,#N/A,#N/A,13 Joshua Cl,Bibra Lake,WA,6163,Australia,#N/A,#N/A,#N/A,(08) 8051 6477,(08) 8051 6477,0416 484 426,#N/A,#N/A,(08) 8051 6477,jjoannow@prodly.co.invalid,EVP Business Development,Business Development,#N/A,#N/A,#N/A,#N/A,false,#N/A,#N/A,#N/A,#N/A,false,#N/A,#N/A,false,#N/A,#N/A,#N/A,#N/A,Prodly,#N/A,#N/A,false,false,#N/A
739ee45d-ec48-4b7d-b182-c7f9d90c3d8f,1cc82fc1-0d11-445e-8234-fe4a98a2e3fb,Yulma,Merridie,#N/A,#N/A,#N/A,#N/A,#N/A,#N/A,#N/A,#N/A,#N/A,#N/A,#N/A,#N/A,#N/A,#N/A,#N/A,#N/A,#N/A,(281) 590-4341,#N/A,#N/A,#N/A,#N/A,#N/A,jjoannow@prodly.co.invalid,EVP Strategy and Development,#N/A,#N/A,#N/A,#N/A,"Sun Park is Executive Vice President, Strategy and Development. Prior to joining AmerisourceBergen in 2012, he served in various leadership roles across corporate development, corporate strategy and R&D portfolio management at MedImmune, the global biologics division of AstraZeneca.",false,#N/A,#N/A,#N/A,#N/A,false,#N/A,#N/A,false,#N/A,#N/A,#N/A,#N/A,Prodly,#N/A,#N/A,false,false,#N/A
300b5327-be09-42f2-aea2-594573af1aac,1243404d-ee73-4286-94cd-8d6a57821109,Hurley,Cherice,#N/A,#N/A,#N/A,#N/A,2454,#N/A,#N/A,#N/A,#N/A,32 Railway Street,KALANG,NSW,#N/A,Australia,#N/A,#N/A,#N/A,(03) 5338 4040,#N/A,#N/A,#N/A,#N/A,#N/A,jjoannow@prodly.co.invalid,CEO,#N/A,#N/A,#N/A,#N/A,#N/A,false,#N/A,#N/A,#N/A,#N/A,false,#N/A,#N/A,false,#N/A,#N/A,#N/A,#N/A,Prodly,#N/A,#N/A,false,false,#N/A
cfe1fa74-9bb2-4913-bbe9-d5cc16e59d01,b31cc650-8ca5-4641-86fc-37d3bfcaac76,Virgil,Bekki,#N/A,#N/A,#N/A,#N/A,#N/A,#N/A,#N/A,#N/A,#N/A,1265 Lombardi Avenue,Green Bay,WI,54304,USA,#N/A,#N/A,#N/A,(920) 468-4270,#N/A,#N/A,#N/A,#N/A,#N/A,jjoannow@prodly.co.invalid,Chief of Staff & Director of Operations,#N/A,#N/A,#N/A,#N/A,"Gena Stern is the Chief of Staff and Director of Operations for the JPMorgan Chase Institute. Previously, Gena served as the Senior Advisor to the Chief of Staff at the Consumer Financial Protection Bureau. In that role, she provided advisory support to the Director and Chief of Staff on general management and operations of the agency, managed strategic internal communications, and lead organizational and workforce development.",false,#N/A,#N/A,#N/A,#N/A,false,#N/A,#N/A,false,#N/A,#N/A,#N/A,#N/A,Prodly,#N/A,#N/A,false,false,#N/A
4f4970bb-f7bc-409e-b9ff-cbe966bdab84,c9da821e-eb47-4e5f-ab4b-2d75ca27137b,Pryce,Neile,#N/A,#N/A,#N/A,#N/A,#N/A,#N/A,#N/A,#N/A,#N/A,#N/A,#N/A,#N/A,#N/A,#N/A,#N/A,#N/A,#N/A,(312)659-4516,#N/A,#N/A,#N/A,#N/A,#N/A,jjoannow@prodly.co.invalid,CSO,#N/A,#N/A,#N/A,#N/A,#N/A,false,#N/A,#N/A,#N/A,#N/A,false,#N/A,#N/A,false,#N/A,#N/A,#N/A,#N/A,Prodly,#N/A,#N/A,false,false,#N/A
536ba7a3-c736-4268-9cdb-7f022045266f,ab96b432-45f8-4254-bdab-fffc68af26e7,Konrad,Cam,#N/A,#N/A,#N/A,#N/A,#N/A,#N/A,#N/A,#N/A,#N/A,97 Gordon Terrace,BARTON BENDISH,#N/A,PE33 1YD,UK,#N/A,#N/A,#N/A,77 4352 5277,#N/A,#N/A,#N/A,#N/A,#N/A,jjoannow@prodly.co.invalid,CFO,#N/A,#N/A,#N/A,#N/A,#N/A,false,#N/A,#N/A,#N/A,#N/A,false,#N/A,#N/A,false,#N/A,#N/A,#N/A,#N/A,Prodly,#N/A,#N/A,false,false,#N/A
69d071f5-2c7e-450e-803f-72bc46b4423f,dd3330be-ca21-4cb4-8acb-59e3a29631ed,Granville,Renell,#N/A,#N/A,#N/A,#N/A,3293,#N/A,#N/A,#N/A,#N/A,32 Railway Street,GLENTHOMPSON,VIC,#N/A,Australia,#N/A,#N/A,#N/A,(03) 5338 3986,#N/A,#N/A,#N/A,#N/A,#N/A,jjoannow@prodly.co.invalid,CEO,#N/A,#N/A,#N/A,#N/A,#N/A,false,#N/A,#N/A,#N/A,#N/A,false,#N/A,#N/A,false,#N/A,#N/A,#N/A,#N/A,Prodly,#N/A,#N/A,false,false,#N/A
f0f7cede-29b7-4088-b82b-40ee3802243d,b08ff41e-a88c-4474-b658-d4bfa83df38d,Lorant,Grazia,#N/A,#N/A,#N/A,#N/A,#N/A,#N/A,#N/A,#N/A,#N/A,#N/A,#N/A,#N/A,#N/A,#N/A,#N/A,#N/A,#N/A,(299) 738-2271,#N/A,#N/A,#N/A,#N/A,#N/A,jjoannow@prodly.co.invalid,CFO,#N/A,#N/A,#N/A,#N/A,"Frank D’Amelio is the executive vice president, business operations and chief financial officer of Pfizer, responsible for finance, business development and business operations, including IT, procurement and real estate.",false,#N/A,#N/A,#N/A,#N/A,false,#N/A,#N/A,false,#N/A,#N/A,#N/A,#N/A,Prodly,#N/A,#N/A,false,false,#N/A
ae12133c-91e9-4d8d-8a14-9205d2079add,d8b37903-170a-46f1-a891-24eb1dafc178,Lewes,Gabriel,#N/A,#N/A,#N/A,#N/A,#N/A,#N/A,#N/A,#N/A,#N/A,#N/A,#N/A,#N/A,#N/A,#N/A,#N/A,#N/A,#N/A,(694) 546-7587,#N/A,#N/A,#N/A,#N/A,#N/A,jjoannow@prodly.co.invalid,CEO,#N/A,#N/A,#N/A,1978-03-24,"John S. Watson, 61, is chairman of the board and chief executive officer of Chevron Corporation, positions he has held since 2010.",false,#N/A,#N/A,#N/A,#N/A,false,#N/A,#N/A,false,#N/A,#N/A,#N/A,#N/A,Prodly,#N/A,#N/A,false,false,#N/A
77730224-ed22-4967-9734-4d2380fcda25,1243404d-ee73-4286-94cd-8d6a57821109,Maxim,Neila,#N/A,#N/A,#N/A,#N/A,3293,#N/A,#N/A,#N/A,#N/A,88 Bailey Street,GLENTHOMPSON,VIC,#N/A,Australia,#N/A,#N/A,#N/A,(03) 5338 4039,#N/A,#N/A,#N/A,#N/A,#N/A,jjoannow@prodly.co.invalid,SVP,#N/A,#N/A,#N/A,#N/A,#N/A,false,#N/A,#N/A,#N/A,#N/A,false,#N/A,#N/A,false,#N/A,#N/A,#N/A,#N/A,Prodly,#N/A,#N/A,false,false,#N/A
390c2339-b959-4203-bb68-029457b3472c,1cc82fc1-0d11-445e-8234-fe4a98a2e3fb,Johan,Daile,#N/A,#N/A,#N/A,#N/A,#N/A,#N/A,#N/A,#N/A,#N/A,#N/A,#N/A,#N/A,#N/A,#N/A,#N/A,#N/A,#N/A,(632) 592-3317,#N/A,#N/A,#N/A,#N/A,#N/A,jjoannow@prodly.co.invalid,EVP & Chief Legal & Business Officer,#N/A,#N/A,#N/A,#N/A,"John G. Chou is Executive Vice President and Chief Legal & Business Officer with responsibility for strategy, business development, innovation, information technology, legal and compliance. Prior to being named to his current position in June 2017, Mr. Chou was Executive Vice President and General Counsel of AmerisourceBergen Corporation. Before joining AmerisourceBergen in 2002, he was a partner with the law firm of Eckert Seamans Cherin & Mellott.",false,#N/A,#N/A,#N/A,#N/A,false,#N/A,#N/A,false,#N/A,#N/A,#N/A,#N/A,Prodly,#N/A,#N/A,false,false,#N/A
0f681b50-84e1-4f99-90ce-655bca6e2f1f,51b706db-46cb-4f9e-88c2-0ff80ad8062f,Brandy,Lelia,#N/A,#N/A,#N/A,#N/A,2454,#N/A,#N/A,#N/A,#N/A,26 Dalgarno Street,KALANG,NSW,#N/A,Australia,#N/A,#N/A,#N/A,(03) 5338 4005,#N/A,#N/A,#N/A,#N/A,#N/A,jjoannow@prodly.co.invalid,CFO,#N/A,#N/A,#N/A,#N/A,#N/A,false,#N/A,#N/A,#N/A,#N/A,false,#N/A,#N/A,false,#N/A,#N/A,#N/A,#N/A,Prodly,#N/A,#N/A,false,false,#N/A
5dfdf5c1-27c2-4679-bd73-1374e2259b5c,71741663-e680-4352-8de9-d7f0fad54026,Ruddie,Vinni,#N/A,#N/A,#N/A,#N/A,#N/A,#N/A,#N/A,#N/A,#N/A,#N/A,#N/A,#N/A,#N/A,#N/A,#N/A,#N/A,#N/A,(395) 173-9906,#N/A,#N/A,#N/A,#N/A,#N/A,jjoannow@prodly.co.invalid,CEO,#N/A,#N/A,#N/A,#N/A,"Long before he was named Chairman, President and CEO of NIKE, Inc., Mark Parker was leading the company in other ways. After running competitively at Penn State University, Parker joined Nike as one of our first footwear designers back in 1979. And he’s been at the center of Nike innovation ever since.",false,#N/A,#N/A,#N/A,#N/A,false,#N/A,#N/A,false,#N/A,#N/A,#N/A,#N/A,Prodly,#N/A,#N/A,false,false,#N/A
79f198bb-9731-4db6-9672-2d25543ec9c9,484d572f-f176-4951-8005-44fc815f8edf,Keith,Ashlee,#N/A,#N/A,#N/A,#N/A,#N/A,#N/A,#N/A,#N/A,#N/A,1 East 161st Street,Bronx,NY,10451,USA,#N/A,#N/A,#N/A,(658) 113-2312,#N/A,#N/A,#N/A,#N/A,#N/A,jjoannow@prodly.co.invalid,"SVP, General Counsel & Secretary",#N/A,#N/A,#N/A,#N/A,"Mr. John A. Attaway, Jr., has been the General Counsel and Secretary of Publix Super Markets Inc. since January 1, 2005 and Senior Vice President since January 1, 2005. Mr. Attaway served as a Corporate Counsel of Publix Super Markets Inc. until May 2000.",false,#N/A,#N/A,#N/A,#N/A,false,#N/A,#N/A,false,#N/A,#N/A,#N/A,#N/A,Prodly,#N/A,#N/A,false,false,#N/A
97e98a02-b7e6-40b2-a098-fa0591e8780f,01344150-6523-4ab5-a6bd-5f4f4994885f,Ingelbert,Tisha,#N/A,#N/A,#N/A,#N/A,#N/A,#N/A,#N/A,#N/A,#N/A,#N/A,#N/A,#N/A,#N/A,#N/A,#N/A,#N/A,#N/A,(465) 994-8290,#N/A,#N/A,#N/A,#N/A,#N/A,jjoannow@prodly.co.invalid,CEO,#N/A,#N/A,#N/A,#N/A,#N/A,false,#N/A,#N/A,#N/A,#N/A,false,#N/A,#N/A,false,#N/A,#N/A,#N/A,#N/A,Prodly,#N/A,#N/A,false,false,#N/A
2ccae03e-d22d-4743-88f9-6dd1acb71308,d53be6fe-9499-48b8-aff2-fb8a854294fe,Sebastien,Renate,#N/A,#N/A,#N/A,#N/A,3293,#N/A,#N/A,#N/A,#N/A,26 Dalgarno Street,GLENTHOMPSON,VIC,#N/A,Australia,#N/A,#N/A,#N/A,(03) 5338 3945,#N/A,#N/A,#N/A,#N/A,#N/A,jjoannow@prodly.co.invalid,CFO,#N/A,#N/A,#N/A,#N/A,#N/A,false,#N/A,#N/A,#N/A,#N/A,false,#N/A,#N/A,false,#N/A,#N/A,#N/A,#N/A,Prodly,#N/A,#N/A,false,false,#N/A
aaaa07f6-7d6d-400d-8ea1-be043922ecac,eb8cb615-f1be-41cb-8293-0a1b08473ad4,Johnny,Penny,#N/A,#N/A,#N/A,#N/A,#N/A,#N/A,#N/A,#N/A,#N/A,#N/A,#N/A,#N/A,#N/A,#N/A,#N/A,#N/A,#N/A,(860) 519-5092,#N/A,#N/A,#N/A,#N/A,#N/A,jjoannow@prodly.co.invalid,Chief Executive Officer and President,#N/A,#N/A,#N/A,#N/A,#N/A,false,#N/A,#N/A,#N/A,#N/A,false,#N/A,#N/A,false,#N/A,#N/A,#N/A,#N/A,Prodly,#N/A,#N/A,false,false,#N/A
f07a8201-fd76-4c10-ada3-91c11c2eb12f,b411ef6e-3022-43ee-b553-40d3ff2e8b85,Kevon,Carla,#N/A,#N/A,#N/A,#N/A,#N/A,#N/A,#N/A,#N/A,#N/A,1000 Elysian Park Avenue,Los Angeles,CA,90012,USA,#N/A,#N/A,#N/A,(173) 840-0149,#N/A,#N/A,#N/A,#N/A,#N/A,jjoannow@prodly.co.invalid,CEO,#N/A,#N/A,#N/A,#N/A,#N/A,false,#N/A,#N/A,#N/A,#N/A,false,#N/A,#N/A,false,#N/A,#N/A,#N/A,#N/A,Prodly,#N/A,#N/A,false,false,#N/A
dfe0a248-b2aa-4fa3-8f49-06b7abe38675,60135a75-1be6-4d4c-a56d-f11b48cf1a8d,Griff,Kaylyn,#N/A,390 Harris Street,Sydney,NSW,2007,Australia,#N/A,#N/A,#N/A,390 Harris Street,Sydney,NSW,2007,Australia,#N/A,#N/A,#N/A,(02) 8395 7757,(02) 8395 7757,0414 572 759,#N/A,#N/A,(02) 8395 7757,jjoannow@prodly.co.invalid,VP of Operations,Operations,#N/A,#N/A,#N/A,#N/A,false,#N/A,#N/A,#N/A,#N/A,false,#N/A,#N/A,false,#N/A,#N/A,#N/A,#N/A,Prodly,#N/A,#N/A,false,false,#N/A
d06e5c04-a5aa-494b-b3d9-d3248e3286b8,360f9b04-cd03-42d9-a9d0-cc05ee0c2e92,Stanislaus,Ardeen,#N/A,#N/A,#N/A,#N/A,#N/A,#N/A,#N/A,#N/A,#N/A,#N/A,#N/A,#N/A,#N/A,#N/A,#N/A,#N/A,#N/A,(650) 681-5105,#N/A,#N/A,#N/A,#N/A,#N/A,jjoannow@prodly.co.invalid,CEO,#N/A,#N/A,#N/A,#N/A,#N/A,false,#N/A,#N/A,#N/A,#N/A,false,#N/A,#N/A,false,#N/A,#N/A,#N/A,#N/A,Prodly,#N/A,#N/A,false,false,#N/A
3fd744fd-0085-4fc1-9141-667b8cf066f8,7fdede46-988b-4634-8b37-9392bb140aef,Hollis,Hayley,#N/A,#N/A,#N/A,#N/A,2347,#N/A,#N/A,#N/A,#N/A,32 Railway Street,CARODA,NSW,#N/A,Australia,#N/A,#N/A,#N/A,(03) 5338 3938,#N/A,#N/A,#N/A,#N/A,#N/A,jjoannow@prodly.co.invalid,CEO,#N/A,#N/A,#N/A,#N/A,#N/A,false,#N/A,#N/A,#N/A,#N/A,false,#N/A,#N/A,false,#N/A,#N/A,#N/A,#N/A,Prodly,#N/A,#N/A,false,false,#N/A
f489e087-343e-4c33-8103-bc16f7a6e4f7,d26c9074-769f-4dd3-b822-08762ec5f435,Francesco,Tomi,#N/A,#N/A,#N/A,#N/A,#N/A,#N/A,#N/A,#N/A,#N/A,#N/A,#N/A,#N/A,#N/A,#N/A,#N/A,#N/A,#N/A,(310) 780-2102,#N/A,#N/A,#N/A,#N/A,#N/A,jjoannow@prodly.co.invalid,General Counsel,#N/A,#N/A,#N/A,1983-08-24,#N/A,false,#N/A,#N/A,#N/A,#N/A,false,#N/A,#N/A,false,#N/A,#N/A,#N/A,#N/A,Prodly,#N/A,#N/A,false,false,#N/A
4ac64151-a706-4c63-883d-291650121993,008b1ced-108a-461f-ad47-c2951a7a99f8,Loren,Joellyn,#N/A,#N/A,#N/A,#N/A,#N/A,#N/A,#N/A,#N/A,#N/A,1 AT&T Way,Arlington,TX,76011,USA,#N/A,#N/A,#N/A,(323) 387-7082,#N/A,#N/A,#N/A,#N/A,#N/A,jjoannow@prodly.co.invalid,CEO,#N/A,#N/A,#N/A,#N/A,"Born in Wichita, Kansas, Darren Woods is a graduate of Texas A&M University, where he earned a Bachelor of Science degree in electrical engineering. He also holds a Master of Business Administration degree from Northwestern's Kellogg School of Management in Evanston, Illinois.",false,#N/A,#N/A,#N/A,#N/A,false,#N/A,#N/A,false,#N/A,#N/A,#N/A,#N/A,Prodly,#N/A,#N/A,false,false,#N/A
d79333b3-cb5d-4b09-bc76-64d2d2581e43,989094de-5598-4d5a-9c5f-2e1aa671f77c,Patrick,Aidan,#N/A,#N/A,#N/A,#N/A,#N/A,#N/A,#N/A,#N/A,#N/A,1 East 161st Street,Bronx,NY,10451,USA,#N/A,#N/A,#N/A,(463) 872-1494,#N/A,#N/A,#N/A,#N/A,#N/A,jjoannow@prodly.co.invalid,General Counsel,#N/A,#N/A,#N/A,#N/A,#N/A,false,#N/A,#N/A,#N/A,#N/A,false,#N/A,#N/A,false,#N/A,#N/A,#N/A,#N/A,Prodly,#N/A,#N/A,false,false,#N/A
4c04716c-be0c-4fbe-88e5-28bc10430a19,de39c607-194c-44d4-a127-8cd4eb432afd,Bryn,Jayme,#N/A,#N/A,Savannah,#N/A,#N/A,#N/A,#N/A,#N/A,#N/A,50137 Brickson Park Alley,#N/A,GA,31410,USA,#N/A,#N/A,#N/A,#N/A,#N/A,#N/A,#N/A,#N/A,#N/A,jjoannow@prodly.co.invalid,#N/A,#N/A,#N/A,#N/A,#N/A,#N/A,false,#N/A,#N/A,#N/A,#N/A,false,#N/A,#N/A,false,#N/A,#N/A,#N/A,#N/A,Prodly,#N/A,#N/A,false,false,#N/A
c847fdb6-da55-46ff-8719-602c8f4ae512,d855bf74-e885-4ce8-82cc-3149e020b3cf,Aurthur,Leanna,#N/A,#N/A,#N/A,#N/A,2347,#N/A,#N/A,#N/A,#N/A,32 Railway Street,CARODA,NSW,#N/A,Australia,#N/A,#N/A,#N/A,(03) 5338 3935,#N/A,#N/A,#N/A,#N/A,#N/A,jjoannow@prodly.co.invalid,CEO,#N/A,#N/A,#N/A,#N/A,#N/A,false,#N/A,#N/A,#N/A,#N/A,false,#N/A,#N/A,false,#N/A,#N/A,#N/A,#N/A,Prodly,#N/A,#N/A,false,false,#N/A
d8e15fae-3b8b-4e64-b475-eea0e6b925f0,20284815-0924-4bf1-8ad5-42311d6ade31,Rooney,Bride,#N/A,#N/A,#N/A,#N/A,#N/A,#N/A,#N/A,#N/A,#N/A,#N/A,#N/A,#N/A,#N/A,#N/A,#N/A,#N/A,#N/A,(206) 326-6201,#N/A,#N/A,#N/A,#N/A,#N/A,jjoannow@prodly.co.invalid,Chief Financial Officer,#N/A,#N/A,#N/A,#N/A,#N/A,false,#N/A,#N/A,#N/A,#N/A,false,#N/A,#N/A,false,#N/A,#N/A,#N/A,#N/A,Prodly,#N/A,#N/A,false,false,#N/A
8289897e-a9f1-475b-83fd-4883c58d9f0c,3f1019f9-8981-40f5-a60f-3c5c43ec63da,Antons,Agnola,#N/A,#N/A,#N/A,#N/A,#N/A,#N/A,#N/A,#N/A,#N/A,#N/A,#N/A,#N/A,#N/A,#N/A,#N/A,#N/A,#N/A,+81 725 925939,#N/A,#N/A,#N/A,#N/A,#N/A,jjoannow@prodly.co.invalid,CIO,#N/A,#N/A,#N/A,#N/A,#N/A,false,#N/A,#N/A,#N/A,#N/A,false,#N/A,#N/A,false,#N/A,#N/A,#N/A,#N/A,Prodly,#N/A,#N/A,false,false,#N/A
e26a185f-15af-4b26-9b8b-508387d1c530,1cc82fc1-0d11-445e-8234-fe4a98a2e3fb,Artus,Jonis,#N/A,#N/A,#N/A,#N/A,#N/A,#N/A,#N/A,#N/A,#N/A,#N/A,#N/A,#N/A,#N/A,#N/A,#N/A,#N/A,#N/A,(614)472-2794,#N/A,#N/A,#N/A,#N/A,#N/A,jjoannow@prodly.co.invalid,CTO,#N/A,#N/A,#N/A,#N/A,#N/A,false,#N/A,#N/A,#N/A,#N/A,false,#N/A,#N/A,false,#N/A,#N/A,#N/A,#N/A,Prodly,#N/A,#N/A,false,false,#N/A
b0a8c689-06c1-4ba5-acff-4039a036f698,0b1a2991-fee3-4caa-928a-de5c51300fd4,Elvyn,Ivett,#N/A,#N/A,#N/A,#N/A,#N/A,#N/A,#N/A,#N/A,#N/A,#N/A,#N/A,#N/A,#N/A,#N/A,#N/A,#N/A,#N/A,(542) 214-0449,#N/A,#N/A,#N/A,#N/A,#N/A,jjoannow@prodly.co.invalid,"President, Services",#N/A,#N/A,#N/A,#N/A,"Trish Walker is the president of services for Best Buy Co. Inc. In this role, she oversees all services in stores, online and in customers’ homes. That includes the Geek Squad, a national tech-support organization with more than 20,000 agents dedicated to helping customers learn about and enjoy their technology, as well as the company’s service plan portfolio and customer care.",false,#N/A,#N/A,#N/A,#N/A,false,#N/A,#N/A,false,#N/A,#N/A,#N/A,#N/A,Prodly,#N/A,#N/A,false,false,#N/A
d758deed-71f2-4cac-bff8-848a87b614fc,67426f85-bf8c-4abf-b75e-2c60defdf66c,Ferdie,Joane,#N/A,#N/A,#N/A,#N/A,2347,#N/A,#N/A,#N/A,#N/A,88 Bailey Street,CARODA,NSW,#N/A,Australia,#N/A,#N/A,#N/A,(03) 5338 4012,#N/A,#N/A,#N/A,#N/A,#N/A,jjoannow@prodly.co.invalid,SVP,#N/A,#N/A,#N/A,#N/A,#N/A,false,#N/A,#N/A,#N/A,#N/A,false,#N/A,#N/A,false,#N/A,#N/A,#N/A,#N/A,Prodly,#N/A,#N/A,false,false,#N/A
e50a393f-91e9-46e2-b3c8-f2a1068fbaa5,665a4387-ede2-4ce4-a726-000ff3d2d922,Kain,Hermine,#N/A,#N/A,#N/A,#N/A,#N/A,#N/A,#N/A,#N/A,#N/A,#N/A,#N/A,#N/A,#N/A,#N/A,#N/A,#N/A,#N/A,011 49 69 3576 6843,#N/A,#N/A,#N/A,#N/A,#N/A,jjoannow@prodly.co.invalid,"Vice President, IT",#N/A,#N/A,#N/A,#N/A,#N/A,false,#N/A,#N/A,#N/A,#N/A,false,#N/A,#N/A,false,#N/A,#N/A,#N/A,#N/A,Prodly,#N/A,#N/A,false,false,#N/A
ed0a350d-989b-41e3-8a42-94ae4047a249,7fdede46-988b-4634-8b37-9392bb140aef,Lombard,Bibbye,#N/A,#N/A,#N/A,#N/A,2454,#N/A,#N/A,#N/A,#N/A,88 Bailey Street,KALANG,NSW,#N/A,Australia,#N/A,#N/A,#N/A,(03) 5338 3937,#N/A,#N/A,#N/A,#N/A,#N/A,jjoannow@prodly.co.invalid,SVP,#N/A,#N/A,#N/A,#N/A,#N/A,false,#N/A,#N/A,#N/A,#N/A,false,#N/A,#N/A,false,#N/A,#N/A,#N/A,#N/A,Prodly,#N/A,#N/A,false,false,#N/A
2cfa7d9e-846d-42b1-83f9-1052b16a9ab7,f048b26f-43df-4442-922a-f0f648d7051d,Washington,Haley,#N/A,#N/A,#N/A,#N/A,#N/A,#N/A,#N/A,#N/A,#N/A,#N/A,#N/A,#N/A,#N/A,#N/A,#N/A,#N/A,#N/A,(704) 356-4952,#N/A,#N/A,#N/A,#N/A,#N/A,jjoannow@prodly.co.invalid,"SVP, Engineering, Operations, & IT",#N/A,#N/A,#N/A,#N/A,"Dr. Krishna Mikkilineni is Senior Vice President, Engineering, Operations and IT. He leads the Honeywell Operations and Technology Leadership Councils and oversees the effectiveness of the company’s research, development, engineering, supply chain, and operations, strengthening the ability to create differentiated products and solutions for our markets across the globe. Krishna is responsible for expanding the Honeywell Operating System (HOS), driving Velocity Product Development (VPD™), and increasing dedication to quality and delivery throughout the organization. He also leads company-wide adoption of HOS Gold, an end-to-end business system that institutionalizes the Honeywell Operating Model, and is intended to deliver and sustain exceptional growth along with productivity improvements.",false,#N/A,#N/A,#N/A,#N/A,false,#N/A,#N/A,false,#N/A,#N/A,#N/A,#N/A,Prodly,#N/A,#N/A,false,false,#N/A
29e6b60f-738b-4aea-be50-148a9a3a41c6,5463fefd-cbbe-4302-b187-6f06ed87166a,Amby,Darelle,#N/A,#N/A,#N/A,#N/A,#N/A,#N/A,#N/A,#N/A,#N/A,#N/A,#N/A,#N/A,#N/A,#N/A,#N/A,#N/A,#N/A,202-555-0104,#N/A,#N/A,#N/A,#N/A,#N/A,jjoannow@prodly.co.invalid,SVP - Development,#N/A,#N/A,#N/A,#N/A,#N/A,false,#N/A,#N/A,#N/A,#N/A,false,#N/A,#N/A,false,#N/A,#N/A,#N/A,#N/A,Prodly,#N/A,#N/A,false,false,#N/A
a9c3b30d-270a-4ef8-9eb5-84faff653358,4a0f32f7-4233-45a1-94bd-75faf566aa17,Curry,Daphne,#N/A,#N/A,#N/A,#N/A,3293,#N/A,#N/A,#N/A,#N/A,88 Bailey Street,GLENTHOMPSON,VIC,#N/A,Australia,#N/A,#N/A,#N/A,(03) 5338 4069,#N/A,#N/A,#N/A,#N/A,#N/A,jjoannow@prodly.co.invalid,SVP,#N/A,#N/A,#N/A,#N/A,#N/A,false,#N/A,#N/A,#N/A,#N/A,false,#N/A,#N/A,false,#N/A,#N/A,#N/A,#N/A,Prodly,#N/A,#N/A,false,false,#N/A
e8119518-e30f-4d5d-820c-cd9b946a0b34,32e8f6f3-5748-4baf-8bda-c17fff24bb87,Obadias,Gussie,#N/A,#N/A,#N/A,#N/A,#N/A,#N/A,#N/A,#N/A,#N/A,#N/A,#N/A,#N/A,#N/A,#N/A,#N/A,#N/A,#N/A,(682) 477-1719,#N/A,#N/A,#N/A,#N/A,#N/A,jjoannow@prodly.co.invalid,CEO,#N/A,#N/A,#N/A,1979-02-24,#N/A,false,#N/A,#N/A,#N/A,#N/A,false,#N/A,#N/A,false,#N/A,#N/A,#N/A,#N/A,Prodly,#N/A,#N/A,false,false,#N/A
c070cbcc-60f1-47d3-84d5-0bd0c55d2959,ad8f7837-d32f-413c-b3c4-b90bb36895cc,Pepillo,Fayina,#N/A,#N/A,#N/A,#N/A,#N/A,#N/A,#N/A,#N/A,#N/A,#N/A,#N/A,#N/A,#N/A,#N/A,#N/A,#N/A,#N/A,(591) 936-6912,#N/A,#N/A,#N/A,#N/A,#N/A,jjoannow@prodly.co.invalid,Chief Design Officer,#N/A,#N/A,#N/A,#N/A,"Jony is responsible for all design at Apple, including the look and feel of Apple hardware, user interface, packaging, major architectural projects such as Apple Park and Apple’s retail stores, as well as new ideas and future initiatives.",false,#N/A,#N/A,#N/A,#N/A,false,#N/A,#N/A,false,#N/A,#N/A,#N/A,#N/A,Prodly,#N/A,#N/A,false,false,#N/A
91f085bc-16d9-4d5b-8951-705085b9eae4,dd3330be-ca21-4cb4-8acb-59e3a29631ed,Barret,Orsola,#N/A,#N/A,#N/A,#N/A,2347,#N/A,#N/A,#N/A,#N/A,88 Bailey Street,CARODA,NSW,#N/A,Australia,#N/A,#N/A,#N/A,(03) 5338 3985,#N/A,#N/A,#N/A,#N/A,#N/A,jjoannow@prodly.co.invalid,SVP,#N/A,#N/A,#N/A,#N/A,#N/A,false,#N/A,#N/A,#N/A,#N/A,false,#N/A,#N/A,false,#N/A,#N/A,#N/A,#N/A,Prodly,#N/A,#N/A,false,false,#N/A
b2d45450-31d6-4e17-a04f-8dd3a6fea68f,61838829-a9b7-4f28-86cc-0de1448b0912,Wilbert,Biddy,#N/A,#N/A,#N/A,#N/A,#N/A,#N/A,#N/A,#N/A,#N/A,#N/A,#N/A,#N/A,#N/A,#N/A,#N/A,#N/A,#N/A,011 49 69 3576 6843,#N/A,#N/A,#N/A,#N/A,#N/A,jjoannow@prodly.co.invalid,COO,#N/A,#N/A,#N/A,1981-01-24,#N/A,false,#N/A,#N/A,#N/A,#N/A,false,#N/A,#N/A,false,#N/A,#N/A,#N/A,#N/A,Prodly,#N/A,#N/A,false,false,#N/A
11edd1f7-1701-457f-b697-ecb5dc6d78f1,51b706db-46cb-4f9e-88c2-0ff80ad8062f,Jermayne,Maiga,#N/A,460 Waymouth St,Adelaide,SA,5000,Australia,#N/A,#N/A,#N/A,460 Waymouth St,Adelaide,SA,5000,Australia,#N/A,#N/A,#N/A,(08) 6471 7134,(08) 6471 7134,0424 210 803,#N/A,#N/A,(08) 6471 7134,jjoannow@prodly.co.invalid,"EVP, Business Development",Business Development,#N/A,#N/A,#N/A,#N/A,false,#N/A,#N/A,#N/A,#N/A,false,#N/A,#N/A,false,#N/A,#N/A,#N/A,#N/A,Prodly,#N/A,#N/A,false,false,#N/A
637dfd0c-b651-4860-9a39-631090c375be,bcfff8a0-c370-4978-a439-087e1082693b,Beauregard,Moyra,#N/A,28 Besline St,Kuraby,QLD,4112,Australia,#N/A,#N/A,#N/A,28 Besline St,Kuraby,QLD,4112,Australia,#N/A,#N/A,#N/A,(07) 8371 6115,(07) 8371 6115,0430 758 166,#N/A,#N/A,(07) 8371 6115,jjoannow@prodly.co.invalid,"VP, IT Operations",IT,#N/A,#N/A,#N/A,#N/A,false,#N/A,#N/A,#N/A,#N/A,false,#N/A,#N/A,false,#N/A,#N/A,#N/A,#N/A,Prodly,#N/A,#N/A,false,false,#N/A
2d342213-c11f-4240-9ef1-212af973ebfd,37d17b99-4830-49dd-b4a3-bf975a4ccd67,Danie,Alethea,#N/A,390 Harris Street,Sydney,NSW,2007,Australia,#N/A,#N/A,#N/A,390 Harris Street,Sydney,NSW,2007,Australia,#N/A,#N/A,#N/A,(02) 6089 8320,(02) 6089 8320,0423 551 697,#N/A,#N/A,(02) 6089 8320,jjoannow@prodly.co.invalid,"VP, Product Management",Engineering,#N/A,#N/A,#N/A,#N/A,false,#N/A,#N/A,#N/A,#N/A,false,#N/A,#N/A,false,#N/A,#N/A,#N/A,#N/A,Prodly,#N/A,#N/A,false,false,#N/A
9624e0af-c451-4b69-88f4-17dbf4789ba8,665a4387-ede2-4ce4-a726-000ff3d2d922,Frederic,Anita,#N/A,#N/A,#N/A,#N/A,#N/A,#N/A,#N/A,#N/A,#N/A,39 Crown Street,London,#N/A,SW6 0EP,UK,#N/A,#N/A,#N/A,79 6365 8742,#N/A,#N/A,#N/A,#N/A,#N/A,jjoannow@prodly.co.invalid,SVP,#N/A,#N/A,#N/A,#N/A,#N/A,false,#N/A,#N/A,#N/A,#N/A,false,#N/A,#N/A,false,#N/A,#N/A,#N/A,#N/A,Prodly,#N/A,#N/A,false,false,#N/A
e2a4d411-6ee5-47a5-898d-c1f1c3b06df5,bcfff8a0-c370-4978-a439-087e1082693b,Nick,Luise,#N/A,#N/A,#N/A,#N/A,3293,#N/A,#N/A,#N/A,#N/A,26 Dalgarno Street,GLENTHOMPSON,VIC,#N/A,Australia,#N/A,#N/A,#N/A,(03) 5338 4077,#N/A,#N/A,#N/A,#N/A,#N/A,jjoannow@prodly.co.invalid,CFO,#N/A,#N/A,#N/A,#N/A,#N/A,false,#N/A,#N/A,#N/A,#N/A,false,#N/A,#N/A,false,#N/A,#N/A,#N/A,#N/A,Prodly,#N/A,#N/A,false,false,#N/A
b417b905-027a-4857-af4a-8d271c953645,269f82ea-422b-48a2-bc48-586d44eca005,Curran,Bridget,#N/A,#N/A,#N/A,#N/A,#N/A,#N/A,#N/A,#N/A,#N/A,39 Crown Street,London,#N/A,SW6 0EP,UK,#N/A,#N/A,#N/A,83 6365 8742,#N/A,#N/A,#N/A,#N/A,#N/A,jjoannow@prodly.co.invalid,SVP,#N/A,#N/A,#N/A,#N/A,#N/A,false,#N/A,#N/A,#N/A,#N/A,false,#N/A,#N/A,false,#N/A,#N/A,#N/A,#N/A,Prodly,#N/A,#N/A,false,false,#N/A
54a85cf3-6328-4a43-8891-55f144c1d67e,f0f01eb2-48d1-4867-a224-ac73e887e68e,Hansiain,Grazia,#N/A,#N/A,#N/A,#N/A,#N/A,#N/A,#N/A,#N/A,#N/A,#N/A,#N/A,#N/A,#N/A,#N/A,#N/A,#N/A,#N/A,(893) 203-5336,#N/A,#N/A,#N/A,#N/A,#N/A,jjoannow@prodly.co.invalid,Chairman of the Board and CEO,#N/A,#N/A,#N/A,#N/A,#N/A,false,#N/A,#N/A,#N/A,#N/A,false,#N/A,#N/A,false,#N/A,#N/A,#N/A,#N/A,Prodly,#N/A,#N/A,false,false,#N/A
01dee146-10e9-4c94-97f0-34ec2f655f48,ad8f7837-d32f-413c-b3c4-b90bb36895cc,Sherm,Saraann,#N/A,#N/A,#N/A,#N/A,#N/A,#N/A,#N/A,#N/A,#N/A,123 Main St.,Denver,CO,80204,USA,#N/A,#N/A,#N/A,(795) 638-9503,#N/A,#N/A,#N/A,#N/A,#N/A,jjoannow@prodly.co.invalid,COO,#N/A,#N/A,#N/A,1968-09-07,"Jeff Williams is Apple’s Chief Operating Officer reporting to CEO Tim Cook. Since 2010 he has overseen Apple’s entire supply chain, service and support, and the social responsibility initiatives which protect more than one million workers worldwide. He also oversees the development of Apple Watch, Apple’s most personal device yet, and is driving the company’s health initiatives including ResearchKit, which is aimed at simplifying medical and health research.",false,#N/A,#N/A,#N/A,#N/A,false,#N/A,#N/A,false,#N/A,#N/A,#N/A,#N/A,Prodly,#N/A,#N/A,false,false,#N/A
8e8dc1fa-2371-4543-b580-a286c71320a8,65348251-9e23-4124-ae6c-95098e9d91a2,Hank,Cloris,#N/A,#N/A,#N/A,#N/A,#N/A,#N/A,#N/A,#N/A,#N/A,#N/A,#N/A,#N/A,#N/A,#N/A,#N/A,#N/A,#N/A,(205) 218-9361,#N/A,#N/A,#N/A,#N/A,#N/A,jjoannow@prodly.co.invalid,CEO,#N/A,#N/A,#N/A,#N/A,#N/A,false,#N/A,#N/A,#N/A,#N/A,false,#N/A,#N/A,false,#N/A,#N/A,#N/A,#N/A,Prodly,#N/A,#N/A,false,false,#N/A
b4e7be79-a972-4fe1-8033-5ac8fe899655,ad4efe8f-969d-45a6-8367-92d37737206b,Pooh,Aviva,#N/A,#N/A,#N/A,#N/A,#N/A,#N/A,#N/A,#N/A,#N/A,97 Gordon Terrace,BARTON BENDISH,#N/A,PE33 1YD,UK,#N/A,#N/A,#N/A,070 4352 5277,#N/A,#N/A,#N/A,#N/A,#N/A,jjoannow@prodly.co.invalid,CFO,#N/A,#N/A,#N/A,#N/A,#N/A,false,#N/A,#N/A,#N/A,#N/A,false,#N/A,#N/A,false,#N/A,#N/A,#N/A,#N/A,Prodly,#N/A,#N/A,false,false,#N/A
0533c5e3-270c-4414-953b-1878792a352d,2c61e3dd-1c2f-4f8b-a766-c27c1a92a5b0,Bartholemy,Lavena,#N/A,#N/A,Indianapolis,#N/A,#N/A,#N/A,#N/A,#N/A,#N/A,71 Miller Hill,#N/A,IN,46202,USA,#N/A,#N/A,#N/A,#N/A,#N/A,#N/A,#N/A,#N/A,#N/A,jjoannow@prodly.co.invalid,#N/A,#N/A,#N/A,#N/A,#N/A,#N/A,false,#N/A,#N/A,#N/A,#N/A,false,#N/A,#N/A,false,#N/A,#N/A,#N/A,#N/A,Prodly,#N/A,#N/A,false,false,#N/A
11cd49a1-9cfa-4364-a8de-1f2604831a2c,e2705254-9a30-42a3-ac3d-f0403ba3e71d,Lannie,Meridel,#N/A,#N/A,#N/A,#N/A,#N/A,#N/A,#N/A,#N/A,#N/A,4 Yawkey Way,Boston,MA,2215,USA,#N/A,#N/A,#N/A,(512) 794-9519,#N/A,#N/A,#N/A,#N/A,#N/A,jjoannow@prodly.co.invalid,CEO,#N/A,#N/A,#N/A,#N/A,"Michael L. Corbat is Chief Executive Officer of Citigroup, the world's global bank, with approximately 200 million customer accounts and activities in more than 160 countries and jurisdictions.",false,#N/A,#N/A,#N/A,#N/A,false,#N/A,#N/A,false,#N/A,#N/A,#N/A,#N/A,Prodly,#N/A,#N/A,false,false,#N/A
56c73fb7-f156-463f-a608-4c87525092eb,838737cb-ca38-4df7-892f-df722e0f1e7b,Karoly,Emmey,#N/A,#N/A,#N/A,#N/A,#N/A,#N/A,#N/A,#N/A,#N/A,#N/A,#N/A,#N/A,#N/A,#N/A,#N/A,#N/A,#N/A,011 49 69 3576 6843,#N/A,#N/A,#N/A,#N/A,#N/A,jjoannow@prodly.co.invalid,COO,#N/A,#N/A,#N/A,#N/A,#N/A,false,#N/A,#N/A,#N/A,#N/A,false,#N/A,#N/A,false,#N/A,#N/A,#N/A,#N/A,Prodly,#N/A,#N/A,false,false,#N/A
15f6b8f8-9d67-4835-9e41-de05902750a9,78c2ed00-4bd4-4843-8916-53c1b65e17b8,Walton,Gilligan,#N/A,#N/A,#N/A,#N/A,2454,#N/A,#N/A,#N/A,#N/A,26 Dalgarno Street,KALANG,NSW,#N/A,Australia,#N/A,#N/A,#N/A,(03) 5338 3999,#N/A,#N/A,#N/A,#N/A,#N/A,jjoannow@prodly.co.invalid,CFO,#N/A,#N/A,#N/A,#N/A,#N/A,false,#N/A,#N/A,#N/A,#N/A,false,#N/A,#N/A,false,#N/A,#N/A,#N/A,#N/A,Prodly,#N/A,#N/A,false,false,#N/A
bc6b3ae0-8594-4ae5-93a6-80bb3f5f3806,95e92fce-4b5c-4931-a868-bba192e83b93,Ramsay,Anjanette,#N/A,#N/A,#N/A,#N/A,#N/A,#N/A,#N/A,#N/A,#N/A,#N/A,#N/A,#N/A,#N/A,#N/A,#N/A,#N/A,#N/A,202-555-0112,#N/A,#N/A,#N/A,#N/A,#N/A,jjoannow@prodly.co.invalid,CSO,#N/A,#N/A,#N/A,#N/A,#N/A,false,#N/A,#N/A,#N/A,#N/A,false,#N/A,#N/A,false,#N/A,#N/A,#N/A,#N/A,Prodly,#N/A,#N/A,false,false,#N/A
d2e8d2c8-88ab-4937-a094-6f73b5e8b2d9,8d5db9aa-d4f9-4ab9-9883-4cbd2039d809,Guilbert,Melamie,#N/A,#N/A,New Bedford,#N/A,#N/A,#N/A,#N/A,#N/A,#N/A,53 Park Meadow Pass,#N/A,MA,2745,USA,#N/A,#N/A,#N/A,#N/A,#N/A,#N/A,#N/A,#N/A,#N/A,jjoannow@prodly.co.invalid,#N/A,#N/A,#N/A,#N/A,#N/A,#N/A,false,#N/A,#N/A,#N/A,#N/A,false,#N/A,#N/A,false,#N/A,#N/A,#N/A,#N/A,Prodly,#N/A,#N/A,false,false,#N/A
1bf5c865-27b1-46f5-b1c3-fe5acff16ff7,c0d8f6b6-44a7-40f9-a219-ddba28b10ecc,Adler,Mommy,#N/A,#N/A,#N/A,#N/A,#N/A,#N/A,#N/A,#N/A,#N/A,7000 Coliseum Way,Oakland,CA,94621,USA,#N/A,#N/A,#N/A,(773) 200-1978,#N/A,#N/A,#N/A,#N/A,#N/A,jjoannow@prodly.co.invalid,General Counsel and Coperate Secretary,#N/A,#N/A,#N/A,#N/A,Suzette Long is General Counsel and Corporate Secretary of Caterpillar Inc. with responsibility for the Legal Services Division and the Global Government & Corporate Affairs Division of Caterpillar Inc.,false,#N/A,#N/A,#N/A,#N/A,false,#N/A,#N/A,false,#N/A,#N/A,#N/A,#N/A,Prodly,#N/A,#N/A,false,false,#N/A
88c15043-c81f-4aa9-92c2-7000c2429f10,ad8f7837-d32f-413c-b3c4-b90bb36895cc,Bat,Taryn,#N/A,#N/A,#N/A,#N/A,#N/A,#N/A,#N/A,#N/A,#N/A,123 Main St.,Denver,CO,80204,USA,#N/A,#N/A,#N/A,(471) 227-0158,#N/A,#N/A,#N/A,#N/A,#N/A,jjoannow@prodly.co.invalid,Vice President Communications,#N/A,#N/A,#N/A,1974-08-02,"Dowling is responsible for Apple’s worldwide media relations and communications strategy, leading the public relations team as well as employee communications and corporate events. He previously led Apple’s corporate public relations team for ten years.",false,#N/A,#N/A,#N/A,#N/A,false,#N/A,#N/A,false,#N/A,#N/A,#N/A,#N/A,Prodly,#N/A,#N/A,false,false,#N/A
e2bea5b3-c7b9-42af-86e2-a8ba2aa47fd5,9cc34213-1502-44f3-8ed1-609b175b2f72,Jan,Dodi,#N/A,66 Beckenham St,General Utilities,NSW,2166,Australia,#N/A,#N/A,#N/A,66 Beckenham St,Canley Vale,NSW,2166,Australia,#N/A,#N/A,#N/A,(02) 6479 8597,(02) 6479 8597,0425 210 551,#N/A,#N/A,(02) 6479 8597,jjoannow@prodly.co.invalid,Development Director,Business Development,#N/A,#N/A,#N/A,#N/A,false,#N/A,#N/A,#N/A,#N/A,false,#N/A,#N/A,false,#N/A,#N/A,#N/A,#N/A,Prodly,#N/A,#N/A,false,false,#N/A
fefe58ab-16ab-4c9f-a93e-a536b36a5bb6,96f71fc6-a2ff-454d-a3ed-d3b3813f52f9,Marlow,Tracy,#N/A,#N/A,#N/A,#N/A,#N/A,#N/A,#N/A,#N/A,#N/A,#N/A,#N/A,#N/A,#N/A,#N/A,#N/A,#N/A,#N/A,+81 725 925939,#N/A,#N/A,#N/A,#N/A,#N/A,jjoannow@prodly.co.invalid,CIO,#N/A,#N/A,#N/A,#N/A,#N/A,false,#N/A,#N/A,#N/A,#N/A,false,#N/A,#N/A,false,#N/A,#N/A,#N/A,#N/A,Prodly,#N/A,#N/A,false,false,#N/A
54ab5999-3eff-4784-85cf-0cdf9ba3e7fe,d06a901f-acfb-4ce5-8392-4058ad32485b,Raviv,Ronna,#N/A,#N/A,#N/A,#N/A,#N/A,#N/A,#N/A,#N/A,#N/A,#N/A,#N/A,#N/A,#N/A,#N/A,#N/A,#N/A,#N/A,(293) 243-6884,#N/A,#N/A,#N/A,#N/A,#N/A,jjoannow@prodly.co.invalid,Chief Executive Officer,#N/A,#N/A,#N/A,#N/A,#N/A,false,#N/A,#N/A,#N/A,#N/A,false,#N/A,#N/A,false,#N/A,#N/A,#N/A,#N/A,Prodly,#N/A,#N/A,false,false,#N/A
ba567b15-1067-4d8c-a643-8ef2ac54e1a2,ad8f7837-d32f-413c-b3c4-b90bb36895cc,Franklin,Sheri,#N/A,#N/A,#N/A,#N/A,#N/A,#N/A,#N/A,#N/A,#N/A,#N/A,#N/A,#N/A,#N/A,#N/A,#N/A,#N/A,#N/A,(489) 336-1815,#N/A,#N/A,#N/A,#N/A,#N/A,jjoannow@prodly.co.invalid,SVP Internet and Software Services,#N/A,#N/A,#N/A,#N/A,"Eddy oversees Apple’s industry-leading content stores including the iTunes Store and Apple Music, as well as Apple Pay, Maps, Search Ads, Apple’s innovative iCloud services, and Apple’s productivity and creativity apps. Eddy also leads the newly created team responsible for developing all aspects of Apple’s worldwide video programming. Eddy’s team has an excellent track record of building and strengthening online services to meet and exceed the high expectations of Apple’s customers.",false,#N/A,#N/A,#N/A,#N/A,false,#N/A,#N/A,false,#N/A,#N/A,#N/A,#N/A,Prodly,#N/A,#N/A,false,false,#N/A
7320bf0f-6d35-4cf3-8692-2be34a8befa0,24ae2c90-1f81-4419-94a5-ea1dc5431a2b,Gordy,Lilas,#N/A,350 Collins Street,Melbourne,VIC,3000,Australia,#N/A,#N/A,#N/A,350 Collins Street,Melbourne,VIC,3000,Australia,#N/A,#N/A,#N/A,(03) 6686 8203,(03) 6686 8203,0424 286 735,#N/A,#N/A,(03) 6686 8203,jjoannow@prodly.co.invalid,Purchasing,Operations,#N/A,#N/A,#N/A,#N/A,false,#N/A,#N/A,#N/A,#N/A,false,#N/A,#N/A,false,#N/A,#N/A,#N/A,#N/A,Prodly,#N/A,#N/A,false,false,#N/A
cf893a1f-9e61-4a47-bc89-a95b6790ed8a,63488cc8-bb96-4b19-a250-1e86771ba2d6,Giraud,Brigitta,#N/A,#N/A,#N/A,#N/A,#N/A,#N/A,#N/A,#N/A,#N/A,#N/A,#N/A,#N/A,#N/A,#N/A,#N/A,#N/A,#N/A,(833) 758-6602,#N/A,#N/A,#N/A,#N/A,#N/A,jjoannow@prodly.co.invalid,CFO,#N/A,#N/A,#N/A,#N/A,#N/A,false,#N/A,#N/A,#N/A,#N/A,false,#N/A,#N/A,false,#N/A,#N/A,#N/A,#N/A,Prodly,#N/A,#N/A,false,false,#N/A
d09cbde6-7597-4141-b82a-6c0a948c4273,d023f5b9-1c83-466d-b922-630f7ec2dceb,Talbot,Kaleena,#N/A,#N/A,#N/A,#N/A,2454,#N/A,#N/A,#N/A,#N/A,26 Dalgarno Street,KALANG,NSW,#N/A,Australia,#N/A,#N/A,#N/A,(03) 5338 3996,#N/A,#N/A,#N/A,#N/A,#N/A,jjoannow@prodly.co.invalid,CFO,#N/A,#N/A,#N/A,#N/A,#N/A,false,#N/A,#N/A,#N/A,#N/A,false,#N/A,#N/A,false,#N/A,#N/A,#N/A,#N/A,Prodly,#N/A,#N/A,false,false,#N/A
6c9e78f9-ff46-4d49-bd0d-a49fb5300f0e,4dffeb4d-d4f6-464c-9b57-cda36636f156,Hogan,Dyanne,#N/A,#N/A,#N/A,#N/A,#N/A,#N/A,#N/A,#N/A,#N/A,123 Disc Dr.,Louisville,Colorado,80027,United States,#N/A,#N/A,#N/A,(441) 514-4366,#N/A,#N/A,#N/A,#N/A,#N/A,jjoannow@prodly.co.invalid,CEO,#N/A,#N/A,#N/A,1990-12-13,"Jeff Bezos founded Amazon.com in 1994. Amazon’s mission is to be Earth's most customer-centric company. Amazon offers low prices and fast delivery on millions of items, designs and builds the bestselling Kindle hardware, and empowers companies and governments in over 190 countries around the world with the leading cloud computing infrastructure through its Amazon Web Services offering",false,#N/A,#N/A,#N/A,#N/A,false,#N/A,#N/A,false,#N/A,#N/A,#N/A,#N/A,Prodly,#N/A,#N/A,false,false,#N/A
e3b89cc1-b283-4921-aff5-79fa9e9f72ae,1f0ebca3-5492-47f2-a61e-8a8f0bf1ee82,Tommie,Rorie,#N/A,#N/A,#N/A,#N/A,#N/A,#N/A,#N/A,#N/A,#N/A,#N/A,#N/A,#N/A,#N/A,#N/A,#N/A,#N/A,#N/A,+44 20 5678 9892,#N/A,#N/A,#N/A,#N/A,#N/A,jjoannow@prodly.co.invalid,Salesforce Administrator,#N/A,#N/A,#N/A,1994-04-21,#N/A,false,#N/A,#N/A,#N/A,#N/A,false,#N/A,#N/A,false,#N/A,#N/A,#N/A,#N/A,Prodly,#N/A,#N/A,false,false,#N/A
a52e6bed-158b-48b5-ac7d-e48b9699652e,217f512a-ace2-4a1b-9a0c-005f95f1aa95,Martie,Moll,#N/A,#N/A,#N/A,#N/A,#N/A,#N/A,#N/A,#N/A,#N/A,2001 Blake Street,Denver,CO,80205,USA,#N/A,#N/A,#N/A,(732) 602-5207,#N/A,#N/A,#N/A,#N/A,#N/A,jjoannow@prodly.co.invalid,SEVP and COO,#N/A,#N/A,#N/A,#N/A,"Gil leads the team responsible for safe, reliable operations across the globe, including more than 70,000 employees in Airport Customer Service; Cargo; Corporate Safety, Security and Compliance; Delta Connection; Delta Global Services; Delta Private Jets; Flight Operations; In-Flight Service; Information Technology; Operations Analysis and Performance; Operations and Customer Center; Supply Chain Management; and Technical Operations.",false,#N/A,#N/A,#N/A,#N/A,false,#N/A,#N/A,false,#N/A,#N/A,#N/A,#N/A,Prodly,#N/A,#N/A,false,false,#N/A
b3d62301-c57a-49a7-9839-379e8c7f1b41,269f82ea-422b-48a2-bc48-586d44eca005,Leonerd,Audry,#N/A,#N/A,#N/A,#N/A,#N/A,#N/A,#N/A,#N/A,#N/A,#N/A,#N/A,#N/A,#N/A,#N/A,#N/A,#N/A,#N/A,+33 0 1 42 14 20 00,#N/A,#N/A,#N/A,#N/A,#N/A,jjoannow@prodly.co.invalid,CIO,#N/A,#N/A,#N/A,#N/A,#N/A,false,#N/A,#N/A,#N/A,#N/A,false,#N/A,#N/A,false,#N/A,#N/A,#N/A,#N/A,Prodly,#N/A,#N/A,false,false,#N/A
1cf41865-2db3-4766-8ffa-9ecdb5ceea3c,b01c9288-d7bf-4228-add5-32807ee563b8,Nester,Florinda,#N/A,#N/A,#N/A,#N/A,#N/A,#N/A,#N/A,#N/A,#N/A,#N/A,#N/A,#N/A,#N/A,#N/A,#N/A,#N/A,#N/A,(967) 355-5666,#N/A,#N/A,#N/A,#N/A,#N/A,jjoannow@prodly.co.invalid,"President, US Markets",#N/A,#N/A,#N/A,#N/A,"Mike Triplett was named President, U.S. Markets in February 2017. In this role, he is responsible for leading U.S. market strategy and business growth, building strong local partnerships that result in customer, client, provider and broker satisfaction, access to personalized, affordable health care, and improved total medical costs. Triplett also leads Cigna's specialty product distribution team and has responsibility for Cigna‘s Government and Education, Taft-Hartley and Payer Solutions areas of business along with enterprise Sales Effectiveness.",false,#N/A,#N/A,#N/A,#N/A,false,#N/A,#N/A,false,#N/A,#N/A,#N/A,#N/A,Prodly,#N/A,#N/A,false,false,#N/A
8e5502db-d92c-4651-95de-7c4b9b598bde,ec932bc1-25e3-4572-845a-5c2262116a17,Alberik,Celka,#N/A,#N/A,#N/A,#N/A,#N/A,#N/A,#N/A,#N/A,#N/A,1000 Elysian Park Avenue,Los Angeles,CA,90012,USA,#N/A,#N/A,#N/A,(324) 522-1756,#N/A,#N/A,#N/A,#N/A,#N/A,jjoannow@prodly.co.invalid,CEO,#N/A,#N/A,#N/A,#N/A,Dirk Van de Put became CEO of Mondelēz International and joined the company’s Board of Directors in November 2017. Dirk will assume the role of Chairman of the Board when Irene Rosenfeld retires at the end of March 2018.,false,#N/A,#N/A,#N/A,#N/A,false,#N/A,#N/A,false,#N/A,#N/A,#N/A,#N/A,Prodly,#N/A,#N/A,false,false,#N/A
b67632e2-a757-451f-9820-bb88d0ca1c4c,c0d8f6b6-44a7-40f9-a219-ddba28b10ecc,Oswell,Appolonia,#N/A,#N/A,#N/A,#N/A,#N/A,#N/A,#N/A,#N/A,#N/A,#N/A,#N/A,#N/A,#N/A,#N/A,#N/A,#N/A,#N/A,(440)475-1489,#N/A,#N/A,#N/A,#N/A,#N/A,jjoannow@prodly.co.invalid,CEO,#N/A,#N/A,#N/A,#N/A,#N/A,false,#N/A,#N/A,#N/A,#N/A,false,#N/A,#N/A,false,#N/A,#N/A,#N/A,#N/A,Prodly,#N/A,#N/A,false,false,#N/A
5cebd2a9-abe7-4bdc-b131-fc777f9faa10,c9da821e-eb47-4e5f-ab4b-2d75ca27137b,Waverley,Harriott,#N/A,#N/A,#N/A,#N/A,#N/A,#N/A,#N/A,#N/A,#N/A,#N/A,#N/A,#N/A,#N/A,#N/A,#N/A,#N/A,#N/A,(438) 369-2472,#N/A,#N/A,#N/A,#N/A,#N/A,jjoannow@prodly.co.invalid,EVP and Chief Legal & Risk Officer,#N/A,#N/A,#N/A,#N/A,"Don Liu is executive vice president and chief legal & risk officer for Target and a member of its executive leadership team. He oversees all legal, risk and compliance, corporate governance and governmental affairs matters for the company.",false,#N/A,#N/A,#N/A,#N/A,false,#N/A,#N/A,false,#N/A,#N/A,#N/A,#N/A,Prodly,#N/A,#N/A,false,false,#N/A
63feeafd-b645-461a-87d8-9f581522c957,d855bf74-e885-4ce8-82cc-3149e020b3cf,Fletch,Anthiathia,#N/A,#N/A,#N/A,#N/A,3293,#N/A,#N/A,#N/A,#N/A,26 Dalgarno Street,GLENTHOMPSON,VIC,#N/A,Australia,#N/A,#N/A,#N/A,(03) 5338 3936,#N/A,#N/A,#N/A,#N/A,#N/A,jjoannow@prodly.co.invalid,CFO,#N/A,#N/A,#N/A,#N/A,#N/A,false,#N/A,#N/A,#N/A,#N/A,false,#N/A,#N/A,false,#N/A,#N/A,#N/A,#N/A,Prodly,#N/A,#N/A,false,false,#N/A
c7249f7e-6f35-4755-92ea-632b8b14fce9,9012b860-a22c-4bc3-8153-993c20d04218,Regan,Dorothea,#N/A,#N/A,#N/A,#N/A,3293,#N/A,#N/A,#N/A,#N/A,88 Bailey Street,GLENTHOMPSON,VIC,#N/A,Australia,#N/A,#N/A,#N/A,(03) 5338 4051,#N/A,#N/A,#N/A,#N/A,#N/A,jjoannow@prodly.co.invalid,SVP,#N/A,#N/A,#N/A,#N/A,#N/A,false,#N/A,#N/A,#N/A,#N/A,false,#N/A,#N/A,false,#N/A,#N/A,#N/A,#N/A,Prodly,#N/A,#N/A,false,false,#N/A
84280c84-08ad-4a51-a415-f4049bc83de1,710fe2fe-521a-4718-bd07-70d4ff925556,Dill,Charmine,#N/A,200 George Street,Sydney,NSW,2000,Australia,#N/A,#N/A,#N/A,200 George Street,Sydney,NSW,2000,Australia,#N/A,#N/A,#N/A,(02) 6776 6605,(02) 6776 6605,0425 790 471,#N/A,#N/A,(02) 6776 6605,jjoannow@prodly.co.invalid,"SVP, Technology",Operations,#N/A,#N/A,#N/A,#N/A,false,#N/A,#N/A,#N/A,#N/A,false,#N/A,#N/A,false,#N/A,#N/A,#N/A,#N/A,Prodly,#N/A,#N/A,false,false,#N/A
b4c048e7-ee9c-454a-9962-c9b5e6a46b0d,7d260df7-02d6-4d22-8aef-ba7349f852ae,Cob,Robyn,#N/A,57 Clifton Dr,Bacchus Marsh,VIC,3340,Australia,#N/A,#N/A,#N/A,57 Clifton Dr,Bacchus Marsh,VIC,3340,Australia,#N/A,#N/A,#N/A,(03) 7027 6706,(03) 7027 6706,0411 887 293,#N/A,#N/A,(03) 7027 6706,jjoannow@prodly.co.invalid,Product Marketing Manager,Marketing,#N/A,#N/A,#N/A,#N/A,false,#N/A,#N/A,#N/A,#N/A,false,#N/A,#N/A,false,#N/A,#N/A,#N/A,#N/A,Prodly,#N/A,#N/A,false,false,#N/A
abd571c0-e7f0-4e38-8575-f8090030b650,32e8f6f3-5748-4baf-8bda-c17fff24bb87,Giffard,Christel,#N/A,#N/A,#N/A,#N/A,#N/A,#N/A,#N/A,#N/A,#N/A,#N/A,#N/A,#N/A,#N/A,#N/A,#N/A,#N/A,#N/A,(276)956-8748,#N/A,#N/A,#N/A,#N/A,#N/A,jjoannow@prodly.co.invalid,CFO,#N/A,#N/A,#N/A,#N/A,#N/A,false,#N/A,#N/A,#N/A,#N/A,false,#N/A,#N/A,false,#N/A,#N/A,#N/A,#N/A,Prodly,#N/A,#N/A,false,false,#N/A
66679c0e-90a4-4d6f-9340-de6032aec9d6,67426f85-bf8c-4abf-b75e-2c60defdf66c,Jules,Mirabella,#N/A,348 St Kilda Road,Melbourne,VIC,3004,Australia,#N/A,#N/A,#N/A,348 St Kilda Road,Melbourne,VIC,3004,Australia,#N/A,#N/A,#N/A,(03) 8179 6906,(03) 8179 6906,0426 336 261,#N/A,#N/A,(03) 8179 6906,jjoannow@prodly.co.invalid,"VP, Product Management",Engineering,#N/A,#N/A,#N/A,#N/A,false,#N/A,#N/A,#N/A,#N/A,false,#N/A,#N/A,false,#N/A,#N/A,#N/A,#N/A,Prodly,#N/A,#N/A,false,false,#N/A
1c7b5f76-9ef0-41a6-8676-80ed5b7f7ac0,484d572f-f176-4951-8005-44fc815f8edf,Verne,Merola,#N/A,#N/A,#N/A,#N/A,#N/A,#N/A,#N/A,#N/A,#N/A,1 Met Life Stadium Drive,East Rutherford,NJ,7073,USA,#N/A,#N/A,#N/A,(886) 503-7974,#N/A,#N/A,#N/A,#N/A,#N/A,jjoannow@prodly.co.invalid,CFO,#N/A,#N/A,#N/A,#N/A,"Mr. David P. Phillips has been the Chief Financial Officer and Treasurer of Publix Super Markets, Inc. since 1990 and serves as its Executive Vice President and Principal Accounting Officer January 2016.",false,#N/A,#N/A,#N/A,#N/A,false,#N/A,#N/A,false,#N/A,#N/A,#N/A,#N/A,Prodly,#N/A,#N/A,false,false,#N/A
dac5a7c5-c910-4a5c-b3df-eb82b2b0e6cb,fe83115d-1b24-4ca4-951f-9dbf397747e6,Erny,Lian,#N/A,#N/A,#N/A,#N/A,#N/A,#N/A,#N/A,#N/A,#N/A,#N/A,#N/A,#N/A,#N/A,#N/A,#N/A,#N/A,#N/A,+33 0 1 42 14 20 00,#N/A,#N/A,#N/A,#N/A,#N/A,jjoannow@prodly.co.invalid,CIO,#N/A,#N/A,#N/A,#N/A,#N/A,false,#N/A,#N/A,#N/A,#N/A,false,#N/A,#N/A,false,#N/A,#N/A,#N/A,#N/A,Prodly,#N/A,#N/A,false,false,#N/A
6df7e216-c1cc-42dd-93b4-0d9ba6947982,aeb8d549-4aaf-45c9-bd83-ba0ccb3cce35,Charlton,Kynthia,#N/A,#N/A,#N/A,#N/A,#N/A,#N/A,#N/A,#N/A,#N/A,#N/A,#N/A,#N/A,#N/A,#N/A,#N/A,#N/A,#N/A,(417)579-6038,#N/A,#N/A,#N/A,#N/A,#N/A,jjoannow@prodly.co.invalid,COO,#N/A,#N/A,#N/A,#N/A,#N/A,false,#N/A,#N/A,#N/A,#N/A,false,#N/A,#N/A,false,#N/A,#N/A,#N/A,#N/A,Prodly,#N/A,#N/A,false,false,#N/A
724cd27b-4a73-447f-90a1-2d70f45d7133,2aaa3f1b-0810-40c9-a48e-691cc50d9dac,Rickie,Abra,#N/A,#N/A,#N/A,#N/A,#N/A,#N/A,#N/A,#N/A,#N/A,#N/A,#N/A,#N/A,#N/A,#N/A,#N/A,#N/A,#N/A,(968) 753-7479,#N/A,#N/A,#N/A,#N/A,#N/A,jjoannow@prodly.co.invalid,Group Vice President of Retail Operatiions,#N/A,#N/A,#N/A,#N/A,#N/A,false,#N/A,#N/A,#N/A,#N/A,false,#N/A,#N/A,false,#N/A,#N/A,#N/A,#N/A,Prodly,#N/A,#N/A,false,false,#N/A
f0d0c810-119e-459d-a2ca-beff3f2ba7ae,082acf9c-8891-420c-a3fd-66f6c6097e3c,Wells,Danit,#N/A,#N/A,#N/A,#N/A,2454,#N/A,#N/A,#N/A,#N/A,88 Bailey Street,KALANG,NSW,#N/A,Australia,#N/A,#N/A,#N/A,(03) 5338 4072,#N/A,#N/A,#N/A,#N/A,#N/A,jjoannow@prodly.co.invalid,SVP,#N/A,#N/A,#N/A,#N/A,#N/A,false,#N/A,#N/A,#N/A,#N/A,false,#N/A,#N/A,false,#N/A,#N/A,#N/A,#N/A,Prodly,#N/A,#N/A,false,false,#N/A
edc8d1e5-ca68-4de3-b0ab-0788023fb1df,51a12852-b282-4490-b9dd-bf2285c93137,Sylas,Dora,#N/A,#N/A,#N/A,#N/A,#N/A,#N/A,#N/A,#N/A,#N/A,1000 Elysian Park Avenue,Los Angeles,CA,90012,USA,#N/A,#N/A,#N/A,(109) 578-3576,#N/A,#N/A,#N/A,#N/A,#N/A,jjoannow@prodly.co.invalid,CHRO,#N/A,#N/A,#N/A,1976-08-24,"Susan Podlogar is MetLife’s Chief Human Resources Officer. She is an Executive Vice President and a member of the company’s Executive Group. She joined MetLife in July 2017 and oversees its global Human Resources strategies and practices with the goal of attracting, developing and retaining a workforce that creates value for MetLife customers and shareholders every day.",false,#N/A,#N/A,#N/A,#N/A,false,#N/A,#N/A,false,#N/A,#N/A,#N/A,#N/A,Prodly,#N/A,#N/A,false,false,#N/A
39d8ceec-5b33-40fd-96c3-3c08e9e8ca99,fe981786-e62e-4e7c-9912-0f705b23f2af,Donovan,Corrina,#N/A,#N/A,#N/A,#N/A,2347,#N/A,#N/A,#N/A,#N/A,88 Bailey Street,CARODA,NSW,#N/A,Australia,#N/A,#N/A,#N/A,(03) 5338 3991,#N/A,#N/A,#N/A,#N/A,#N/A,jjoannow@prodly.co.invalid,SVP,#N/A,#N/A,#N/A,#N/A,#N/A,false,#N/A,#N/A,#N/A,#N/A,false,#N/A,#N/A,false,#N/A,#N/A,#N/A,#N/A,Prodly,#N/A,#N/A,false,false,#N/A
1d14813e-8407-42c4-b518-7f8bd912e591,008b1ced-108a-461f-ad47-c2951a7a99f8,Adlai,Lenka,#N/A,#N/A,#N/A,#N/A,#N/A,#N/A,#N/A,#N/A,#N/A,1 AT&T Way,Arlington,TX,76011,USA,#N/A,#N/A,#N/A,(303) 999-1234,#N/A,#N/A,#N/A,#N/A,#N/A,jjoannow@prodly.co.invalid,SVP,#N/A,#N/A,#N/A,#N/A,"Throughout his career, Mr. Albers has held a variety of managerial positions in development, operations, production and engineering. After several assignments in Texas and New Jersey, in 1991 he was transferred to Esso Australia in Melbourne as technical manager and later became operations manager. He then held positions as Alaska interests manager and production manager for the Western U.S.",false,#N/A,#N/A,#N/A,#N/A,false,#N/A,#N/A,false,#N/A,#N/A,#N/A,#N/A,Prodly,#N/A,#N/A,false,false,#N/A
cb274353-10f4-4477-ab34-af7ae8d463c3,d76c61e6-6647-4252-942f-1e9ad16b1557,Martainn,Sibbie,#N/A,#N/A,#N/A,#N/A,#N/A,#N/A,#N/A,#N/A,#N/A,14 Ross Road,Marple,#N/A,SK6 4HJ,UK,#N/A,#N/A,#N/A,078 0017 4455,#N/A,#N/A,#N/A,#N/A,#N/A,jjoannow@prodly.co.invalid,CEO,#N/A,#N/A,#N/A,#N/A,#N/A,false,#N/A,#N/A,#N/A,#N/A,false,#N/A,#N/A,false,#N/A,#N/A,#N/A,#N/A,Prodly,#N/A,#N/A,false,false,#N/A
92c15f2e-bbe0-4c54-890b-f7730c9be4b7,67426f85-bf8c-4abf-b75e-2c60defdf66c,Barry,Tally,#N/A,34 Frasers Rd,Mitchelton,QLD,4053,Australia,#N/A,#N/A,#N/A,34 Frasers Rd,Mitchelton,QLD,4053,Australia,#N/A,#N/A,#N/A,(07) 6733 6787,(07) 6733 6787,0422 537 716,#N/A,#N/A,(07) 6733 6787,jjoannow@prodly.co.invalid,Chief Executive Officer and Chairman,CEO,#N/A,#N/A,#N/A,#N/A,false,#N/A,#N/A,#N/A,#N/A,false,#N/A,#N/A,false,#N/A,#N/A,#N/A,#N/A,Prodly,#N/A,#N/A,false,false,#N/A
5c42ba8c-897b-4e85-bde4-1f62a08acdd6,7fdede46-988b-4634-8b37-9392bb140aef,Valentijn,Margarette,#N/A,5/19-21 Shields St,Redcliffe,QLD,4020,Australia,#N/A,#N/A,#N/A,5/19-21 Shields St,Redcliffe,QLD,4020,Australia,#N/A,#N/A,#N/A,(07) 8812 8249,(07) 8812 8249,0415 721 211,#N/A,#N/A,(07) 8812 8249,jjoannow@prodly.co.invalid,VP of Sales,Sales,#N/A,#N/A,#N/A,#N/A,false,#N/A,#N/A,#N/A,#N/A,false,#N/A,#N/A,false,#N/A,#N/A,#N/A,#N/A,Prodly,#N/A,#N/A,false,false,#N/A
db34bd2e-a71e-42df-8e04-0005b301f029,f915d9d1-7758-4036-b0a1-f34676a9f27b,Ebeneser,Dorree,#N/A,200 Elizabeth Street,Melbourne,VIC,3000,Australia,#N/A,#N/A,#N/A,200 Elizabeth Street,Melbourne,VIC,3000,Australia,#N/A,#N/A,#N/A,(03) 8973 7103,(03) 8973 7103,0429 358 528,#N/A,#N/A,(03) 8973 7103,jjoannow@prodly.co.invalid,"Senior Director, Services",Operations,#N/A,#N/A,#N/A,#N/A,false,#N/A,#N/A,#N/A,#N/A,false,#N/A,#N/A,false,#N/A,#N/A,#N/A,#N/A,Prodly,#N/A,#N/A,false,false,#N/A
afd04f3d-058e-4ea8-a099-0ad9f16e9b19,0231da6a-f192-45c1-90b5-d11ea138fd7b,Rab,Cairistiona,#N/A,#N/A,#N/A,#N/A,#N/A,#N/A,#N/A,#N/A,#N/A,#N/A,#N/A,#N/A,#N/A,#N/A,#N/A,#N/A,#N/A,(102) 626-6339,#N/A,#N/A,#N/A,#N/A,#N/A,jjoannow@prodly.co.invalid,CEO,#N/A,#N/A,#N/A,#N/A,"Bruce D. Broussard, President and CEO, joined Humana in 2011. Under his leadership, Humana has created an integrated care delivery model centered on improving health outcomes, driving lower costs, enhancing quality, and providing a simple and personalized member experience. With its holistic approach, Humana is dedicated to improving the health of the communities it serves by making it easy for people to achieve their best health.",false,#N/A,#N/A,#N/A,#N/A,false,#N/A,#N/A,false,#N/A,#N/A,#N/A,#N/A,Prodly,#N/A,#N/A,false,false,#N/A
bbaee482-3fae-46e2-a4ca-79989d285c7a,e8b1df73-2693-4997-b345-adf992fbb341,Bruce,Jere,#N/A,#N/A,#N/A,#N/A,#N/A,#N/A,#N/A,#N/A,#N/A,#N/A,#N/A,#N/A,#N/A,#N/A,#N/A,#N/A,#N/A,(688) 761-6550,#N/A,#N/A,#N/A,#N/A,#N/A,jjoannow@prodly.co.invalid,CFO,#N/A,#N/A,#N/A,#N/A,#N/A,false,#N/A,#N/A,#N/A,#N/A,false,#N/A,#N/A,false,#N/A,#N/A,#N/A,#N/A,Prodly,#N/A,#N/A,false,false,#N/A
8913a581-17a3-4938-b95b-ff393c93fc9b,ec4fe2b0-83be-4a18-8a3b-0262fd09ea76,Dougy,Tuesday,#N/A,#N/A,#N/A,#N/A,2454,#N/A,#N/A,#N/A,#N/A,32 Railway Street,KALANG,NSW,#N/A,Australia,#N/A,#N/A,#N/A,(03) 5338 3929,#N/A,#N/A,#N/A,#N/A,#N/A,jjoannow@prodly.co.invalid,CEO,#N/A,#N/A,#N/A,#N/A,#N/A,false,#N/A,#N/A,#N/A,#N/A,false,#N/A,#N/A,false,#N/A,#N/A,#N/A,#N/A,Prodly,#N/A,#N/A,false,false,#N/A
d2383bce-ce29-4671-a394-d5f820d3b40c,3f1019f9-8981-40f5-a60f-3c5c43ec63da,Parke,Liliane,#N/A,#N/A,#N/A,#N/A,2454,#N/A,#N/A,#N/A,#N/A,26 Dalgarno Street,KALANG,NSW,#N/A,Australia,#N/A,#N/A,#N/A,(03) 5338 4020,#N/A,#N/A,#N/A,#N/A,#N/A,jjoannow@prodly.co.invalid,CFO,#N/A,#N/A,#N/A,#N/A,#N/A,false,#N/A,#N/A,#N/A,#N/A,false,#N/A,#N/A,false,#N/A,#N/A,#N/A,#N/A,Prodly,#N/A,#N/A,false,false,#N/A
c1ec9030-0c18-4232-ab03-b52557ecde6a,076542db-b683-4cfb-970f-9db92e5b1727,Daryl,Idalia,#N/A,#N/A,#N/A,#N/A,3293,#N/A,#N/A,#N/A,#N/A,26 Dalgarno Street,GLENTHOMPSON,VIC,#N/A,Australia,#N/A,#N/A,#N/A,(03) 5338 3951,#N/A,#N/A,#N/A,#N/A,#N/A,jjoannow@prodly.co.invalid,CFO,#N/A,#N/A,#N/A,#N/A,#N/A,false,#N/A,#N/A,#N/A,#N/A,false,#N/A,#N/A,false,#N/A,#N/A,#N/A,#N/A,Prodly,#N/A,#N/A,false,false,#N/A
7cef8921-a380-4474-84ec-f593e7eea472,df29e9b2-8e18-42f6-87ae-96ff28699745,Thom,Julee,#N/A,#N/A,#N/A,#N/A,#N/A,#N/A,#N/A,#N/A,#N/A,401 East Jefferson Street,Phoenix,AZ,85004,USA,#N/A,#N/A,#N/A,(652) 915-9158,#N/A,#N/A,#N/A,#N/A,#N/A,jjoannow@prodly.co.invalid,CFO,#N/A,#N/A,#N/A,#N/A,#N/A,false,#N/A,#N/A,#N/A,#N/A,false,#N/A,#N/A,false,#N/A,#N/A,#N/A,#N/A,Prodly,#N/A,#N/A,false,false,#N/A
8559d443-8a20-4d28-9d6e-cf11012f6a08,1a26b41c-d212-44be-956a-5064237bc0a1,Davy,Alice,#N/A,#N/A,#N/A,#N/A,#N/A,#N/A,#N/A,#N/A,#N/A,#N/A,#N/A,#N/A,#N/A,#N/A,#N/A,#N/A,#N/A,(826) 130-9961,#N/A,#N/A,#N/A,#N/A,#N/A,jjoannow@prodly.co.invalid,Vice Chariman,#N/A,#N/A,#N/A,#N/A,#N/A,false,#N/A,#N/A,#N/A,#N/A,false,#N/A,#N/A,false,#N/A,#N/A,#N/A,#N/A,Prodly,#N/A,#N/A,false,false,#N/A
5d7162b4-ff78-4b7c-b8d9-061ae14218da,ab96b432-45f8-4254-bdab-fffc68af26e7,Pepillo,Billi,#N/A,#N/A,#N/A,#N/A,#N/A,#N/A,#N/A,#N/A,#N/A,39 Crown Street,London,#N/A,SW6 0EP,UK,#N/A,#N/A,#N/A,84 6365 8742,#N/A,#N/A,#N/A,#N/A,#N/A,jjoannow@prodly.co.invalid,SVP,#N/A,#N/A,#N/A,#N/A,#N/A,false,#N/A,#N/A,#N/A,#N/A,false,#N/A,#N/A,false,#N/A,#N/A,#N/A,#N/A,Prodly,#N/A,#N/A,false,false,#N/A
16faf8e7-3c4c-4775-99cf-885d63245ac8,26cf9f56-af40-4006-a72a-74def8d502ed,Kory,Gwendolen,#N/A,#N/A,#N/A,#N/A,#N/A,#N/A,#N/A,#N/A,#N/A,1701 Bryant Street,Denver,CO,80204,USA,#N/A,#N/A,#N/A,(789) 222-2376,#N/A,#N/A,#N/A,#N/A,#N/A,jjoannow@prodly.co.invalid,SVP & General Counsel,#N/A,#N/A,#N/A,#N/A,Senior Vice President and General Counsel for GE,false,#N/A,#N/A,#N/A,#N/A,false,#N/A,#N/A,false,#N/A,#N/A,#N/A,#N/A,Prodly,#N/A,#N/A,false,false,#N/A
e9a4ea68-f0dc-47de-8689-3abbf036b0bd,61838829-a9b7-4f28-86cc-0de1448b0912,Conny,Rebekkah,#N/A,#N/A,#N/A,#N/A,#N/A,#N/A,#N/A,#N/A,#N/A,14 Ross Road,Marple,#N/A,SK6 4HJ,UK,#N/A,#N/A,#N/A,078 0017 4455,#N/A,#N/A,#N/A,#N/A,#N/A,jjoannow@prodly.co.invalid,CEO,#N/A,#N/A,#N/A,#N/A,#N/A,false,#N/A,#N/A,#N/A,#N/A,false,#N/A,#N/A,false,#N/A,#N/A,#N/A,#N/A,Prodly,#N/A,#N/A,false,false,#N/A
2b4a2986-ad20-44aa-8205-13ccb59438dd,f0f01eb2-48d1-4867-a224-ac73e887e68e,Kelly,Eleonore,#N/A,#N/A,#N/A,#N/A,#N/A,#N/A,#N/A,#N/A,#N/A,#N/A,#N/A,#N/A,#N/A,#N/A,#N/A,#N/A,#N/A,(711) 206-8160,#N/A,#N/A,#N/A,#N/A,#N/A,jjoannow@prodly.co.invalid,Executive Vice President and Chief Human Resources Officer,#N/A,#N/A,#N/A,#N/A,#N/A,false,#N/A,#N/A,#N/A,#N/A,false,#N/A,#N/A,false,#N/A,#N/A,#N/A,#N/A,Prodly,#N/A,#N/A,false,false,#N/A
4a528b99-f290-4942-9485-0c35483e0d97,bad389f6-e263-4c09-bfb4-0d16f88c1b41,Irv,Laverne,#N/A,#N/A,#N/A,#N/A,3293,#N/A,#N/A,#N/A,#N/A,26 Dalgarno Street,GLENTHOMPSON,VIC,#N/A,Australia,#N/A,#N/A,#N/A,(03) 5338 3942,#N/A,#N/A,#N/A,#N/A,#N/A,jjoannow@prodly.co.invalid,CFO,#N/A,#N/A,#N/A,#N/A,#N/A,false,#N/A,#N/A,#N/A,#N/A,false,#N/A,#N/A,false,#N/A,#N/A,#N/A,#N/A,Prodly,#N/A,#N/A,false,false,#N/A
e270c824-8439-421f-b643-91b2b97630ac,9cc34213-1502-44f3-8ed1-609b175b2f72,Elmer,Cynde,#N/A,57 Clifton Dr,Bacchus Marsh,VIC,3340,Australia,#N/A,#N/A,#N/A,57 Clifton Dr,Bacchus Marsh,VIC,3340,Australia,#N/A,#N/A,#N/A,(03) 8223 6009,(03) 8223 6009,0427 614 581,#N/A,#N/A,(03) 8223 6009,jjoannow@prodly.co.invalid,VP of Marketing,Marketing,#N/A,#N/A,#N/A,#N/A,false,#N/A,#N/A,#N/A,#N/A,false,#N/A,#N/A,false,#N/A,#N/A,#N/A,#N/A,Prodly,#N/A,#N/A,false,false,#N/A
b49abe82-6b45-4700-a502-8993028cbaf1,ea2daf27-d46a-40d5-87c8-cb727a4d6b63,Gaspar,Lorain,#N/A,390 Interlocken Crescent #500,Broomfield,CO,80021,USA,#N/A,#N/A,#N/A,555 Corporate Ave.,San Francisco,CA,94105,USA,#N/A,#N/A,#N/A,(974) 230-5869,(303) 234-5678,(303) 123-4567,(555) 666-8888,#N/A,123 098 7654,jjoannow@prodly.co.invalid,SVP and CFO,Manufacturing - Floor,Jenny Smith,#N/A,1973-11-23,"Mr. Griffith is senior vice president and chief financial officer of Marathon Petroleum Corporation. He is a member of the boards of directors of MPLX GP LLC and the Marathon Center for the Performing Arts, where he serves on the finance committee. Mr. Griffith is chair of the investment committee for the Boy Scouts of America Black Swamp Council and treasurer of Berry Boy Scouts Inc.",false,#N/A,#N/A,#N/A,#N/A,false,#N/A,#N/A,false,#N/A,#N/A,#N/A,#N/A,Prodly,#N/A,#N/A,false,false,#N/A
0472c2f6-3de6-4925-8fad-457d5ecb344c,e6b8eecb-c6a5-4a49-9a0b-608318fb1c89,Haskell,Cindelyn,#N/A,#N/A,#N/A,#N/A,#N/A,#N/A,#N/A,#N/A,#N/A,#N/A,#N/A,#N/A,#N/A,#N/A,#N/A,#N/A,#N/A,(03) 6509 66512,#N/A,#N/A,#N/A,#N/A,#N/A,jjoannow@prodly.co.invalid,CFO,#N/A,#N/A,#N/A,#N/A,#N/A,false,#N/A,#N/A,#N/A,#N/A,false,#N/A,#N/A,false,#N/A,#N/A,#N/A,#N/A,Prodly,#N/A,#N/A,false,false,#N/A
3c0e957c-7418-4e2c-aac3-d01f93f8f897,39a37eb5-2b43-45df-b870-c05664e05692,Beau,Glenn,#N/A,#N/A,#N/A,#N/A,#N/A,#N/A,#N/A,#N/A,#N/A,#N/A,#N/A,#N/A,#N/A,#N/A,#N/A,#N/A,#N/A,(791) 673-8323,#N/A,#N/A,#N/A,#N/A,#N/A,jjoannow@prodly.co.invalid,CFO,#N/A,#N/A,#N/A,#N/A,"Gina Mastantuono serves as Chief Financial Officer of Ingram Micro Inc. In this role, she is responsible for the company’s global finance organization, including financial planning and analysis, financial operations, controllership, internal audit, tax, treasury and risk management, investor relations, and global business processes.",false,#N/A,#N/A,#N/A,#N/A,false,#N/A,#N/A,false,#N/A,#N/A,#N/A,#N/A,Prodly,#N/A,#N/A,false,false,#N/A
235cb299-4af0-44ef-93e1-415840ab7f68,37d17b99-4830-49dd-b4a3-bf975a4ccd67,Pennie,Elna,#N/A,29 Noalimba Cr,Bateman,WA,6150,Australia,#N/A,#N/A,#N/A,29 Noalimba Cr,Bateman,WA,6150,Australia,#N/A,#N/A,#N/A,(08) 8181 6340,(08) 8181 6340,0411 863 355,#N/A,#N/A,(08) 8181 6340,jjoannow@prodly.co.invalid,Sales Manager,Sales,#N/A,#N/A,#N/A,#N/A,false,#N/A,#N/A,#N/A,#N/A,false,#N/A,#N/A,false,#N/A,#N/A,#N/A,#N/A,Prodly,#N/A,#N/A,false,false,#N/A
3ab582df-cd70-4381-9cad-c4647ea14243,e612b72c-01f9-4c49-a2bc-e0582274b24b,Mahmoud,Gussie,#N/A,#N/A,#N/A,#N/A,#N/A,#N/A,#N/A,#N/A,#N/A,#N/A,#N/A,#N/A,#N/A,#N/A,#N/A,#N/A,#N/A,(319)461-4464,#N/A,#N/A,#N/A,#N/A,#N/A,jjoannow@prodly.co.invalid,CEO,#N/A,#N/A,#N/A,#N/A,#N/A,false,#N/A,#N/A,#N/A,#N/A,false,#N/A,#N/A,false,#N/A,#N/A,#N/A,#N/A,Prodly,#N/A,#N/A,false,false,#N/A
b66310ea-f477-48e5-9759-0b2fb3c103f6,6d9fbfda-7266-47b7-b10a-c82c731d19c4,Ewart,Kari,#N/A,#N/A,Bloomington,#N/A,#N/A,#N/A,#N/A,#N/A,#N/A,2 Graceland Street,#N/A,IN,47405,USA,#N/A,#N/A,#N/A,#N/A,#N/A,#N/A,#N/A,#N/A,#N/A,jjoannow@prodly.co.invalid,#N/A,#N/A,#N/A,#N/A,#N/A,#N/A,false,#N/A,#N/A,#N/A,#N/A,false,#N/A,#N/A,false,#N/A,#N/A,#N/A,#N/A,Prodly,#N/A,#N/A,false,false,#N/A
8dd9d3c5-41ae-4c6c-9a32-e4e3fd0bd1de,0983f854-45ad-4c2e-a205-63920f102444,Pate,Iona,#N/A,7 Dartmoor Dr,Cranbourne East,VIC,3977,Australia,#N/A,#N/A,#N/A,7 Dartmoor Dr,Cranbourne East,VIC,3977,Australia,#N/A,#N/A,#N/A,(03) 7679 6677,(03) 7679 6677,0414 132 477,#N/A,#N/A,(03) 7679 6677,jjoannow@prodly.co.invalid,Credit Manager,Finance,#N/A,#N/A,#N/A,#N/A,false,#N/A,#N/A,#N/A,#N/A,false,#N/A,#N/A,false,#N/A,#N/A,#N/A,#N/A,Prodly,#N/A,#N/A,false,false,#N/A
a011f6ab-6080-4d10-a874-ab89a9b09f2a,3f1019f9-8981-40f5-a60f-3c5c43ec63da,Orbadiah,Lucy,#N/A,#N/A,#N/A,#N/A,#N/A,#N/A,#N/A,#N/A,#N/A,#N/A,#N/A,#N/A,#N/A,#N/A,#N/A,#N/A,#N/A,+81 725 925939,#N/A,#N/A,#N/A,#N/A,#N/A,jjoannow@prodly.co.invalid,"Vice President, IT",#N/A,#N/A,#N/A,#N/A,#N/A,false,#N/A,#N/A,#N/A,#N/A,false,#N/A,#N/A,false,#N/A,#N/A,#N/A,#N/A,Prodly,#N/A,#N/A,false,false,#N/A
dff53e3e-d2c8-436e-a610-8e4fb7a632aa,4adaaf8f-2211-4fde-a9f3-90aa2beda6b2,Pepillo,Caye,#N/A,200 Elizabeth Street,Melbourne,VIC,3000,Australia,#N/A,#N/A,#N/A,200 Elizabeth Street,Melbourne,VIC,3000,Australia,#N/A,#N/A,#N/A,(03) 7145 6967,(03) 7145 6967,0429 604 507,#N/A,#N/A,(03) 7145 6967,jjoannow@prodly.co.invalid,Account Executive,Sales,#N/A,#N/A,#N/A,#N/A,false,#N/A,#N/A,#N/A,#N/A,false,#N/A,#N/A,false,#N/A,#N/A,#N/A,#N/A,Prodly,#N/A,#N/A,false,false,#N/A
a68b2ce4-f228-4b96-9004-94ba927c0379,03c053f9-45b4-400d-8be8-da8367de09a8,Cameron,Norma,#N/A,#N/A,#N/A,#N/A,2347,#N/A,#N/A,#N/A,#N/A,26 Dalgarno Street,CARODA,NSW,#N/A,Australia,#N/A,#N/A,#N/A,(03) 5338 3918,#N/A,#N/A,#N/A,#N/A,#N/A,jjoannow@prodly.co.invalid,CFO,#N/A,#N/A,#N/A,#N/A,#N/A,false,#N/A,#N/A,#N/A,#N/A,false,#N/A,#N/A,false,#N/A,#N/A,#N/A,#N/A,Prodly,#N/A,#N/A,false,false,#N/A
ff709dcf-a3c6-4720-9d06-2a540a369fc6,d434c0d2-a14d-4800-9e81-53ea560a44a0,Bradford,Wrennie,#N/A,#N/A,San Jose,#N/A,#N/A,#N/A,#N/A,#N/A,#N/A,5565 Maple Wood Street,#N/A,CA,95113,USA,#N/A,#N/A,#N/A,#N/A,#N/A,#N/A,#N/A,#N/A,#N/A,jjoannow@prodly.co.invalid,#N/A,#N/A,#N/A,#N/A,#N/A,#N/A,false,#N/A,#N/A,#N/A,#N/A,false,#N/A,#N/A,false,#N/A,#N/A,#N/A,#N/A,Prodly,#N/A,#N/A,false,false,#N/A
0e981c99-4f81-408b-b622-dfe788069703,9cc34213-1502-44f3-8ed1-609b175b2f72,Ezechiel,Denni,#N/A,#N/A,#N/A,#N/A,2347,#N/A,#N/A,#N/A,#N/A,88 Bailey Street,CARODA,NSW,#N/A,Australia,#N/A,#N/A,#N/A,(03) 5338 4021,#N/A,#N/A,#N/A,#N/A,#N/A,jjoannow@prodly.co.invalid,SVP,#N/A,#N/A,#N/A,#N/A,#N/A,false,#N/A,#N/A,#N/A,#N/A,false,#N/A,#N/A,false,#N/A,#N/A,#N/A,#N/A,Prodly,#N/A,#N/A,false,false,#N/A
53a2d015-cabb-40cd-8b6f-88af6fe6efb7,fe83115d-1b24-4ca4-951f-9dbf397747e6,Brigg,Clarinda,#N/A,#N/A,#N/A,#N/A,#N/A,#N/A,#N/A,#N/A,#N/A,#N/A,#N/A,#N/A,#N/A,#N/A,#N/A,#N/A,#N/A,+33 0 1 42 14 20 00,#N/A,#N/A,#N/A,#N/A,#N/A,jjoannow@prodly.co.invalid,CIO,#N/A,#N/A,#N/A,#N/A,#N/A,false,#N/A,#N/A,#N/A,#N/A,false,#N/A,#N/A,false,#N/A,#N/A,#N/A,#N/A,Prodly,#N/A,#N/A,false,false,#N/A
b71ead33-0c62-4caa-aa1e-5c6c4b30d1fe,8ce5d615-acaa-40c8-934a-a82144c15e9c,Deane,Carole,#N/A,#N/A,Houston,#N/A,#N/A,#N/A,#N/A,#N/A,#N/A,2591 Vidon Court,#N/A,Tx,77228,USA,#N/A,#N/A,#N/A,#N/A,#N/A,#N/A,#N/A,#N/A,#N/A,jjoannow@prodly.co.invalid,#N/A,#N/A,#N/A,#N/A,#N/A,#N/A,false,#N/A,#N/A,#N/A,#N/A,false,#N/A,#N/A,false,#N/A,#N/A,#N/A,#N/A,Prodly,#N/A,#N/A,false,false,#N/A
fccdf2ae-cc8b-4ea2-93cb-de444990d32d,687ec0e4-c6b9-4e70-a0f4-f1094656bbb6,Kristo,Valerye,#N/A,#N/A,#N/A,#N/A,#N/A,#N/A,#N/A,#N/A,#N/A,#N/A,#N/A,#N/A,#N/A,#N/A,#N/A,#N/A,#N/A,(223) 898-4313,#N/A,#N/A,#N/A,#N/A,#N/A,jjoannow@prodly.co.invalid,Executive VP,#N/A,#N/A,#N/A,#N/A,#N/A,false,#N/A,#N/A,#N/A,#N/A,false,#N/A,#N/A,false,#N/A,#N/A,#N/A,#N/A,Prodly,#N/A,#N/A,false,false,#N/A
704ea165-ba52-42c4-ab62-9fc45fe80496,c23c5a54-9c08-4c1b-894a-9fde70dac4c3,Alfredo,Hilda,#N/A,#N/A,#N/A,#N/A,#N/A,#N/A,#N/A,#N/A,#N/A,#N/A,#N/A,#N/A,#N/A,#N/A,#N/A,#N/A,#N/A,202-555-0111,#N/A,#N/A,#N/A,#N/A,#N/A,jjoannow@prodly.co.invalid,COO,#N/A,#N/A,#N/A,#N/A,#N/A,false,#N/A,#N/A,#N/A,#N/A,false,#N/A,#N/A,false,#N/A,#N/A,#N/A,#N/A,Prodly,#N/A,#N/A,false,false,#N/A
35261fa1-03ad-416e-a112-156ea1b3d693,a83fe1c6-0c86-4ba1-8db3-9603508e114a,Jethro,Blancha,#N/A,#N/A,#N/A,#N/A,#N/A,#N/A,#N/A,#N/A,#N/A,#N/A,#N/A,#N/A,#N/A,#N/A,#N/A,#N/A,#N/A,011 49 69 3576 6843,#N/A,#N/A,#N/A,#N/A,#N/A,jjoannow@prodly.co.invalid,"Vice President, IT",#N/A,#N/A,#N/A,#N/A,#N/A,false,#N/A,#N/A,#N/A,#N/A,false,#N/A,#N/A,false,#N/A,#N/A,#N/A,#N/A,Prodly,#N/A,#N/A,false,false,#N/A
209dc666-04f2-4ebf-9ba1-fa3e5459d987,8ebefa0e-6518-4f34-8143-deed57b50916,Elwyn,Aridatha,#N/A,#N/A,#N/A,#N/A,#N/A,#N/A,#N/A,#N/A,#N/A,100 Art Rooney Avenue,Pittsburgh,PA,15212,USA,#N/A,#N/A,#N/A,(511) 965-2668,#N/A,#N/A,#N/A,#N/A,#N/A,jjoannow@prodly.co.invalid,CEO,#N/A,#N/A,#N/A,#N/A,"Gregory J. (Greg) Goff is Chairman, President and Chief Executive Officer for Andeavor. He is also Chairman and Chief Executive Officer of Andeavor Logistics GP, LLC.",false,#N/A,#N/A,#N/A,#N/A,false,#N/A,#N/A,false,#N/A,#N/A,#N/A,#N/A,Prodly,#N/A,#N/A,false,false,#N/A
569f12c7-4e4c-4e3e-9da8-17146a8969a3,269f82ea-422b-48a2-bc48-586d44eca005,Guilbert,Pearline,#N/A,#N/A,#N/A,#N/A,#N/A,#N/A,#N/A,#N/A,#N/A,97 Gordon Terrace,BARTON BENDISH,#N/A,PE33 1YD,UK,#N/A,#N/A,#N/A,76 4352 5277,#N/A,#N/A,#N/A,#N/A,#N/A,jjoannow@prodly.co.invalid,CFO,#N/A,#N/A,#N/A,#N/A,#N/A,false,#N/A,#N/A,#N/A,#N/A,false,#N/A,#N/A,false,#N/A,#N/A,#N/A,#N/A,Prodly,#N/A,#N/A,false,false,#N/A
ee3491e9-25ba-475c-ad93-dc0dd2c327e0,1b4f20e0-7e2c-4549-89af-b8d3914ab8cb,Haskell,Glennie,#N/A,#N/A,#N/A,#N/A,#N/A,#N/A,#N/A,#N/A,#N/A,#N/A,#N/A,#N/A,#N/A,#N/A,#N/A,#N/A,#N/A,(440)475-1490,#N/A,#N/A,#N/A,#N/A,#N/A,jjoannow@prodly.co.invalid,CTO,#N/A,#N/A,#N/A,#N/A,#N/A,false,#N/A,#N/A,#N/A,#N/A,false,#N/A,#N/A,false,#N/A,#N/A,#N/A,#N/A,Prodly,#N/A,#N/A,false,false,#N/A
f02043a6-754b-491d-a85e-7d3d0081fcaa,26cf9f56-af40-4006-a72a-74def8d502ed,Keir,Bobinette,#N/A,#N/A,#N/A,#N/A,#N/A,#N/A,#N/A,#N/A,#N/A,#N/A,#N/A,#N/A,#N/A,#N/A,#N/A,#N/A,#N/A,(402)952-5052,#N/A,#N/A,#N/A,#N/A,#N/A,jjoannow@prodly.co.invalid,CSO,#N/A,#N/A,#N/A,#N/A,#N/A,false,#N/A,#N/A,#N/A,#N/A,false,#N/A,#N/A,false,#N/A,#N/A,#N/A,#N/A,Prodly,#N/A,#N/A,false,false,#N/A
04335bf8-746f-4e38-a149-6a870fb2cdc6,ab96b432-45f8-4254-bdab-fffc68af26e7,Morley,Dynah,#N/A,#N/A,#N/A,#N/A,#N/A,#N/A,#N/A,#N/A,#N/A,#N/A,#N/A,#N/A,#N/A,#N/A,#N/A,#N/A,#N/A,+41 22 343 80 14,#N/A,#N/A,#N/A,#N/A,#N/A,jjoannow@prodly.co.invalid,COO,#N/A,#N/A,#N/A,1975-01-24,#N/A,false,#N/A,#N/A,#N/A,#N/A,false,#N/A,#N/A,false,#N/A,#N/A,#N/A,#N/A,Prodly,#N/A,#N/A,false,false,#N/A
1e29cb24-2197-4579-a742-a672c625d1d5,29ca5f3e-f69b-43c5-96db-f0fcb2934ade,Jamil,Gabey,#N/A,#N/A,#N/A,#N/A,#N/A,#N/A,#N/A,#N/A,#N/A,#N/A,#N/A,#N/A,#N/A,#N/A,#N/A,#N/A,#N/A,202-555-0102,#N/A,#N/A,#N/A,#N/A,#N/A,jjoannow@prodly.co.invalid,CSO,#N/A,#N/A,#N/A,#N/A,#N/A,false,#N/A,#N/A,#N/A,#N/A,false,#N/A,#N/A,false,#N/A,#N/A,#N/A,#N/A,Prodly,#N/A,#N/A,false,false,#N/A
ae958103-a0d2-4b14-afdf-4e3fd02feaf5,bae55ba3-ea80-48c6-b152-4ea7f82bfd53,Udall,Hettie,#N/A,#N/A,#N/A,#N/A,#N/A,#N/A,#N/A,#N/A,#N/A,39 Crown Street,London,#N/A,SW6 0EP,UK,#N/A,#N/A,#N/A,80 6365 8742,#N/A,#N/A,#N/A,#N/A,#N/A,jjoannow@prodly.co.invalid,SVP,#N/A,#N/A,#N/A,#N/A,#N/A,false,#N/A,#N/A,#N/A,#N/A,false,#N/A,#N/A,false,#N/A,#N/A,#N/A,#N/A,Prodly,#N/A,#N/A,false,false,#N/A
c1ae04e6-cba7-43ae-ac2b-cfd17e1d0f6a,ec932bc1-25e3-4572-845a-5c2262116a17,Onfroi,Nanni,#N/A,#N/A,#N/A,#N/A,#N/A,#N/A,#N/A,#N/A,#N/A,#N/A,#N/A,#N/A,#N/A,#N/A,#N/A,#N/A,#N/A,(440)475-1491,#N/A,#N/A,#N/A,#N/A,#N/A,jjoannow@prodly.co.invalid,CFO,#N/A,#N/A,#N/A,#N/A,#N/A,false,#N/A,#N/A,#N/A,#N/A,false,#N/A,#N/A,false,#N/A,#N/A,#N/A,#N/A,Prodly,#N/A,#N/A,false,false,#N/A
9d543935-171c-48fa-a9c0-a9dfd2bb8283,1b4f20e0-7e2c-4549-89af-b8d3914ab8cb,Whitney,Atlante,#N/A,#N/A,#N/A,#N/A,#N/A,#N/A,#N/A,#N/A,#N/A,#N/A,#N/A,#N/A,#N/A,#N/A,#N/A,#N/A,#N/A,(549) 839-9571,#N/A,#N/A,#N/A,#N/A,#N/A,jjoannow@prodly.co.invalid,CEO,#N/A,#N/A,#N/A,1976-03-24,Mr. Teague has served as Chief Executive Officer since January 2016 and has been a director of Enterprise GP since November 2010. He also serves as Co-Chairman of the Capital Projects Committee. Mr. Teague previously served as the Chief Operating Officer of Enterprise GP from November 2010 to December 2015 and served as Executive Vice President of Enterprise GP from November 2010 until February 2013.,false,#N/A,#N/A,#N/A,#N/A,false,#N/A,#N/A,false,#N/A,#N/A,#N/A,#N/A,Prodly,#N/A,#N/A,false,false,#N/A
e5b61c1f-c0f1-4189-b780-343b37b32675,37d17b99-4830-49dd-b4a3-bf975a4ccd67,Morie,Kristal,#N/A,#N/A,#N/A,#N/A,2454,#N/A,#N/A,#N/A,#N/A,26 Dalgarno Street,KALANG,NSW,#N/A,Australia,#N/A,#N/A,#N/A,(03) 5338 3990,#N/A,#N/A,#N/A,#N/A,#N/A,jjoannow@prodly.co.invalid,CFO,#N/A,#N/A,#N/A,#N/A,#N/A,false,#N/A,#N/A,#N/A,#N/A,false,#N/A,#N/A,false,#N/A,#N/A,#N/A,#N/A,Prodly,#N/A,#N/A,false,false,#N/A
a8d456c1-237d-487a-9606-d5ed86278bb0,b491c743-48bf-492e-b0a6-6e7d3d442969,Stacee,Anneliese,#N/A,#N/A,#N/A,#N/A,#N/A,#N/A,#N/A,#N/A,#N/A,201 Sussex Street,Sydney,NSW,2000,Australia,#N/A,#N/A,#N/A,(141) 430-2207,#N/A,#N/A,#N/A,#N/A,#N/A,jjoannow@prodly.co.invalid,Chief Legal and General Counsel,#N/A,#N/A,#N/A,1989-10-05,"Brian Sephton was appointed Chief Financial Officer of the company in January 2005 and Chief Legal & Governance Officer in October 2009, following the company’s merger with FCStone.",false,#N/A,#N/A,#N/A,#N/A,false,#N/A,#N/A,false,#N/A,#N/A,#N/A,#N/A,Prodly,#N/A,#N/A,false,false,#N/A
e2f18106-9d3e-459e-b015-2273b74a522b,1f0ebca3-5492-47f2-a61e-8a8f0bf1ee82,Chuck,Dorena,#N/A,#N/A,#N/A,#N/A,#N/A,#N/A,#N/A,#N/A,#N/A,97 Gordon Terrace,BARTON BENDISH,#N/A,PE33 1YD,UK,#N/A,#N/A,#N/A,070 4352 5277,#N/A,#N/A,#N/A,#N/A,#N/A,jjoannow@prodly.co.invalid,CFO,#N/A,#N/A,#N/A,#N/A,#N/A,false,#N/A,#N/A,#N/A,#N/A,false,#N/A,#N/A,false,#N/A,#N/A,#N/A,#N/A,Prodly,#N/A,#N/A,false,false,#N/A
9d493585-5d5b-4a36-95a1-5abef1986708,e5fcb320-af81-4efe-85d9-643034e2d899,Yankee,Kellie,#N/A,#N/A,#N/A,#N/A,#N/A,#N/A,#N/A,#N/A,#N/A,#N/A,#N/A,#N/A,#N/A,#N/A,#N/A,#N/A,#N/A,011 49 69 3576 6843,#N/A,#N/A,#N/A,#N/A,#N/A,jjoannow@prodly.co.invalid,CIO,#N/A,#N/A,#N/A,#N/A,#N/A,false,#N/A,#N/A,#N/A,#N/A,false,#N/A,#N/A,false,#N/A,#N/A,#N/A,#N/A,Prodly,#N/A,#N/A,false,false,#N/A
6ae4bbf3-8c2c-4a05-b16f-546bf8449a60,28c28a00-3557-4a93-9f9d-453929518adf,Nicolai,Bonni,#N/A,#N/A,Sioux City,#N/A,#N/A,#N/A,#N/A,#N/A,#N/A,574 Duke Circle,#N/A,OH,51105,USA,#N/A,#N/A,#N/A,#N/A,#N/A,#N/A,#N/A,#N/A,#N/A,jjoannow@prodly.co.invalid,#N/A,#N/A,#N/A,#N/A,#N/A,#N/A,false,#N/A,#N/A,#N/A,#N/A,false,#N/A,#N/A,false,#N/A,#N/A,#N/A,#N/A,Prodly,#N/A,#N/A,false,false,#N/A
dd6e3126-d43f-4970-91b0-725ff0782500,60135a75-1be6-4d4c-a56d-f11b48cf1a8d,Abie,Arabel,#N/A,390 Harris Street,Sydney,NSW,2007,Australia,#N/A,#N/A,#N/A,390 Harris Street,Sydney,NSW,2007,Australia,#N/A,#N/A,#N/A,(02) 7167 8293,(02) 7167 8293,0421 168 430,#N/A,#N/A,(02) 7167 8293,jjoannow@prodly.co.invalid,Head of Partner Relations,Sales,#N/A,#N/A,#N/A,#N/A,false,#N/A,#N/A,#N/A,#N/A,false,#N/A,#N/A,false,#N/A,#N/A,#N/A,#N/A,Prodly,#N/A,#N/A,false,false,#N/A
9c381334-929c-4de3-941c-b94af3d12ea3,c7717326-09af-4348-b090-e4be2dac6029,Ugo,Dusty,#N/A,#N/A,#N/A,#N/A,#N/A,#N/A,#N/A,#N/A,#N/A,14 Ross Road,Marple,#N/A,SK6 4HJ,UK,#N/A,#N/A,#N/A,82 0017 4455,#N/A,#N/A,#N/A,#N/A,#N/A,jjoannow@prodly.co.invalid,CEO,#N/A,#N/A,#N/A,#N/A,#N/A,false,#N/A,#N/A,#N/A,#N/A,false,#N/A,#N/A,false,#N/A,#N/A,#N/A,#N/A,Prodly,#N/A,#N/A,false,false,#N/A
dd8beca1-6850-45b2-9cf4-56e11aeaef8c,83dc89fc-8868-49a6-8638-db4d191b4c50,Orton,Glory,#N/A,#N/A,#N/A,#N/A,#N/A,#N/A,#N/A,#N/A,#N/A,#N/A,#N/A,#N/A,#N/A,#N/A,#N/A,#N/A,#N/A,+33 0 1 42 14 20 00,#N/A,#N/A,#N/A,#N/A,#N/A,jjoannow@prodly.co.invalid,"Vice President, IT",#N/A,#N/A,#N/A,#N/A,#N/A,false,#N/A,#N/A,#N/A,#N/A,false,#N/A,#N/A,false,#N/A,#N/A,#N/A,#N/A,Prodly,#N/A,#N/A,false,false,#N/A
afe08472-b7d5-4aa6-aab3-c3ebca17e28f,bcfff8a0-c370-4978-a439-087e1082693b,Abraham,Maura,#N/A,#N/A,#N/A,#N/A,2454,#N/A,#N/A,#N/A,#N/A,88 Bailey Street,KALANG,NSW,#N/A,Australia,#N/A,#N/A,#N/A,(03) 5338 4075,#N/A,#N/A,#N/A,#N/A,#N/A,jjoannow@prodly.co.invalid,SVP,#N/A,#N/A,#N/A,#N/A,#N/A,false,#N/A,#N/A,#N/A,#N/A,false,#N/A,#N/A,false,#N/A,#N/A,#N/A,#N/A,Prodly,#N/A,#N/A,false,false,#N/A
fc190f9b-5e2a-4a88-8f0a-e5e7e8a55cd0,ec4fe2b0-83be-4a18-8a3b-0262fd09ea76,Kalil,Mariana,#N/A,57 Clifton Dr,Bacchus Marsh,VIC,3340,Australia,#N/A,#N/A,#N/A,57 Clifton Dr,Bacchus Marsh,VIC,3340,Australia,#N/A,#N/A,#N/A,(03) 6180 6868,(03) 6180 6868,0427 273 804,#N/A,#N/A,(03) 6180 6868,jjoannow@prodly.co.invalid,SVP Marketing,Marketing,#N/A,#N/A,#N/A,#N/A,false,#N/A,#N/A,#N/A,#N/A,false,#N/A,#N/A,false,#N/A,#N/A,#N/A,#N/A,Prodly,#N/A,#N/A,false,false,#N/A
3f1ac7c1-0d73-45e0-b54c-71bd5675f5dc,38bf9300-9c15-4194-be3f-40a09810853a,Jake,Otha,#N/A,#N/A,#N/A,#N/A,#N/A,#N/A,#N/A,#N/A,#N/A,#N/A,#N/A,#N/A,#N/A,#N/A,#N/A,#N/A,#N/A,(319)461-4462,#N/A,#N/A,#N/A,#N/A,#N/A,jjoannow@prodly.co.invalid,CFO,#N/A,#N/A,#N/A,#N/A,#N/A,false,#N/A,#N/A,#N/A,#N/A,false,#N/A,#N/A,false,#N/A,#N/A,#N/A,#N/A,Prodly,#N/A,#N/A,false,false,#N/A
763f3405-85ac-41ee-b222-e78d63c4085c,bad389f6-e263-4c09-bfb4-0d16f88c1b41,Otes,Reena,#N/A,#N/A,#N/A,#N/A,2347,#N/A,#N/A,#N/A,#N/A,32 Railway Street,CARODA,NSW,#N/A,Australia,#N/A,#N/A,#N/A,(03) 5338 3941,#N/A,#N/A,#N/A,#N/A,#N/A,jjoannow@prodly.co.invalid,CEO,#N/A,#N/A,#N/A,#N/A,#N/A,false,#N/A,#N/A,#N/A,#N/A,false,#N/A,#N/A,false,#N/A,#N/A,#N/A,#N/A,Prodly,#N/A,#N/A,false,false,#N/A
9ebb5d84-e9ab-4e8a-b402-c13d4a36d9cc,24ae2c90-1f81-4419-94a5-ea1dc5431a2b,Valentijn,Darsey,#N/A,350 Collins Street,Melbourne,VIC,3000,Australia,#N/A,#N/A,#N/A,350 Collins Street,Melbourne,VIC,3000,Australia,#N/A,#N/A,#N/A,(03) 7634 7672,(03) 7634 7672,0421 867 466,#N/A,#N/A,(03) 7634 7672,jjoannow@prodly.co.invalid,SVP Marketing,Marketing,#N/A,#N/A,#N/A,#N/A,false,#N/A,#N/A,#N/A,#N/A,false,#N/A,#N/A,false,#N/A,#N/A,#N/A,#N/A,Prodly,#N/A,#N/A,false,false,#N/A
babb34a7-874b-4cbf-a09c-1235933fc18c,a757a03e-2ada-4533-ad05-fd33f887c8bb,Amos,Jon,#N/A,#N/A,#N/A,#N/A,#N/A,#N/A,#N/A,#N/A,#N/A,150 Chestnut Street,Toronto,Ontario,L4B 1Y3,Canada,#N/A,#N/A,#N/A,(905) 555-1212,(555) 555-1212,#N/A,#N/A,#N/A,#N/A,jjoannow@prodly.co.invalid,Sales Manager,#N/A,#N/A,#N/A,#N/A,#N/A,false,#N/A,#N/A,#N/A,#N/A,false,#N/A,#N/A,false,#N/A,#N/A,#N/A,#N/A,#N/A,#N/A,#N/A,false,false,#N/A
3a13fdef-392c-4a65-a5e8-e0d16c8d0eba,1f0ebca3-5492-47f2-a61e-8a8f0bf1ee82,Steve,Delcina,#N/A,#N/A,#N/A,#N/A,#N/A,#N/A,#N/A,#N/A,#N/A,#N/A,#N/A,#N/A,#N/A,#N/A,#N/A,#N/A,#N/A,+44 20 5678 9893,#N/A,#N/A,#N/A,#N/A,#N/A,jjoannow@prodly.co.invalid,Director of Human Resources,#N/A,#N/A,#N/A,1989-03-23,#N/A,false,#N/A,#N/A,#N/A,#N/A,false,#N/A,#N/A,false,#N/A,#N/A,#N/A,#N/A,Prodly,#N/A,#N/A,false,false,#N/A
0606c194-bc9c-4ced-8dff-d293481ec8e2,4a0f32f7-4233-45a1-94bd-75faf566aa17,Benito,Jeana,#N/A,50 Kerra Way,Docklands,VIC,3008,Australia,#N/A,#N/A,#N/A,50 Kerra Way,Docklands,VIC,3008,Australia,#N/A,#N/A,#N/A,(03) 7790 6654,(03) 7790 6654,0421 119 254,#N/A,#N/A,(03) 7790 6654,jjoannow@prodly.co.invalid,VP Operations,Operations,#N/A,#N/A,#N/A,#N/A,false,#N/A,#N/A,#N/A,#N/A,false,#N/A,#N/A,false,#N/A,#N/A,#N/A,#N/A,Prodly,#N/A,#N/A,false,false,#N/A
086c479a-ec35-4d5b-9815-90ce2e31f37a,c23c5a54-9c08-4c1b-894a-9fde70dac4c3,Harcourt,Jennie,#N/A,#N/A,#N/A,#N/A,#N/A,#N/A,#N/A,#N/A,#N/A,1 Titans Way,Nashville,TN,37213,USA,#N/A,#N/A,#N/A,(102) 111-5274,#N/A,#N/A,#N/A,#N/A,#N/A,jjoannow@prodly.co.invalid,CEO,#N/A,#N/A,#N/A,#N/A,"Mr. Calantzopoulos was named Chief Executive Officer and was elected to the Board of Directors on May 8, 2013. He served as Chief Operating Officer from our spin-off on March 28, 2008 to May 8, 2013. Mr. Calantzopoulos was PMI’s President and Chief Executive Officer between 2002 and the date of the spin-off.",false,#N/A,#N/A,#N/A,#N/A,false,#N/A,#N/A,false,#N/A,#N/A,#N/A,#N/A,Prodly,#N/A,#N/A,false,false,#N/A
3257c338-860e-46a6-b652-452dd8992c7e,d731c096-ead3-472a-a729-b3b396f91530,Sidnee,Agata,#N/A,#N/A,#N/A,#N/A,#N/A,#N/A,#N/A,#N/A,#N/A,#N/A,#N/A,#N/A,#N/A,#N/A,#N/A,#N/A,#N/A,+44 20 5678 9900,#N/A,#N/A,#N/A,#N/A,#N/A,jjoannow@prodly.co.invalid,COO,#N/A,#N/A,#N/A,#N/A,#N/A,false,#N/A,#N/A,#N/A,#N/A,false,#N/A,#N/A,false,#N/A,#N/A,#N/A,#N/A,Prodly,#N/A,#N/A,false,false,#N/A
64245917-f880-45ea-a2b2-3b3428ff20e0,14232913-25fb-45b0-9545-dc09cf9efc49,Raleigh,Vania,#N/A,#N/A,#N/A,#N/A,#N/A,#N/A,#N/A,#N/A,#N/A,555 Corporate Ave.,San Francisco,CA,94105,USA,#N/A,#N/A,#N/A,(249) 567-9797,#N/A,#N/A,#N/A,#N/A,#N/A,jjoannow@prodly.co.invalid,Chief Legal Officer,#N/A,#N/A,#N/A,1974-10-04,"Elisa D. Garcia joined Macy’s, Inc. in September 2016 as chief legal officer. She serves as the company’s chief legal counsel and secretary to the board of directors, and oversees law department functions located in Cincinnati, St. Louis, Atlanta, San Francisco and New York.",false,#N/A,#N/A,#N/A,#N/A,false,#N/A,#N/A,false,#N/A,#N/A,#N/A,#N/A,Prodly,#N/A,#N/A,false,false,#N/A
6198bc56-67fb-4c6a-92f4-68cbb8ec5328,4dffeb4d-d4f6-464c-9b57-cda36636f156,Tirrell,Elinore,#N/A,#N/A,#N/A,#N/A,#N/A,#N/A,#N/A,#N/A,#N/A,#N/A,#N/A,#N/A,#N/A,#N/A,#N/A,#N/A,#N/A,(525) 945-6875,#N/A,#N/A,#N/A,#N/A,#N/A,jjoannow@prodly.co.invalid,Buyer,#N/A,#N/A,#N/A,#N/A,#N/A,false,#N/A,#N/A,#N/A,#N/A,false,#N/A,#N/A,false,#N/A,#N/A,#N/A,#N/A,Prodly,#N/A,#N/A,false,false,#N/A
2d83c867-d442-45d8-b9e8-ea52eeb6c0d5,d26c9074-769f-4dd3-b822-08762ec5f435,Cos,Lynne,#N/A,#N/A,#N/A,#N/A,#N/A,#N/A,#N/A,#N/A,#N/A,#N/A,#N/A,#N/A,#N/A,#N/A,#N/A,#N/A,#N/A,202-555-0113,#N/A,#N/A,#N/A,#N/A,#N/A,jjoannow@prodly.co.invalid,CSO,#N/A,#N/A,#N/A,#N/A,#N/A,false,#N/A,#N/A,#N/A,#N/A,false,#N/A,#N/A,false,#N/A,#N/A,#N/A,#N/A,Prodly,#N/A,#N/A,false,false,#N/A
dff46325-58bc-48ed-8e9a-398b8f7918fd,af271580-40f5-4d49-b1ea-03b49850606f,Carling,Margareta,#N/A,#N/A,#N/A,#N/A,2454,#N/A,#N/A,#N/A,#N/A,26 Dalgarno Street,KALANG,NSW,#N/A,Australia,#N/A,#N/A,#N/A,(03) 5338 4002,#N/A,#N/A,#N/A,#N/A,#N/A,jjoannow@prodly.co.invalid,CFO,#N/A,#N/A,#N/A,#N/A,#N/A,false,#N/A,#N/A,#N/A,#N/A,false,#N/A,#N/A,false,#N/A,#N/A,#N/A,#N/A,Prodly,#N/A,#N/A,false,false,#N/A
1ec386d5-a678-4566-8295-7fa70e720197,42d553ae-1574-4824-853c-1962fa336861,Alic,Noami,#N/A,#N/A,#N/A,#N/A,#N/A,#N/A,#N/A,#N/A,#N/A,#N/A,#N/A,#N/A,#N/A,#N/A,#N/A,#N/A,#N/A,(795) 538-6534,#N/A,#N/A,#N/A,#N/A,#N/A,jjoannow@prodly.co.invalid,Executive Vice President and Chief Marketing Officer,#N/A,#N/A,#N/A,#N/A,#N/A,false,#N/A,#N/A,#N/A,#N/A,false,#N/A,#N/A,false,#N/A,#N/A,#N/A,#N/A,Prodly,#N/A,#N/A,false,false,#N/A
cb570492-bf65-4107-889f-f5d3ed0de73b,14232913-25fb-45b0-9545-dc09cf9efc49,Bron,Janna,#N/A,#N/A,#N/A,#N/A,#N/A,#N/A,#N/A,#N/A,#N/A,Reliant Parkway,Houston,TX,77504,USA,#N/A,#N/A,#N/A,(901) 559-1159,#N/A,#N/A,#N/A,#N/A,#N/A,jjoannow@prodly.co.invalid,CEO,#N/A,#N/A,#N/A,#N/A,"Jeff Gennette was elected chief executive officer on March 23, 2017. Gennette previously held the role of president of Macy’s, Inc. from March 2014 until September 2017. Prior to that, he was chief merchandising officer of Macy’s, Inc. (formerly known as Federated Department Stores, Inc.), a position to which he was appointed in February 2009.",false,#N/A,#N/A,#N/A,#N/A,false,#N/A,#N/A,false,#N/A,#N/A,#N/A,#N/A,Prodly,#N/A,#N/A,false,false,#N/A
00e590ff-51f7-49d3-b382-849990e4e6f5,e2705254-9a30-42a3-ac3d-f0403ba3e71d,Ken,Blinnie,#N/A,#N/A,#N/A,#N/A,#N/A,#N/A,#N/A,#N/A,#N/A,#N/A,#N/A,#N/A,#N/A,#N/A,#N/A,#N/A,#N/A,(425)742-4490,#N/A,#N/A,#N/A,#N/A,#N/A,jjoannow@prodly.co.invalid,CSO,#N/A,#N/A,#N/A,#N/A,#N/A,false,#N/A,#N/A,#N/A,#N/A,false,#N/A,#N/A,false,#N/A,#N/A,#N/A,#N/A,Prodly,#N/A,#N/A,false,false,#N/A
d3529953-4c92-4cea-81f8-62f5e37720e9,b18f2036-f373-4189-a9f3-2227c8ef8b7c,Stamos,Edward,#N/A,10 Main Rd.,New York City,NY,31349,USA,#N/A,#N/A,#N/A,10 Main Rd.,New York City,NY,31349,USA,#N/A,#N/A,#N/A,(212) 555-5555,(212) 555-5555,#N/A,#N/A,#N/A,#N/A,jjoannow@prodly.co.invalid,President and CEO,#N/A,#N/A,#N/A,#N/A,#N/A,false,#N/A,#N/A,#N/A,#N/A,false,#N/A,#N/A,false,#N/A,#N/A,#N/A,#N/A,#N/A,#N/A,#N/A,false,false,#N/A
5fcc6a4c-7831-43da-acbf-545ebbf89477,ad4efe8f-969d-45a6-8367-92d37737206b,Bailey,Kelci,#N/A,#N/A,#N/A,#N/A,#N/A,#N/A,#N/A,#N/A,#N/A,14 Ross Road,Marple,#N/A,SK6 4HJ,UK,#N/A,#N/A,#N/A,078 0017 4455,#N/A,#N/A,#N/A,#N/A,#N/A,jjoannow@prodly.co.invalid,CEO,#N/A,#N/A,#N/A,#N/A,#N/A,false,#N/A,#N/A,#N/A,#N/A,false,#N/A,#N/A,false,#N/A,#N/A,#N/A,#N/A,Prodly,#N/A,#N/A,false,false,#N/A
b6b4f9da-d1f5-4476-b4e0-5a1eccc83beb,d25f9e87-c125-482b-93bb-ce34d731180f,Georas,Corella,#N/A,#N/A,#N/A,#N/A,#N/A,#N/A,#N/A,#N/A,#N/A,2001 Blake Street,Denver,CO,80205,USA,#N/A,#N/A,#N/A,(392) 999-8377,#N/A,#N/A,#N/A,#N/A,#N/A,jjoannow@prodly.co.invalid,SVP and General Counsel,#N/A,#N/A,#N/A,#N/A,"Mary K. W. Jones is Senior Vice President and General Counsel, Deere & Company, a position she has held since January 2013. Jones is the company's Chief Legal Officer and has executive management responsibility for the Law and Patent departments and Deere & Company's Center for Global Business Conduct.",false,#N/A,#N/A,#N/A,#N/A,false,#N/A,#N/A,false,#N/A,#N/A,#N/A,#N/A,Prodly,#N/A,#N/A,false,false,#N/A
13d9f895-dc6e-4e92-8925-3ff5cb9bd937,3eb93a27-766c-4684-a107-d9a48d366b9e,Sebastian,Gabbie,#N/A,#N/A,#N/A,#N/A,#N/A,#N/A,#N/A,#N/A,#N/A,97 Gordon Terrace,BARTON BENDISH,#N/A,PE33 1YD,UK,#N/A,#N/A,#N/A,070 4352 5277,#N/A,#N/A,#N/A,#N/A,#N/A,jjoannow@prodly.co.invalid,CFO,#N/A,#N/A,#N/A,#N/A,#N/A,false,#N/A,#N/A,#N/A,#N/A,false,#N/A,#N/A,false,#N/A,#N/A,#N/A,#N/A,Prodly,#N/A,#N/A,false,false,#N/A
e82664ef-527a-4ef2-bad1-454a1a6e233c,e612b72c-01f9-4c49-a2bc-e0582274b24b,Thornton,Maris,#N/A,#N/A,#N/A,#N/A,#N/A,#N/A,#N/A,#N/A,#N/A,24 Willie Mays Plaza,San Francisco,CA,94107,USA,#N/A,#N/A,#N/A,(809) 251-1133,#N/A,#N/A,#N/A,#N/A,#N/A,jjoannow@prodly.co.invalid,"President, Global Fabric Care",#N/A,#N/A,#N/A,#N/A,#N/A,false,#N/A,#N/A,#N/A,#N/A,false,#N/A,#N/A,false,#N/A,#N/A,#N/A,#N/A,Prodly,#N/A,#N/A,false,false,#N/A
76602676-6b2a-44c0-b5cc-a4aac125895c,73729ff8-9a1a-45f3-bd8c-493be8b824c1,Mathew,Colene,#N/A,#N/A,#N/A,#N/A,#N/A,#N/A,#N/A,#N/A,#N/A,#N/A,#N/A,#N/A,#N/A,#N/A,#N/A,#N/A,#N/A,(484)576-8705,#N/A,#N/A,#N/A,#N/A,#N/A,jjoannow@prodly.co.invalid,CSO,#N/A,#N/A,#N/A,#N/A,#N/A,false,#N/A,#N/A,#N/A,#N/A,false,#N/A,#N/A,false,#N/A,#N/A,#N/A,#N/A,Prodly,#N/A,#N/A,false,false,#N/A
b419b227-2474-43f2-bd34-40cc7149b592,0bbebd9e-980f-4489-bb4b-cd92c88314a3,Silvain,Candra,#N/A,#N/A,#N/A,#N/A,#N/A,#N/A,#N/A,#N/A,#N/A,#N/A,#N/A,#N/A,#N/A,#N/A,#N/A,#N/A,#N/A,(425)742-4491,#N/A,#N/A,#N/A,#N/A,#N/A,jjoannow@prodly.co.invalid,CFO,#N/A,#N/A,#N/A,#N/A,#N/A,false,#N/A,#N/A,#N/A,#N/A,false,#N/A,#N/A,false,#N/A,#N/A,#N/A,#N/A,Prodly,#N/A,#N/A,false,false,#N/A
3ded5098-7200-4da1-abea-109e39e21564,e9e56bd1-faa0-4ccf-a7e8-de78485381d1,Udell,Jacki,#N/A,28a College Rd S,Riverview,NSW,2066,Australia,#N/A,#N/A,#N/A,28a College Rd S,Riverview,NSW,2066,Australia,#N/A,#N/A,#N/A,(02) 8061 6601,(02) 8061 6601,0410 305 697,#N/A,#N/A,(02) 8061 6601,jjoannow@prodly.co.invalid,EVP Business Development,Business Development,#N/A,#N/A,#N/A,#N/A,false,#N/A,#N/A,#N/A,#N/A,false,#N/A,#N/A,false,#N/A,#N/A,#N/A,#N/A,Prodly,#N/A,#N/A,false,false,#N/A
460d91e5-cf2b-4d2d-af4b-12b5a27826f8,29ca5f3e-f69b-43c5-96db-f0fcb2934ade,Antin,Annabel,#N/A,#N/A,#N/A,#N/A,#N/A,#N/A,#N/A,#N/A,#N/A,#N/A,#N/A,#N/A,#N/A,#N/A,#N/A,#N/A,#N/A,(214) 908-0898,#N/A,#N/A,#N/A,#N/A,#N/A,jjoannow@prodly.co.invalid,"Executive Vice President, CFO",#N/A,#N/A,#N/A,#N/A,#N/A,false,#N/A,#N/A,#N/A,#N/A,false,#N/A,#N/A,false,#N/A,#N/A,#N/A,#N/A,Prodly,#N/A,#N/A,false,false,#N/A
ecd4eb45-8f38-442b-bb3d-67751ebf2324,c7717326-09af-4348-b090-e4be2dac6029,Douglass,Hettie,#N/A,#N/A,#N/A,#N/A,#N/A,#N/A,#N/A,#N/A,#N/A,#N/A,#N/A,#N/A,#N/A,#N/A,#N/A,#N/A,#N/A,+44 20 5678 9900,#N/A,#N/A,#N/A,#N/A,#N/A,jjoannow@prodly.co.invalid,COO,#N/A,#N/A,#N/A,1964-12-03,#N/A,false,#N/A,#N/A,#N/A,#N/A,false,#N/A,#N/A,false,#N/A,#N/A,#N/A,#N/A,Prodly,#N/A,#N/A,false,false,#N/A
7ce7e9c0-6198-4705-bb55-c0829b7f1385,957363ed-f7e7-4432-a639-c868929084aa,Kristo,Clarinda,#N/A,#N/A,#N/A,#N/A,#N/A,#N/A,#N/A,#N/A,#N/A,1 Arrowhead Drive,Kansas City,MO,64129,USA,#N/A,#N/A,#N/A,(585) 492-7409,#N/A,#N/A,#N/A,#N/A,#N/A,jjoannow@prodly.co.invalid,Executive Chairman,#N/A,#N/A,#N/A,#N/A,#N/A,false,#N/A,#N/A,#N/A,#N/A,false,#N/A,#N/A,false,#N/A,#N/A,#N/A,#N/A,Prodly,#N/A,#N/A,false,false,#N/A
8d5a254a-640b-4ccd-8921-f41f98e27894,c23c5a54-9c08-4c1b-894a-9fde70dac4c3,Lane,Denise,#N/A,#N/A,#N/A,#N/A,#N/A,#N/A,#N/A,#N/A,#N/A,#N/A,#N/A,#N/A,#N/A,#N/A,#N/A,#N/A,#N/A,(150) 973-1240,#N/A,#N/A,#N/A,#N/A,#N/A,jjoannow@prodly.co.invalid,"SVP, Marketing & Sales",#N/A,#N/A,#N/A,1974-03-24,"Mr. Barth became Senior Vice President, Marketing & Sales on July 1, 2015. He is responsible for PMI’s global marketing strategies and sales activities.",false,#N/A,#N/A,#N/A,#N/A,false,#N/A,#N/A,false,#N/A,#N/A,#N/A,#N/A,Prodly,#N/A,#N/A,false,false,#N/A
06f04938-169f-4529-b5d8-7750fa27cf80,2a22faa3-d4ca-4f26-9f87-5bc6f4d5603a,Vasily,Chantalle,#N/A,#N/A,#N/A,#N/A,3293,#N/A,#N/A,#N/A,#N/A,26 Dalgarno Street,GLENTHOMPSON,VIC,#N/A,Australia,#N/A,#N/A,#N/A,(03) 5338 3954,#N/A,#N/A,#N/A,#N/A,#N/A,jjoannow@prodly.co.invalid,CFO,#N/A,#N/A,#N/A,#N/A,#N/A,false,#N/A,#N/A,#N/A,#N/A,false,#N/A,#N/A,false,#N/A,#N/A,#N/A,#N/A,Prodly,#N/A,#N/A,false,false,#N/A
8328475c-cfb3-4f85-9390-57b515e5d6fc,076542db-b683-4cfb-970f-9db92e5b1727,Tucky,Emyle,#N/A,#N/A,#N/A,#N/A,2454,#N/A,#N/A,#N/A,#N/A,88 Bailey Street,KALANG,NSW,#N/A,Australia,#N/A,#N/A,#N/A,(03) 5338 3949,#N/A,#N/A,#N/A,#N/A,#N/A,jjoannow@prodly.co.invalid,SVP,#N/A,#N/A,#N/A,#N/A,#N/A,false,#N/A,#N/A,#N/A,#N/A,false,#N/A,#N/A,false,#N/A,#N/A,#N/A,#N/A,Prodly,#N/A,#N/A,false,false,#N/A
33cdf10e-dfc4-4b7e-8c5e-0440697d2ab4,6320c506-ff02-4baf-8f16-c6a8a19f8565,Ramon,Bella,#N/A,178 Campbell Parade,Bondi,NSW,2026,Australia,#N/A,#N/A,#N/A,178 Campbell Parade,Bondi,NSW,2026,Australia,#N/A,#N/A,#N/A,(02) 6454 7803,(02) 6454 7803,0412 183 248,#N/A,#N/A,(02) 6454 7803,jjoannow@prodly.co.invalid,Director of Human Resources,HR,#N/A,#N/A,#N/A,#N/A,false,#N/A,#N/A,#N/A,#N/A,false,#N/A,#N/A,false,#N/A,#N/A,#N/A,#N/A,Prodly,#N/A,#N/A,false,false,#N/A
cea8dfc4-bfa2-49cc-8388-d34484418bb3,d76c61e6-6647-4252-942f-1e9ad16b1557,Louie,Jen,#N/A,#N/A,#N/A,#N/A,#N/A,#N/A,#N/A,#N/A,#N/A,#N/A,#N/A,#N/A,#N/A,#N/A,#N/A,#N/A,#N/A,+33 0 1 42 14 20 00,#N/A,#N/A,#N/A,#N/A,#N/A,jjoannow@prodly.co.invalid,COO,#N/A,#N/A,#N/A,#N/A,#N/A,false,#N/A,#N/A,#N/A,#N/A,false,#N/A,#N/A,false,#N/A,#N/A,#N/A,#N/A,Prodly,#N/A,#N/A,false,false,#N/A
1630f712-0898-41f2-ae26-40fd9dbd1e55,1562ae0b-10ff-48c4-aadc-8994d1e273ae,Edouard,Agace,#N/A,#N/A,#N/A,#N/A,2347,#N/A,#N/A,#N/A,#N/A,32 Railway Street,CARODA,NSW,#N/A,Australia,#N/A,#N/A,#N/A,(03) 5338 3974,#N/A,#N/A,#N/A,#N/A,#N/A,jjoannow@prodly.co.invalid,CEO,#N/A,#N/A,#N/A,#N/A,#N/A,false,#N/A,#N/A,#N/A,#N/A,false,#N/A,#N/A,false,#N/A,#N/A,#N/A,#N/A,Prodly,#N/A,#N/A,false,false,#N/A
7a3510cf-b280-4cdf-a04d-fa9daa766a5d,a83fe1c6-0c86-4ba1-8db3-9603508e114a,Desmond,Lin,#N/A,#N/A,#N/A,#N/A,#N/A,#N/A,#N/A,#N/A,#N/A,#N/A,#N/A,#N/A,#N/A,#N/A,#N/A,#N/A,#N/A,011 49 69 3576 6843,#N/A,#N/A,#N/A,#N/A,#N/A,jjoannow@prodly.co.invalid,CIO,#N/A,#N/A,#N/A,#N/A,#N/A,false,#N/A,#N/A,#N/A,#N/A,false,#N/A,#N/A,false,#N/A,#N/A,#N/A,#N/A,Prodly,#N/A,#N/A,false,false,#N/A
e7b366e0-8e08-44a5-bb4a-02e3d47c4c90,42d553ae-1574-4824-853c-1962fa336861,Rice,Ada,#N/A,#N/A,#N/A,#N/A,#N/A,#N/A,#N/A,#N/A,#N/A,500 South Capitol Avenue,Indianapolis,IN,46225,USA,#N/A,#N/A,#N/A,(134) 398-7929,#N/A,#N/A,#N/A,#N/A,#N/A,jjoannow@prodly.co.invalid,Executive Vice President,#N/A,#N/A,#N/A,#N/A,#N/A,false,#N/A,#N/A,#N/A,#N/A,false,#N/A,#N/A,false,#N/A,#N/A,#N/A,#N/A,Prodly,#N/A,#N/A,false,false,#N/A
eb0a1532-2897-480d-956d-e1c4851046d8,df29e9b2-8e18-42f6-87ae-96ff28699745,Jeromy,Daphene,#N/A,#N/A,#N/A,#N/A,#N/A,#N/A,#N/A,#N/A,#N/A,#N/A,#N/A,CA,#N/A,#N/A,#N/A,#N/A,#N/A,(919) 852-4049,#N/A,#N/A,#N/A,#N/A,#N/A,jjoannow@prodly.co.invalid,EVP Chief Legal & General Counsel,#N/A,#N/A,#N/A,#N/A,#N/A,false,#N/A,#N/A,#N/A,#N/A,false,#N/A,#N/A,false,#N/A,#N/A,#N/A,#N/A,Prodly,#N/A,#N/A,false,false,#N/A
1f1a8baf-e1c4-45d5-b00f-0fcd3b547443,b01c9288-d7bf-4228-add5-32807ee563b8,Kellby,Natalya,#N/A,#N/A,#N/A,#N/A,#N/A,#N/A,#N/A,#N/A,#N/A,#N/A,#N/A,#N/A,#N/A,#N/A,#N/A,#N/A,#N/A,(243) 475-8098,#N/A,#N/A,#N/A,#N/A,#N/A,jjoannow@prodly.co.invalid,EVP & General Counsel,#N/A,#N/A,#N/A,#N/A,"Nicole Jones is Executive Vice President and General Counsel for Cigna, reporting to Chief Executive Officer David Cordani. Jones rejoined Cigna after serving as Senior Vice President and General Counsel for Lincoln Financial. From 2006 to 2010, Jones was Cigna's deputy general counsel, corporate secretary and chief counsel of domestic health service, securities and investment law.",false,#N/A,#N/A,#N/A,#N/A,false,#N/A,#N/A,false,#N/A,#N/A,#N/A,#N/A,Prodly,#N/A,#N/A,false,false,#N/A
e4d73829-8945-4cee-86a2-a4eaff76181e,8e14703e-fd10-4fda-adbc-831517c9454c,Alphonso,Hildagard,#N/A,#N/A,#N/A,#N/A,#N/A,#N/A,#N/A,#N/A,#N/A,#N/A,#N/A,#N/A,#N/A,#N/A,#N/A,#N/A,#N/A,(724) 203-1659,#N/A,#N/A,#N/A,#N/A,#N/A,jjoannow@prodly.co.invalid,"VP, Human Resources and Real Estate & Facilities Services",#N/A,#N/A,#N/A,#N/A,Leads the global team of human resources professionals and is responsible for Real Estate & Facilities Services,false,#N/A,#N/A,#N/A,#N/A,false,#N/A,#N/A,false,#N/A,#N/A,#N/A,#N/A,Prodly,#N/A,#N/A,false,false,#N/A
ca3638d9-98de-4c74-90da-601cc54c974b,a0f757d5-43be-4aa2-955d-23e04ae22f35,Stanleigh,Fania,#N/A,50 Kerra Way,Docklands,VIC,3008,Australia,#N/A,#N/A,#N/A,50 Kerra Way,Docklands,VIC,3008,Australia,#N/A,#N/A,#N/A,(03) 7133 8494,(03) 7133 8494,0420 873 677,#N/A,#N/A,(03) 7133 8494,jjoannow@prodly.co.invalid,General Counsel,Legal,#N/A,#N/A,#N/A,#N/A,false,#N/A,#N/A,#N/A,#N/A,false,#N/A,#N/A,false,#N/A,#N/A,#N/A,#N/A,Prodly,#N/A,#N/A,false,false,#N/A
595e1735-222f-405a-8b98-d4a32677fb95,8e14703e-fd10-4fda-adbc-831517c9454c,Anthony,Prissie,#N/A,#N/A,#N/A,#N/A,#N/A,#N/A,#N/A,#N/A,#N/A,#N/A,#N/A,#N/A,#N/A,#N/A,#N/A,#N/A,#N/A,(588) 256-5616,#N/A,#N/A,#N/A,#N/A,#N/A,jjoannow@prodly.co.invalid,"Senior Vice President, Legal, General Counsel and Corporate Secretary",#N/A,#N/A,#N/A,#N/A,Serves as counsel providing oversight on all legal issues impacting the corporation,false,#N/A,#N/A,#N/A,#N/A,false,#N/A,#N/A,false,#N/A,#N/A,#N/A,#N/A,Prodly,#N/A,#N/A,false,false,#N/A
de9c4e2c-c4ca-45ae-97ee-3ffd898bdba6,ec1db4a3-33fa-446f-a7aa-4dfca9d8017d,Ron,Jeanne,#N/A,#N/A,#N/A,#N/A,#N/A,#N/A,#N/A,#N/A,#N/A,#N/A,#N/A,#N/A,#N/A,#N/A,#N/A,#N/A,#N/A,011 49 69 3576 6843,#N/A,#N/A,#N/A,#N/A,#N/A,jjoannow@prodly.co.invalid,COO,#N/A,#N/A,#N/A,#N/A,#N/A,false,#N/A,#N/A,#N/A,#N/A,false,#N/A,#N/A,false,#N/A,#N/A,#N/A,#N/A,Prodly,#N/A,#N/A,false,false,#N/A
d3d1e9bf-8fd0-4622-aa6e-b463c59cb567,cb72bdda-b101-4835-9161-3bf06bf82742,Nolly,Lyndell,#N/A,#N/A,#N/A,#N/A,#N/A,#N/A,#N/A,#N/A,#N/A,#N/A,#N/A,#N/A,#N/A,#N/A,#N/A,#N/A,#N/A,(297) 972-5262,#N/A,#N/A,#N/A,#N/A,#N/A,jjoannow@prodly.co.invalid,Executive Vice President and Chief Merchandising Officer,#N/A,#N/A,#N/A,#N/A,#N/A,false,#N/A,#N/A,#N/A,#N/A,false,#N/A,#N/A,false,#N/A,#N/A,#N/A,#N/A,Prodly,#N/A,#N/A,false,false,#N/A
69ee8948-3804-4f33-a423-dcaa8e7fea1e,78c2ed00-4bd4-4843-8916-53c1b65e17b8,Phillipe,Zsazsa,#N/A,#N/A,#N/A,#N/A,2347,#N/A,#N/A,#N/A,#N/A,88 Bailey Street,CARODA,NSW,#N/A,Australia,#N/A,#N/A,#N/A,(03) 5338 3997,#N/A,#N/A,#N/A,#N/A,#N/A,jjoannow@prodly.co.invalid,SVP,#N/A,#N/A,#N/A,#N/A,#N/A,false,#N/A,#N/A,#N/A,#N/A,false,#N/A,#N/A,false,#N/A,#N/A,#N/A,#N/A,Prodly,#N/A,#N/A,false,false,#N/A
286b3956-3653-49a4-a51c-dc474ef9dbd0,008b1ced-108a-461f-ad47-c2951a7a99f8,Ignace,Nalani,#N/A,#N/A,#N/A,#N/A,#N/A,#N/A,#N/A,#N/A,#N/A,1 AT&T Way,Arlington,TX,76011,USA,#N/A,#N/A,#N/A,(744) 238-8272,#N/A,#N/A,#N/A,#N/A,#N/A,jjoannow@prodly.co.invalid,SVP and Principal Financial Officer,#N/A,#N/A,#N/A,1981-10-24,"Originally from Washington, D.C., Andrew Swiger earned a Bachelor of Science degree in petroleum engineering from the Colorado School of Mines, prior to joining the company in 1978 as an operations engineer in Morgan City, Louisiana.",false,#N/A,#N/A,#N/A,#N/A,false,#N/A,#N/A,false,#N/A,#N/A,#N/A,#N/A,Prodly,#N/A,#N/A,false,false,#N/A
edfa0d27-1346-44e5-8d92-02ab47bf1360,d855bf74-e885-4ce8-82cc-3149e020b3cf,Kimbell,Micheline,#N/A,67 Como Pde,Como,NSW,2226,Australia,#N/A,#N/A,#N/A,67 Como Pde,Como,NSW,2226,Australia,#N/A,#N/A,#N/A,(02) 6522 6876,(02) 6522 6876,0410 222 872,#N/A,#N/A,(02) 6522 6876,jjoannow@prodly.co.invalid,Senior Vice President of Sales,Sales,#N/A,#N/A,#N/A,#N/A,false,#N/A,#N/A,#N/A,#N/A,false,#N/A,#N/A,false,#N/A,#N/A,#N/A,#N/A,Prodly,#N/A,#N/A,false,false,#N/A
5baae94c-aa88-4e19-9a9b-4d32614bd755,082acf9c-8891-420c-a3fd-66f6c6097e3c,Phip,Pavla,#N/A,#N/A,#N/A,#N/A,2347,#N/A,#N/A,#N/A,#N/A,32 Railway Street,CARODA,NSW,#N/A,Australia,#N/A,#N/A,#N/A,(03) 5338 4073,#N/A,#N/A,#N/A,#N/A,#N/A,jjoannow@prodly.co.invalid,CEO,#N/A,#N/A,#N/A,#N/A,#N/A,false,#N/A,#N/A,#N/A,#N/A,false,#N/A,#N/A,false,#N/A,#N/A,#N/A,#N/A,Prodly,#N/A,#N/A,false,false,#N/A
a4c91ea0-d8b6-41fc-9d45-b51da9e5fde5,71741663-e680-4352-8de9-d7f0fad54026,Donovan,Rebbecca,#N/A,#N/A,#N/A,#N/A,#N/A,#N/A,#N/A,#N/A,#N/A,#N/A,#N/A,#N/A,#N/A,#N/A,#N/A,#N/A,#N/A,(344) 246-9732,#N/A,#N/A,#N/A,#N/A,#N/A,jjoannow@prodly.co.invalid,CFO,#N/A,#N/A,#N/A,#N/A,"Andy Campion joined NIKE in 2007 as Vice President of Global Planning and Development, leading long-range financial and strategic planning. He was appointed Chief Financial Officer of the NIKE Brand in 2010, responsible for leading all aspects of financial management for the company’s flagship brand. In 2014, he was appointed Senior Vice President, Strategy, Finance and Investor Relations in addition to his role as Chief Financial Officer of the NIKE Brand.",false,#N/A,#N/A,#N/A,#N/A,false,#N/A,#N/A,false,#N/A,#N/A,#N/A,#N/A,Prodly,#N/A,#N/A,false,false,#N/A
4b3d0bdf-2e84-428f-b431-fb596d25e0ef,957363ed-f7e7-4432-a639-c868929084aa,Bryn,Garland,#N/A,#N/A,#N/A,#N/A,#N/A,#N/A,#N/A,#N/A,#N/A,#N/A,#N/A,#N/A,#N/A,#N/A,#N/A,#N/A,#N/A,(202) 409-1770,#N/A,#N/A,#N/A,#N/A,#N/A,jjoannow@prodly.co.invalid,"Executive Vice President, Deputy Group General Counsel",#N/A,#N/A,#N/A,#N/A,#N/A,false,#N/A,#N/A,#N/A,#N/A,false,#N/A,#N/A,false,#N/A,#N/A,#N/A,#N/A,Prodly,#N/A,#N/A,false,false,#N/A
9feb304a-d680-40e7-98c5-e438f0943354,52aa2d52-b22b-4d4d-b272-e956119dd30c,Murdoch,Almeria,#N/A,45 Spring Street,Melbourne,VIC,3000,Australia,#N/A,#N/A,#N/A,45 Spring Street,Melbourne,VIC,3000,Australia,#N/A,#N/A,#N/A,(03) 6230 6018,(03) 6230 6018,0418 452 628,#N/A,#N/A,(03) 6230 6018,jjoannow@prodly.co.invalid,Account Executive,Sales,#N/A,#N/A,#N/A,#N/A,false,#N/A,#N/A,#N/A,#N/A,false,#N/A,#N/A,false,#N/A,#N/A,#N/A,#N/A,Prodly,#N/A,#N/A,false,false,#N/A
4b27a23e-a53b-4bfb-93e2-eea88f192a10,d06a901f-acfb-4ce5-8392-4058ad32485b,Frank,Odelle,#N/A,#N/A,#N/A,#N/A,#N/A,#N/A,#N/A,#N/A,#N/A,#N/A,#N/A,#N/A,#N/A,#N/A,#N/A,#N/A,#N/A,(747) 813-5846,#N/A,#N/A,#N/A,#N/A,#N/A,jjoannow@prodly.co.invalid,Chief Technology Officer,#N/A,#N/A,#N/A,1977-10-24,#N/A,false,#N/A,#N/A,#N/A,#N/A,false,#N/A,#N/A,false,#N/A,#N/A,#N/A,#N/A,Prodly,#N/A,#N/A,false,false,#N/A
14866591-4093-451b-9578-486d263daa14,9cc34213-1502-44f3-8ed1-609b175b2f72,Errick,Emmalynne,#N/A,66 Beckenham St,Canley Vale,NSW,2166,Australia,#N/A,#N/A,#N/A,66 Beckenham St,Canley Vale,NSW,2166,Australia,#N/A,#N/A,#N/A,(02) 7084 6511,(02) 7084 6511,0425 431 725,#N/A,#N/A,(02) 7084 6511,jjoannow@prodly.co.invalid,Director of Business Development,Business Development,#N/A,#N/A,#N/A,#N/A,false,#N/A,#N/A,#N/A,#N/A,false,#N/A,#N/A,false,#N/A,#N/A,#N/A,#N/A,Prodly,#N/A,#N/A,false,false,#N/A
bb170452-1d23-43e9-9319-7bd3ddf7ccc4,989094de-5598-4d5a-9c5f-2e1aa671f77c,Derrik,Lissie,#N/A,#N/A,#N/A,#N/A,#N/A,#N/A,#N/A,#N/A,#N/A,#N/A,#N/A,#N/A,#N/A,#N/A,#N/A,#N/A,#N/A,(319)461-4463,#N/A,#N/A,#N/A,#N/A,#N/A,jjoannow@prodly.co.invalid,COO,#N/A,#N/A,#N/A,#N/A,#N/A,false,#N/A,#N/A,#N/A,#N/A,false,#N/A,#N/A,false,#N/A,#N/A,#N/A,#N/A,Prodly,#N/A,#N/A,false,false,#N/A
79ac825a-065d-40c9-83a8-3314b7beea54,b18f660b-73bf-4e7e-8c43-3545c94f2a1b,Shep,Elwira,#N/A,#N/A,#N/A,#N/A,#N/A,#N/A,#N/A,#N/A,#N/A,2001 Blake Street,Denver,CO,80205,USA,#N/A,#N/A,#N/A,(380) 675-0645,#N/A,#N/A,#N/A,#N/A,#N/A,jjoannow@prodly.co.invalid,COO,#N/A,#N/A,#N/A,#N/A,"Thomas K. Montag is chief operating officer of Bank of America and is a member of the company’s executive management team. In this role, he is responsible for all of the businesses that serve companies and institutional investors, including middle-market commercial and large corporate clients, and institutional investor clients, including Bank of America Merrill Lynch Global Research and the global markets sales and trading businesses.",false,#N/A,#N/A,#N/A,#N/A,false,#N/A,#N/A,false,#N/A,#N/A,#N/A,#N/A,Prodly,#N/A,#N/A,false,false,#N/A
30fb25c6-255f-4540-b628-6b160c7079e9,1a26b41c-d212-44be-956a-5064237bc0a1,Northrup,Celka,#N/A,#N/A,#N/A,#N/A,#N/A,#N/A,#N/A,#N/A,#N/A,#N/A,#N/A,#N/A,#N/A,#N/A,#N/A,#N/A,#N/A,(240) 485-6375,#N/A,#N/A,#N/A,#N/A,#N/A,jjoannow@prodly.co.invalid,Global Head of Human Capital Management,#N/A,#N/A,#N/A,#N/A,#N/A,false,#N/A,#N/A,#N/A,#N/A,false,#N/A,#N/A,false,#N/A,#N/A,#N/A,#N/A,Prodly,#N/A,#N/A,false,false,#N/A
7ad6622c-1965-48f4-a05f-b67feca95390,076542db-b683-4cfb-970f-9db92e5b1727,Mychal,Shaun,#N/A,3 Myra St,Wahroonga,NSW,2076,Australia,#N/A,#N/A,#N/A,3 Myra St,Wahroonga,NSW,2076,Australia,#N/A,#N/A,#N/A,(02) 8291 6421,(02) 8291 6421,0424 836 500,#N/A,#N/A,(02) 8291 6421,jjoannow@prodly.co.invalid,CEO,CEO,#N/A,#N/A,#N/A,#N/A,false,#N/A,#N/A,#N/A,#N/A,false,#N/A,#N/A,false,#N/A,#N/A,#N/A,#N/A,Prodly,#N/A,#N/A,false,false,#N/A
d235d1f2-5342-42c5-ad0c-a55dbea6ff4a,0231da6a-f192-45c1-90b5-d11ea138fd7b,Bennie,Elsi,#N/A,#N/A,#N/A,#N/A,#N/A,#N/A,#N/A,#N/A,#N/A,#N/A,#N/A,#N/A,#N/A,#N/A,#N/A,#N/A,#N/A,202-555-0110,#N/A,#N/A,#N/A,#N/A,#N/A,jjoannow@prodly.co.invalid,COO,#N/A,#N/A,#N/A,#N/A,#N/A,false,#N/A,#N/A,#N/A,#N/A,false,#N/A,#N/A,false,#N/A,#N/A,#N/A,#N/A,Prodly,#N/A,#N/A,false,false,#N/A
03be464b-d195-4175-a053-e450c74dc0de,1a26b41c-d212-44be-956a-5064237bc0a1,Denys,Gerrie,#N/A,#N/A,#N/A,#N/A,#N/A,#N/A,#N/A,#N/A,#N/A,#N/A,#N/A,#N/A,#N/A,#N/A,#N/A,#N/A,#N/A,(440)475-1491,#N/A,#N/A,#N/A,#N/A,#N/A,jjoannow@prodly.co.invalid,CSO,#N/A,#N/A,#N/A,#N/A,#N/A,false,#N/A,#N/A,#N/A,#N/A,false,#N/A,#N/A,false,#N/A,#N/A,#N/A,#N/A,Prodly,#N/A,#N/A,false,false,#N/A
372b1e4d-21d9-4d36-ad9e-bd3a63aec898,4a0f32f7-4233-45a1-94bd-75faf566aa17,Sebastien,Edith,#N/A,50 Kerra Way,Docklands,VIC,3008,Australia,#N/A,#N/A,#N/A,50 Kerra Way,Docklands,VIC,3008,Australia,#N/A,#N/A,#N/A,(03) 6237 6024,(03) 6237 6024,0416 660 867,#N/A,#N/A,(03) 6237 6024,jjoannow@prodly.co.invalid,"VP, Supply Chain",Operations,#N/A,#N/A,#N/A,#N/A,false,#N/A,#N/A,#N/A,#N/A,false,#N/A,#N/A,false,#N/A,#N/A,#N/A,#N/A,Prodly,#N/A,#N/A,false,false,#N/A
2914ff5a-b5d2-47bc-bead-d4d0afc442b9,65348251-9e23-4124-ae6c-95098e9d91a2,Norrie,Twila,#N/A,#N/A,#N/A,#N/A,#N/A,#N/A,#N/A,#N/A,#N/A,#N/A,#N/A,#N/A,#N/A,#N/A,#N/A,#N/A,#N/A,(756) 305-2571,#N/A,#N/A,#N/A,#N/A,#N/A,jjoannow@prodly.co.invalid,COO,#N/A,#N/A,#N/A,#N/A,#N/A,false,#N/A,#N/A,#N/A,#N/A,false,#N/A,#N/A,false,#N/A,#N/A,#N/A,#N/A,Prodly,#N/A,#N/A,false,false,#N/A
a7c27b44-15dc-47cd-8813-9ca2604874fd,39ca738a-3930-4a69-a083-9baebe0bd47e,Read,Alyssa,#N/A,57 Clifton Dr,Bacchus Marsh,VIC,3340,Australia,#N/A,#N/A,#N/A,57 Clifton Dr,Bacchus Marsh,VIC,3340,Australia,#N/A,#N/A,#N/A,(03) 7823 7858,(03) 7823 7858,0427 106 345,#N/A,#N/A,(03) 7823 7858,jjoannow@prodly.co.invalid,Director of Marketing,Marketing,#N/A,#N/A,#N/A,#N/A,false,#N/A,#N/A,#N/A,#N/A,false,#N/A,#N/A,false,#N/A,#N/A,#N/A,#N/A,Prodly,#N/A,#N/A,false,false,#N/A
9f523b9f-1e4a-417a-8253-542419e2b94d,fe981786-e62e-4e7c-9912-0f705b23f2af,Hymie,Gilberte,#N/A,#N/A,#N/A,#N/A,3293,#N/A,#N/A,#N/A,#N/A,32 Railway Street,GLENTHOMPSON,VIC,#N/A,Australia,#N/A,#N/A,#N/A,(03) 5338 3992,#N/A,#N/A,#N/A,#N/A,#N/A,jjoannow@prodly.co.invalid,CEO,#N/A,#N/A,#N/A,#N/A,#N/A,false,#N/A,#N/A,#N/A,#N/A,false,#N/A,#N/A,false,#N/A,#N/A,#N/A,#N/A,Prodly,#N/A,#N/A,false,false,#N/A
0e246522-8103-46c8-b5e5-4daf925c3c32,e8b1df73-2693-4997-b345-adf992fbb341,Shaughn,Jada,#N/A,#N/A,#N/A,#N/A,#N/A,#N/A,#N/A,#N/A,#N/A,#N/A,#N/A,#N/A,#N/A,#N/A,#N/A,#N/A,#N/A,(319)461-4461,#N/A,#N/A,#N/A,#N/A,#N/A,jjoannow@prodly.co.invalid,COO,#N/A,#N/A,#N/A,#N/A,#N/A,false,#N/A,#N/A,#N/A,#N/A,false,#N/A,#N/A,false,#N/A,#N/A,#N/A,#N/A,Prodly,#N/A,#N/A,false,false,#N/A
31a3ec1b-a935-4cdf-8c9e-23cf79b8804b,b411ef6e-3022-43ee-b553-40d3ff2e8b85,Berti,Susana,#N/A,#N/A,#N/A,#N/A,#N/A,#N/A,#N/A,#N/A,#N/A,#N/A,New York,NY,#N/A,USA,#N/A,#N/A,#N/A,(251) 141-3114,#N/A,#N/A,#N/A,#N/A,#N/A,jjoannow@prodly.co.invalid,Chief Legal Officer,#N/A,#N/A,#N/A,#N/A,#N/A,false,#N/A,#N/A,#N/A,#N/A,false,#N/A,#N/A,false,#N/A,#N/A,#N/A,#N/A,Prodly,#N/A,#N/A,false,false,#N/A
056e77df-130d-48bc-9f21-c1e004f939f3,b18f2036-f373-4189-a9f3-2227c8ef8b7c,Jones,Howard,#N/A,#N/A,#N/A,#N/A,#N/A,#N/A,#N/A,#N/A,#N/A,10 Main Rd.,New York,NY,31349,USA,#N/A,#N/A,#N/A,(212) 555-5555,(212) 555-5555,#N/A,#N/A,#N/A,#N/A,jjoannow@prodly.co.invalid,Buyer,#N/A,#N/A,#N/A,#N/A,#N/A,false,#N/A,#N/A,#N/A,#N/A,false,#N/A,#N/A,false,#N/A,#N/A,#N/A,#N/A,#N/A,#N/A,#N/A,false,false,#N/A
7213d1d3-7a50-4482-984d-41d90478eb78,3ece893c-ab24-42eb-a466-e7fc2e4faee5,Murdoch,Alexia,#N/A,#N/A,#N/A,#N/A,#N/A,#N/A,#N/A,#N/A,#N/A,#N/A,#N/A,#N/A,#N/A,#N/A,#N/A,#N/A,#N/A,(736) 229-2333,#N/A,#N/A,#N/A,#N/A,#N/A,jjoannow@prodly.co.invalid,CEO,#N/A,#N/A,#N/A,#N/A,#N/A,false,#N/A,#N/A,#N/A,#N/A,false,#N/A,#N/A,false,#N/A,#N/A,#N/A,#N/A,Prodly,#N/A,#N/A,false,false,#N/A
8d96eb5e-fa4a-482e-9bbf-51b8c812dbaf,1c9016e4-816b-4e62-a1b0-c1f5c8fa1188,Demott,Hailee,#N/A,#N/A,#N/A,#N/A,#N/A,#N/A,#N/A,#N/A,#N/A,1 Arrowhead Drive,Kansas City,MO,64129,USA,#N/A,#N/A,#N/A,(722) 632-6201,#N/A,#N/A,#N/A,#N/A,#N/A,jjoannow@prodly.co.invalid,CEO,#N/A,#N/A,#N/A,#N/A,"George R. Oliver is chairman and CEO of Johnson Controls. Prior to becoming CEO on Sept. 1, 2017, he served as president and chief operating officer with responsibility for the company’s operating businesses and leading the integration of Johnson Controls and Tyco following their September 2016 merger.",false,#N/A,#N/A,#N/A,#N/A,false,#N/A,#N/A,false,#N/A,#N/A,#N/A,#N/A,Prodly,#N/A,#N/A,false,false,#N/A
558245bf-0e91-4a2f-b67c-55a3abc475b8,20284815-0924-4bf1-8ad5-42311d6ade31,Andras,Kalie,#N/A,#N/A,#N/A,#N/A,#N/A,#N/A,#N/A,#N/A,#N/A,#N/A,#N/A,#N/A,#N/A,#N/A,#N/A,#N/A,#N/A,(321) 342-7063,#N/A,#N/A,#N/A,#N/A,#N/A,jjoannow@prodly.co.invalid,Chief Legal Officer,#N/A,#N/A,#N/A,#N/A,#N/A,false,#N/A,#N/A,#N/A,#N/A,false,#N/A,#N/A,false,#N/A,#N/A,#N/A,#N/A,Prodly,#N/A,#N/A,false,false,#N/A
10349a0b-40a7-44bd-beb1-1ff1a9dbf2be,8c27cba5-f069-462c-a6a3-898619e956b4,Lucian,Erminia,#N/A,#N/A,#N/A,#N/A,2454,#N/A,#N/A,#N/A,#N/A,32 Railway Street,KALANG,NSW,#N/A,Australia,#N/A,#N/A,#N/A,(03) 5338 4034,#N/A,#N/A,#N/A,#N/A,#N/A,jjoannow@prodly.co.invalid,CEO,#N/A,#N/A,#N/A,#N/A,#N/A,false,#N/A,#N/A,#N/A,#N/A,false,#N/A,#N/A,false,#N/A,#N/A,#N/A,#N/A,Prodly,#N/A,#N/A,false,false,#N/A
5ac56cba-8b39-469f-b102-bbe885212603,ab7ee815-3a11-44cc-b064-55d63536825e,Keene,Kerianne,#N/A,#N/A,#N/A,#N/A,#N/A,#N/A,#N/A,#N/A,#N/A,#N/A,#N/A,#N/A,#N/A,#N/A,#N/A,#N/A,#N/A,(512) 931-5152,#N/A,#N/A,#N/A,#N/A,#N/A,jjoannow@prodly.co.invalid,CEO,#N/A,#N/A,#N/A,#N/A,Dr. Sue Desmond-Hellmann leads the foundation's efforts to promote equity for all people around the world.,false,#N/A,#N/A,#N/A,#N/A,false,#N/A,#N/A,false,#N/A,#N/A,#N/A,#N/A,Prodly,#N/A,#N/A,false,false,#N/A
de11fe41-82a9-404f-b86c-e0e5df1ff496,ad4efe8f-969d-45a6-8367-92d37737206b,Giffer,Edie,#N/A,#N/A,#N/A,#N/A,#N/A,#N/A,#N/A,#N/A,#N/A,#N/A,#N/A,#N/A,#N/A,#N/A,#N/A,#N/A,#N/A,+33 0 1 42 14 20 00,#N/A,#N/A,#N/A,#N/A,#N/A,jjoannow@prodly.co.invalid,COO,#N/A,#N/A,#N/A,1978-03-24,#N/A,false,#N/A,#N/A,#N/A,#N/A,false,#N/A,#N/A,false,#N/A,#N/A,#N/A,#N/A,Prodly,#N/A,#N/A,false,false,#N/A
d5398b2f-cc57-4b4f-b97a-860bb3caa7a3,aea1a190-3b67-4e0a-bcf5-dce0be26dc43,Chariot,Ofilia,#N/A,#N/A,#N/A,#N/A,#N/A,#N/A,#N/A,#N/A,#N/A,#N/A,#N/A,#N/A,#N/A,#N/A,#N/A,#N/A,#N/A,(051) 212-3456,#N/A,#N/A,#N/A,#N/A,#N/A,jjoannow@prodly.co.invalid,CIO,#N/A,#N/A,#N/A,#N/A,#N/A,false,#N/A,#N/A,#N/A,#N/A,false,#N/A,#N/A,false,#N/A,#N/A,#N/A,#N/A,Prodly,#N/A,#N/A,false,false,#N/A
79d1fafe-3c6f-48ee-8bd6-f19b9edc5845,29ca5f3e-f69b-43c5-96db-f0fcb2934ade,Winston,Susannah,#N/A,#N/A,#N/A,#N/A,#N/A,#N/A,#N/A,#N/A,#N/A,#N/A,#N/A,#N/A,#N/A,#N/A,#N/A,#N/A,#N/A,(256) 531-2958,#N/A,#N/A,#N/A,#N/A,#N/A,jjoannow@prodly.co.invalid,"CEO, Chairperson",#N/A,#N/A,#N/A,#N/A,#N/A,false,#N/A,#N/A,#N/A,#N/A,false,#N/A,#N/A,false,#N/A,#N/A,#N/A,#N/A,Prodly,#N/A,#N/A,false,false,#N/A
4a987089-d406-4402-bcb5-e79b7498d96d,e4255128-7dee-41d8-aebc-0e00f9664742,Gael,Kiele,#N/A,#N/A,#N/A,#N/A,#N/A,#N/A,#N/A,#N/A,#N/A,#N/A,#N/A,#N/A,#N/A,#N/A,#N/A,#N/A,#N/A,(147) 717-0891,#N/A,#N/A,#N/A,#N/A,#N/A,jjoannow@prodly.co.invalid,CEO,#N/A,#N/A,#N/A,1975-02-24,Tim Wentworth is responsible for all aspects of the company’s strategic direction and core business. Tim was named President in 2014 and Chief Executive Officer in 2016. Tim joined Express Scripts when the company merged with Medco in April 2012.,false,#N/A,#N/A,#N/A,#N/A,false,#N/A,#N/A,false,#N/A,#N/A,#N/A,#N/A,Prodly,#N/A,#N/A,false,false,#N/A
35eb538c-29f3-4d45-b53f-b68ddc39579a,217f512a-ace2-4a1b-9a0c-005f95f1aa95,Prince,Gipsy,#N/A,#N/A,#N/A,#N/A,#N/A,#N/A,#N/A,#N/A,#N/A,2001 Blake Street,Denver,CO,80205,USA,#N/A,#N/A,#N/A,(735) 993-6716,#N/A,#N/A,#N/A,#N/A,#N/A,jjoannow@prodly.co.invalid,EVP & Chief Legal Officer & Corporate Secretary,#N/A,#N/A,#N/A,#N/A,"Peter Carter has served as Delta’s Executive Vice President, Chief Legal Officer and Corporate Secretary since July 2015. As Chief Legal Officer, Peter oversees Delta’s legal and government affairs worldwide.",false,#N/A,#N/A,#N/A,#N/A,false,#N/A,#N/A,false,#N/A,#N/A,#N/A,#N/A,Prodly,#N/A,#N/A,false,false,#N/A
9933ab47-e064-4634-b195-4d4ba80ba815,ea2daf27-d46a-40d5-87c8-cb727a4d6b63,Giovanni,Julianne,#N/A,#N/A,#N/A,#N/A,#N/A,#N/A,#N/A,#N/A,#N/A,555 Corporate Ave.,San Francisco,CA,94105,USA,#N/A,#N/A,#N/A,(589) 658-9075,#N/A,#N/A,#N/A,#N/A,#N/A,jjoannow@prodly.co.invalid,CEO,#N/A,#N/A,#N/A,1969-01-07,Mr. Heminger is chairman of the board and chief executive officer of Marathon Petroleum Corporation. He is chairman of the board and chief executive officer of MPLX GP LLC. Mr. Heminger is past-chairman of the board of trustees of Tiffin University. He serves on the boards of directors and executive committees of the American Petroleum Institute (API) and American Fuel & Petrochemicals Manufacturers Association (AFPM).,false,#N/A,#N/A,#N/A,#N/A,false,#N/A,#N/A,false,#N/A,#N/A,#N/A,#N/A,Prodly,#N/A,#N/A,false,false,#N/A
86ba43c6-21fa-4cd6-a38a-566b5cdbb2b5,e555c464-726d-429a-b793-02b41a502538,Saxe,Persis,#N/A,#N/A,#N/A,#N/A,#N/A,#N/A,#N/A,#N/A,#N/A,#N/A,#N/A,#N/A,#N/A,#N/A,#N/A,#N/A,#N/A,+44 20 5678 9900,#N/A,#N/A,#N/A,#N/A,#N/A,jjoannow@prodly.co.invalid,COO,#N/A,#N/A,#N/A,#N/A,#N/A,false,#N/A,#N/A,#N/A,#N/A,false,#N/A,#N/A,false,#N/A,#N/A,#N/A,#N/A,Prodly,#N/A,#N/A,false,false,#N/A
5f67b55a-5a44-4d28-9f95-d31c35d693d2,b09060e7-20a3-4d9f-9123-ffb1a3dfd34a,Valle,Phil,#N/A,#N/A,#N/A,#N/A,#N/A,#N/A,#N/A,#N/A,#N/A,#N/A,#N/A,#N/A,#N/A,#N/A,#N/A,#N/A,#N/A,202-555-0108,#N/A,#N/A,#N/A,#N/A,#N/A,jjoannow@prodly.co.invalid,CTO,#N/A,#N/A,#N/A,#N/A,#N/A,false,#N/A,#N/A,#N/A,#N/A,false,#N/A,#N/A,false,#N/A,#N/A,#N/A,#N/A,Prodly,#N/A,#N/A,false,false,#N/A
f5be2ab9-1088-44d3-9ca3-df6b69f53966,51a12852-b282-4490-b9dd-bf2285c93137,Judas,Jewel,#N/A,#N/A,#N/A,#N/A,#N/A,#N/A,#N/A,#N/A,#N/A,7000 Coliseum Way,Oakland,CA,94621,USA,#N/A,#N/A,#N/A,(177) 198-9672,#N/A,#N/A,#N/A,#N/A,#N/A,jjoannow@prodly.co.invalid,CFO,#N/A,#N/A,#N/A,#N/A,"John Hele is executive vice president & chief financial officer for MetLife, Inc. and a member of the company's executive group. Appointed to this position in September 2012, Hele oversees all financial management matters for MetLife, including financial reporting, treasury, corporate actuarial, tax, investor relations as well as mergers and acquisitions.",false,#N/A,#N/A,#N/A,#N/A,false,#N/A,#N/A,false,#N/A,#N/A,#N/A,#N/A,Prodly,#N/A,#N/A,false,false,#N/A
2ec23b29-1ffe-4f59-a9aa-53ca8ad16d00,d53be6fe-9499-48b8-aff2-fb8a854294fe,Curr,Corly,#N/A,86 Altona St,Kensington,VIC,3031,Australia,#N/A,#N/A,#N/A,86 Altona St,Kensington,VIC,3031,Australia,#N/A,#N/A,#N/A,(03) 8532 7526,(03) 8532 7526,0416 785 676,#N/A,#N/A,(03) 8532 7526,jjoannow@prodly.co.invalid,"Manager, Information Technology",IT,#N/A,#N/A,#N/A,#N/A,false,#N/A,#N/A,#N/A,#N/A,false,#N/A,#N/A,false,#N/A,#N/A,#N/A,#N/A,Prodly,#N/A,#N/A,false,false,#N/A
5085eace-624a-4f92-aefb-be2fca19a66d,63a2522c-da85-4079-a621-fd46a49cd78b,Adolphus,Leola,#N/A,#N/A,#N/A,#N/A,#N/A,#N/A,#N/A,#N/A,#N/A,#N/A,#N/A,#N/A,#N/A,#N/A,#N/A,#N/A,#N/A,(442)666-1795,#N/A,#N/A,#N/A,#N/A,#N/A,jjoannow@prodly.co.invalid,COO,#N/A,#N/A,#N/A,#N/A,#N/A,false,#N/A,#N/A,#N/A,#N/A,false,#N/A,#N/A,false,#N/A,#N/A,#N/A,#N/A,Prodly,#N/A,#N/A,false,false,#N/A
a8602346-7f67-4c54-8848-367e8e4d5752,551d24c8-f10f-47a2-9f23-ea48b275ff48,Adrien,Almeda,#N/A,#N/A,#N/A,#N/A,#N/A,#N/A,#N/A,#N/A,#N/A,#N/A,#N/A,#N/A,#N/A,#N/A,#N/A,#N/A,#N/A,(290) 294-7654,#N/A,#N/A,#N/A,#N/A,#N/A,jjoannow@prodly.co.invalid,"EVP, Human Resources",#N/A,#N/A,#N/A,#N/A,"Jorge L. Figueredo is Executive Vice President of Human Resources of McKesson Corporation. The responsibilities of this position include talent acquisition, training and organizational development, compensation and benefits, diversity, community relations, and corporate communications and branding.",false,#N/A,#N/A,#N/A,#N/A,false,#N/A,#N/A,false,#N/A,#N/A,#N/A,#N/A,Prodly,#N/A,#N/A,false,false,#N/A
dc4fb77e-88ce-41af-8a7c-8c39b79b60ba,dd3330be-ca21-4cb4-8acb-59e3a29631ed,Case,Maudie,#N/A,350 Collins Street,Melbourne,VIC,3000,Australia,#N/A,#N/A,#N/A,350 Collins Street,Melbourne,VIC,3000,Australia,#N/A,#N/A,#N/A,(03) 8723 6711,(03) 8723 6711,0417 880 391,#N/A,#N/A,(03) 8723 6711,jjoannow@prodly.co.invalid,Director-Accounting,Finance,#N/A,#N/A,#N/A,#N/A,false,#N/A,#N/A,#N/A,#N/A,false,#N/A,#N/A,false,#N/A,#N/A,#N/A,#N/A,Prodly,#N/A,#N/A,false,false,#N/A
22f8b090-f6b6-42c7-b372-db1b24af4b22,b411ef6e-3022-43ee-b553-40d3ff2e8b85,Clare,Aurie,#N/A,#N/A,#N/A,#N/A,#N/A,#N/A,#N/A,#N/A,#N/A,#N/A,#N/A,#N/A,#N/A,#N/A,#N/A,#N/A,#N/A,(705) 406-7394,#N/A,#N/A,#N/A,#N/A,#N/A,jjoannow@prodly.co.invalid,CHRO,#N/A,#N/A,#N/A,#N/A,#N/A,false,#N/A,#N/A,#N/A,#N/A,false,#N/A,#N/A,false,#N/A,#N/A,#N/A,#N/A,Prodly,#N/A,#N/A,false,false,#N/A
e4da9b50-e31a-4e9e-9668-ba41433366a7,bcfff8a0-c370-4978-a439-087e1082693b,Hans,Seline,#N/A,#N/A,#N/A,#N/A,2347,#N/A,#N/A,#N/A,#N/A,32 Railway Street,CARODA,NSW,#N/A,Australia,#N/A,#N/A,#N/A,(03) 5338 4076,#N/A,#N/A,#N/A,#N/A,#N/A,jjoannow@prodly.co.invalid,CEO,#N/A,#N/A,#N/A,#N/A,#N/A,false,#N/A,#N/A,#N/A,#N/A,false,#N/A,#N/A,false,#N/A,#N/A,#N/A,#N/A,Prodly,#N/A,#N/A,false,false,#N/A
1f2bd889-31aa-481e-99d7-4393cf084cf8,63a2522c-da85-4079-a621-fd46a49cd78b,Ruben,Astra,#N/A,#N/A,#N/A,#N/A,#N/A,#N/A,#N/A,#N/A,#N/A,#N/A,#N/A,#N/A,#N/A,#N/A,#N/A,#N/A,#N/A,(879) 351-6700,#N/A,#N/A,#N/A,#N/A,#N/A,jjoannow@prodly.co.invalid,CEO,#N/A,#N/A,#N/A,#N/A,"Randall was named to his current position in 2007. Since then, AT&T has invested to become a global leader in the rapidly converging technology, media and telecommunications (TMT) space, providing integrated solutions that range from premium video entertainment, high-speed Internet and mobility to IP network services, security and the Internet of Things (IoT).",false,#N/A,#N/A,#N/A,#N/A,false,#N/A,#N/A,false,#N/A,#N/A,#N/A,#N/A,Prodly,#N/A,#N/A,false,false,#N/A
32c9ddb3-19c2-4353-bbc3-0037726056e9,076542db-b683-4cfb-970f-9db92e5b1727,Rafi,Phaidra,#N/A,#N/A,#N/A,#N/A,2347,#N/A,#N/A,#N/A,#N/A,32 Railway Street,CARODA,NSW,#N/A,Australia,#N/A,#N/A,#N/A,(03) 5338 3950,#N/A,#N/A,#N/A,#N/A,#N/A,jjoannow@prodly.co.invalid,CEO,#N/A,#N/A,#N/A,#N/A,#N/A,false,#N/A,#N/A,#N/A,#N/A,false,#N/A,#N/A,false,#N/A,#N/A,#N/A,#N/A,Prodly,#N/A,#N/A,false,false,#N/A
db82060c-441f-4d2a-ac41-e105d87be158,37afb168-f0e8-423a-a651-bf9649ca6220,Feodor,Lesly,#N/A,#N/A,#N/A,#N/A,#N/A,#N/A,#N/A,#N/A,#N/A,1701 Bryant Street,Denver,CO,80204,USA,#N/A,#N/A,#N/A,(534) 655-2599,#N/A,#N/A,#N/A,#N/A,#N/A,jjoannow@prodly.co.invalid,CAO,#N/A,#N/A,#N/A,#N/A,"Mr. Jerry Weiss has been the Chief Administrative Officer and Executive Vice President at Federal Home Loan Mortgage Corporation since August 2010. Mr. Weiss oversees Freddie Mac's compliance with policies, procedures and practices, including compliance with laws and regulations.",false,#N/A,#N/A,#N/A,#N/A,false,#N/A,#N/A,false,#N/A,#N/A,#N/A,#N/A,Prodly,#N/A,#N/A,false,false,#N/A
6e64c6d9-ea82-4308-a9fc-81995dbb8e8e,710fe2fe-521a-4718-bd07-70d4ff925556,Clayborn,Dorris,#N/A,#N/A,#N/A,#N/A,2454,#N/A,#N/A,#N/A,#N/A,32 Railway Street,KALANG,NSW,#N/A,Australia,#N/A,#N/A,#N/A,(03) 5338 4058,#N/A,#N/A,#N/A,#N/A,#N/A,jjoannow@prodly.co.invalid,CEO,#N/A,#N/A,#N/A,#N/A,#N/A,false,#N/A,#N/A,#N/A,#N/A,false,#N/A,#N/A,false,#N/A,#N/A,#N/A,#N/A,Prodly,#N/A,#N/A,false,false,#N/A
8fbc968a-2ce1-4ab6-91ea-9cc8792f1b8b,217f512a-ace2-4a1b-9a0c-005f95f1aa95,Lamont,Abbey,#N/A,#N/A,#N/A,#N/A,#N/A,#N/A,#N/A,#N/A,#N/A,#N/A,#N/A,#N/A,#N/A,#N/A,#N/A,#N/A,#N/A,202-555-0110,#N/A,#N/A,#N/A,#N/A,#N/A,jjoannow@prodly.co.invalid,CEO,#N/A,#N/A,#N/A,#N/A,#N/A,false,#N/A,#N/A,#N/A,#N/A,false,#N/A,#N/A,false,#N/A,#N/A,#N/A,#N/A,Prodly,#N/A,#N/A,false,false,#N/A
07aa5392-9cca-4613-bfd9-fd45b851edcf,7fdede46-988b-4634-8b37-9392bb140aef,Odie,Janina,#N/A,#N/A,#N/A,#N/A,3293,#N/A,#N/A,#N/A,#N/A,26 Dalgarno Street,GLENTHOMPSON,VIC,#N/A,Australia,#N/A,#N/A,#N/A,(03) 5338 3939,#N/A,#N/A,#N/A,#N/A,#N/A,jjoannow@prodly.co.invalid,CFO,#N/A,#N/A,#N/A,#N/A,#N/A,false,#N/A,#N/A,#N/A,#N/A,false,#N/A,#N/A,false,#N/A,#N/A,#N/A,#N/A,Prodly,#N/A,#N/A,false,false,#N/A
66fb4e63-7bb1-4c43-9fad-8497ae25eba8,1cc82fc1-0d11-445e-8234-fe4a98a2e3fb,Rourke,Josee,#N/A,#N/A,#N/A,#N/A,#N/A,#N/A,#N/A,#N/A,#N/A,#N/A,#N/A,#N/A,#N/A,#N/A,#N/A,#N/A,#N/A,(373) 354-3233,#N/A,#N/A,#N/A,#N/A,#N/A,jjoannow@prodly.co.invalid,CEO,#N/A,#N/A,#N/A,#N/A,Mr. Collis was elected Chairman of the Board in March 2016 and has been President and Chief Executive Officer of AmerisourceBergen Corporation since July 2011. He served as President and Chief Operating Officer of AmerisourceBergen from November 2010 to July 2011. He served as Executive Vice President and President of AmerisourceBergen Drug Corporation from September 2009 to November 2010.,false,#N/A,#N/A,#N/A,#N/A,false,#N/A,#N/A,false,#N/A,#N/A,#N/A,#N/A,Prodly,#N/A,#N/A,false,false,#N/A
ddc30d97-fd42-46ff-93fd-46c7bce9026d,61838829-a9b7-4f28-86cc-0de1448b0912,Tirrell,Aundrea,#N/A,#N/A,#N/A,#N/A,#N/A,#N/A,#N/A,#N/A,#N/A,97 Gordon Terrace,BARTON BENDISH,#N/A,PE33 1YD,UK,#N/A,#N/A,#N/A,070 4352 5277,#N/A,#N/A,#N/A,#N/A,#N/A,jjoannow@prodly.co.invalid,CFO,#N/A,#N/A,#N/A,#N/A,#N/A,false,#N/A,#N/A,#N/A,#N/A,false,#N/A,#N/A,false,#N/A,#N/A,#N/A,#N/A,Prodly,#N/A,#N/A,false,false,#N/A
5bb0b5ae-0d2a-4c8c-95af-e41a648e74bc,ec932bc1-25e3-4572-845a-5c2262116a17,Saxon,Ollie,#N/A,#N/A,#N/A,#N/A,#N/A,#N/A,#N/A,#N/A,#N/A,1000 Elysian Park Avenue,Los Angeles,CA,90012,USA,#N/A,#N/A,#N/A,(685) 942-8782,#N/A,#N/A,#N/A,#N/A,#N/A,jjoannow@prodly.co.invalid,CFO,#N/A,#N/A,#N/A,#N/A,"Brian Gladden is Executive Vice President and Chief Financial Officer at Mondelēz International and leads the company’s Finance, M&A, and Best-in-Class Cost Leadership agenda.",false,#N/A,#N/A,#N/A,#N/A,false,#N/A,#N/A,false,#N/A,#N/A,#N/A,#N/A,Prodly,#N/A,#N/A,false,false,#N/A
ac108938-bef8-4b88-884e-ca27d41da5d4,26cf9f56-af40-4006-a72a-74def8d502ed,Alley,Robby,#N/A,#N/A,#N/A,#N/A,#N/A,#N/A,#N/A,#N/A,#N/A,#N/A,#N/A,#N/A,#N/A,#N/A,#N/A,#N/A,#N/A,(319)461-4462,#N/A,#N/A,#N/A,#N/A,#N/A,jjoannow@prodly.co.invalid,CEO,#N/A,#N/A,#N/A,#N/A,#N/A,false,#N/A,#N/A,#N/A,#N/A,false,#N/A,#N/A,false,#N/A,#N/A,#N/A,#N/A,Prodly,#N/A,#N/A,false,false,#N/A
e63ada0a-3795-4435-ae56-5f79fa845b72,3f1019f9-8981-40f5-a60f-3c5c43ec63da,Doug,Leena,#N/A,#N/A,#N/A,#N/A,#N/A,#N/A,#N/A,#N/A,#N/A,#N/A,#N/A,#N/A,#N/A,#N/A,#N/A,#N/A,#N/A,+81 725 925939,#N/A,#N/A,#N/A,#N/A,#N/A,jjoannow@prodly.co.invalid,COO,#N/A,#N/A,#N/A,1977-10-24,#N/A,false,#N/A,#N/A,#N/A,#N/A,false,#N/A,#N/A,false,#N/A,#N/A,#N/A,#N/A,Prodly,#N/A,#N/A,false,false,#N/A
d4f32f31-54c5-4e18-acdd-9c4e4c56190d,39ca738a-3930-4a69-a083-9baebe0bd47e,Berke,Maggi,#N/A,#N/A,#N/A,#N/A,2347,#N/A,#N/A,#N/A,#N/A,32 Railway Street,CARODA,NSW,#N/A,Australia,#N/A,#N/A,#N/A,(03) 5338 3932,#N/A,#N/A,#N/A,#N/A,#N/A,jjoannow@prodly.co.invalid,CEO,#N/A,#N/A,#N/A,#N/A,#N/A,false,#N/A,#N/A,#N/A,#N/A,false,#N/A,#N/A,false,#N/A,#N/A,#N/A,#N/A,Prodly,#N/A,#N/A,false,false,#N/A
82fa808b-80b4-49a9-a363-211bbc4a5179,39a37eb5-2b43-45df-b870-c05664e05692,Wat,Corny,#N/A,#N/A,#N/A,#N/A,#N/A,#N/A,#N/A,#N/A,#N/A,#N/A,#N/A,#N/A,#N/A,#N/A,#N/A,#N/A,#N/A,202-555-0111,#N/A,#N/A,#N/A,#N/A,#N/A,jjoannow@prodly.co.invalid,CTO,#N/A,#N/A,#N/A,#N/A,#N/A,false,#N/A,#N/A,#N/A,#N/A,false,#N/A,#N/A,false,#N/A,#N/A,#N/A,#N/A,Prodly,#N/A,#N/A,false,false,#N/A
40b7dcd5-289f-4909-bdd4-72830e104396,0bbebd9e-980f-4489-bb4b-cd92c88314a3,Jarred,Trude,#N/A,#N/A,#N/A,#N/A,#N/A,#N/A,#N/A,#N/A,#N/A,#N/A,#N/A,#N/A,#N/A,#N/A,#N/A,#N/A,#N/A,(417)579-6039,#N/A,#N/A,#N/A,#N/A,#N/A,jjoannow@prodly.co.invalid,CEO,#N/A,#N/A,#N/A,#N/A,#N/A,false,#N/A,#N/A,#N/A,#N/A,false,#N/A,#N/A,false,#N/A,#N/A,#N/A,#N/A,Prodly,#N/A,#N/A,false,false,#N/A
e7965623-d117-4099-9250-31e2c5eb87d8,820ddc74-222e-4f6c-86b0-c2bb1fe06fcc,Byron,Emmalynne,#N/A,140 Diagonal Rd,Warradale,SA,5046,Australia,#N/A,#N/A,#N/A,140 Diagonal Rd,Warradale,SA,5046,Australia,#N/A,#N/A,#N/A,(08) 7332 8308,(08) 7332 8308,0417 138 538,#N/A,#N/A,(08) 7332 8308,jjoannow@prodly.co.invalid,Owner,CEO,#N/A,#N/A,#N/A,#N/A,false,#N/A,#N/A,#N/A,#N/A,false,#N/A,#N/A,false,#N/A,#N/A,#N/A,#N/A,Prodly,#N/A,#N/A,false,false,#N/A
3f6d2d05-3ee1-4287-ae86-18fc4d5f8439,b8676e86-873e-41ee-b619-01b3a56c8f33,Elisha,Monique,#N/A,#N/A,#N/A,#N/A,#N/A,#N/A,#N/A,#N/A,#N/A,#N/A,#N/A,#N/A,#N/A,#N/A,#N/A,#N/A,#N/A,(270) 251-2235,#N/A,#N/A,#N/A,#N/A,#N/A,jjoannow@prodly.co.invalid,CEO,#N/A,#N/A,#N/A,#N/A,"Chairman and Chief Executive Officer, American Express Company, April 2001 to present. Mr. Chenault joined American Express in 1981 and was named President of the U.S. division of American Express Travel Related Services Company, Inc. in 1993, Vice Chairman of American Express Company in 1995, President and Chief Operating Officer in 1997 and Chief Executive Officer in January 2001.",false,#N/A,#N/A,#N/A,#N/A,false,#N/A,#N/A,false,#N/A,#N/A,#N/A,#N/A,Prodly,#N/A,#N/A,false,false,#N/A
94254aa8-60ff-4d17-aac5-8a7cecbda24e,20284815-0924-4bf1-8ad5-42311d6ade31,Curr,Eyde,#N/A,#N/A,#N/A,#N/A,#N/A,#N/A,#N/A,#N/A,#N/A,#N/A,#N/A,#N/A,#N/A,#N/A,#N/A,#N/A,#N/A,202-555-0103,#N/A,#N/A,#N/A,#N/A,#N/A,jjoannow@prodly.co.invalid,CTO,#N/A,#N/A,#N/A,#N/A,#N/A,false,#N/A,#N/A,#N/A,#N/A,false,#N/A,#N/A,false,#N/A,#N/A,#N/A,#N/A,Prodly,#N/A,#N/A,false,false,#N/A
5e857256-4941-43c3-a42b-0be13c9c2f62,b8676e86-873e-41ee-b619-01b3a56c8f33,Fields,Coraline,#N/A,#N/A,#N/A,#N/A,#N/A,#N/A,#N/A,#N/A,#N/A,#N/A,#N/A,#N/A,#N/A,#N/A,#N/A,#N/A,#N/A,(820) 774-5778,#N/A,#N/A,#N/A,#N/A,#N/A,jjoannow@prodly.co.invalid,EVP -CORPORATE AFFAIRS & COMMUNICATIONS,#N/A,#N/A,#N/A,1978-01-24,"Mr. O’Neill has been Executive Vice President, Corporate Affairs & Communications since September 2014. Prior thereto, he had been Senior Vice President, Corporate Affairs & Communications since 1991.",false,#N/A,#N/A,#N/A,#N/A,false,#N/A,#N/A,false,#N/A,#N/A,#N/A,#N/A,Prodly,#N/A,#N/A,false,false,#N/A
9192ddd5-2872-4d6c-ada7-76eb4ea58bec,ec1db4a3-33fa-446f-a7aa-4dfca9d8017d,Erasmus,Edin,#N/A,#N/A,#N/A,#N/A,#N/A,#N/A,#N/A,#N/A,#N/A,14 Ross Road,Marple,#N/A,SK6 4HJ,UK,#N/A,#N/A,#N/A,078 0017 4455,#N/A,#N/A,#N/A,#N/A,#N/A,jjoannow@prodly.co.invalid,CEO,#N/A,#N/A,#N/A,#N/A,#N/A,false,#N/A,#N/A,#N/A,#N/A,false,#N/A,#N/A,false,#N/A,#N/A,#N/A,#N/A,Prodly,#N/A,#N/A,false,false,#N/A
445980cf-af2c-405b-8610-2df8f5ffd9b5,39ca738a-3930-4a69-a083-9baebe0bd47e,Kevin,Elmira,#N/A,57 Clifton Dr,Bacchus Marsh,VIC,3340,Australia,#N/A,#N/A,#N/A,57 Clifton Dr,Bacchus Marsh,VIC,3340,Australia,#N/A,#N/A,#N/A,(03) 6944 8811,(03) 6944 8811,0415 401 790,#N/A,#N/A,(03) 6944 8811,jjoannow@prodly.co.invalid,General Counsel,Legal,#N/A,#N/A,#N/A,#N/A,false,#N/A,#N/A,#N/A,#N/A,false,#N/A,#N/A,false,#N/A,#N/A,#N/A,#N/A,Prodly,#N/A,#N/A,false,false,#N/A
1ced7b22-cb53-4eea-9825-23782a78a11e,61838829-a9b7-4f28-86cc-0de1448b0912,Chen,Annabal,#N/A,#N/A,#N/A,#N/A,#N/A,#N/A,#N/A,#N/A,#N/A,39 Crown Street,London,#N/A,SW6 0EP,UK,#N/A,#N/A,#N/A,077 6365 8742,#N/A,#N/A,#N/A,#N/A,#N/A,jjoannow@prodly.co.invalid,SVP,#N/A,#N/A,#N/A,#N/A,#N/A,false,#N/A,#N/A,#N/A,#N/A,false,#N/A,#N/A,false,#N/A,#N/A,#N/A,#N/A,Prodly,#N/A,#N/A,false,false,#N/A
5b5cf04b-5f0e-4ea0-87a8-80822443af12,3eb93a27-766c-4684-a107-d9a48d366b9e,Bertram,Glenna,#N/A,#N/A,#N/A,#N/A,#N/A,#N/A,#N/A,#N/A,#N/A,#N/A,#N/A,#N/A,#N/A,#N/A,#N/A,#N/A,#N/A,011 49 69 3576 6843,#N/A,#N/A,#N/A,#N/A,#N/A,jjoannow@prodly.co.invalid,COO,#N/A,#N/A,#N/A,#N/A,#N/A,false,#N/A,#N/A,#N/A,#N/A,false,#N/A,#N/A,false,#N/A,#N/A,#N/A,#N/A,Prodly,#N/A,#N/A,false,false,#N/A
ea57079c-3e1b-4d7d-a633-92c8e28306b6,71741663-e680-4352-8de9-d7f0fad54026,Angelico,Cassandre,#N/A,#N/A,#N/A,#N/A,#N/A,#N/A,#N/A,#N/A,#N/A,#N/A,#N/A,#N/A,#N/A,#N/A,#N/A,#N/A,#N/A,(319)461-4464,#N/A,#N/A,#N/A,#N/A,#N/A,jjoannow@prodly.co.invalid,CTO,#N/A,#N/A,#N/A,#N/A,#N/A,false,#N/A,#N/A,#N/A,#N/A,false,#N/A,#N/A,false,#N/A,#N/A,#N/A,#N/A,Prodly,#N/A,#N/A,false,false,#N/A
a9d4908c-e073-49d0-a853-0b3d49bedd70,1f0ebca3-5492-47f2-a61e-8a8f0bf1ee82,Aleksandr,Bethena,#N/A,#N/A,#N/A,#N/A,#N/A,#N/A,#N/A,#N/A,#N/A,#N/A,#N/A,#N/A,#N/A,#N/A,#N/A,#N/A,#N/A,+44 20 5678 9889,#N/A,#N/A,#N/A,#N/A,#N/A,jjoannow@prodly.co.invalid,Financial Advisor,#N/A,#N/A,#N/A,1978-04-16,#N/A,false,#N/A,#N/A,#N/A,#N/A,false,#N/A,#N/A,false,#N/A,#N/A,#N/A,#N/A,Prodly,#N/A,#N/A,false,false,#N/A
50f545bc-ec42-4452-9ec6-8d528c0b1f91,cb72bdda-b101-4835-9161-3bf06bf82742,Chane,Bettye,#N/A,#N/A,#N/A,#N/A,#N/A,#N/A,#N/A,#N/A,#N/A,#N/A,#N/A,#N/A,#N/A,#N/A,#N/A,#N/A,#N/A,(440)475-1488,#N/A,#N/A,#N/A,#N/A,#N/A,jjoannow@prodly.co.invalid,CTO,#N/A,#N/A,#N/A,#N/A,#N/A,false,#N/A,#N/A,#N/A,#N/A,false,#N/A,#N/A,false,#N/A,#N/A,#N/A,#N/A,Prodly,#N/A,#N/A,false,false,#N/A
6b05d0f8-1cf0-45c3-9659-d67ec26e7945,51b706db-46cb-4f9e-88c2-0ff80ad8062f,Kory,Amalea,#N/A,28 Short St,Auburn,NSW,2040,Australia,#N/A,#N/A,#N/A,28 Short St,Auburn,NSW,2040,Australia,#N/A,#N/A,#N/A,(02) 7321 6015,(02) 7321 6015,0416 875 230,#N/A,#N/A,(02) 7321 6015,jjoannow@prodly.co.invalid,EVP Business Development,Business Development,#N/A,#N/A,#N/A,#N/A,false,#N/A,#N/A,#N/A,#N/A,false,#N/A,#N/A,false,#N/A,#N/A,#N/A,#N/A,Prodly,#N/A,#N/A,false,false,#N/A
6a6af8a8-b47e-4b72-8d79-67e3ba58ca4c,96f71fc6-a2ff-454d-a3ed-d3b3813f52f9,Ware,Desiree,#N/A,#N/A,#N/A,#N/A,2454,#N/A,#N/A,#N/A,#N/A,32 Railway Street,KALANG,NSW,#N/A,Australia,#N/A,#N/A,#N/A,(03) 5338 4037,#N/A,#N/A,#N/A,#N/A,#N/A,jjoannow@prodly.co.invalid,CEO,#N/A,#N/A,#N/A,#N/A,#N/A,false,#N/A,#N/A,#N/A,#N/A,false,#N/A,#N/A,false,#N/A,#N/A,#N/A,#N/A,Prodly,#N/A,#N/A,false,false,#N/A
57365a3b-b4f4-4d4f-8973-180680f9ce7d,8c27cba5-f069-462c-a6a3-898619e956b4,Ferdy,Sybille,#N/A,50 Loch Av,Ballarat Central,VIC,3350,Australia,#N/A,#N/A,#N/A,50 Loch Av,Ballarat Central,VIC,3350,Australia,#N/A,#N/A,#N/A,(03) 8353 8535,(03) 8353 8535,0412 887 280,#N/A,#N/A,(03) 8353 8535,jjoannow@prodly.co.invalid,Enterprise Sales Manager,Sales,#N/A,#N/A,#N/A,#N/A,false,#N/A,#N/A,#N/A,#N/A,false,#N/A,#N/A,false,#N/A,#N/A,#N/A,#N/A,Prodly,#N/A,#N/A,false,false,#N/A
9eff9281-c953-4a95-86f0-ab60179f9477,d9104446-70d4-463d-ae1e-3485b7a6fa74,Haslett,Jenny,#N/A,#N/A,#N/A,#N/A,#N/A,#N/A,#N/A,#N/A,#N/A,#N/A,#N/A,#N/A,#N/A,#N/A,#N/A,#N/A,#N/A,(730) 686-2448,#N/A,#N/A,#N/A,#N/A,#N/A,jjoannow@prodly.co.invalid,EVP Commerical and Specialty Business Division,#N/A,#N/A,#N/A,#N/A,"Brian T. Griffin serves as executive vice president and president of the Commercial & Specialty Business Division (CSBD) for Anthem, Inc. As a member of the company’s executive leadership team, he is responsible for Anthem’s commercial business, including: State-based Exchanges; Individual, Small Group and Large Group local business; National Accounts; and Specialty Products, including dental, vision, life, disability, and workers’ compensation. Mr. Griffin also leads Anthem’s Pharmacy Division, overseeing a multi-year enterprise strategy and managing the company’s strategic pharmacy benefit management (PBM) relationship.",false,#N/A,#N/A,#N/A,#N/A,false,#N/A,#N/A,false,#N/A,#N/A,#N/A,#N/A,Prodly,#N/A,#N/A,false,false,#N/A
f0e9e5ca-bff8-49a0-afc2-402e1b1065da,63488cc8-bb96-4b19-a250-1e86771ba2d6,Wilt,Trude,#N/A,#N/A,#N/A,#N/A,#N/A,#N/A,#N/A,#N/A,#N/A,24 Willie Mays Plaza,San Francisco,CA,94107,USA,#N/A,#N/A,#N/A,(691) 229-7599,#N/A,#N/A,#N/A,#N/A,#N/A,jjoannow@prodly.co.invalid,Chairman and CEO,#N/A,#N/A,#N/A,#N/A,#N/A,false,#N/A,#N/A,#N/A,#N/A,false,#N/A,#N/A,false,#N/A,#N/A,#N/A,#N/A,Prodly,#N/A,#N/A,false,false,#N/A
689c5737-708e-4d85-a818-84eddd46aecb,bad389f6-e263-4c09-bfb4-0d16f88c1b41,Kylie,Mikaela,#N/A,#N/A,#N/A,#N/A,2454,#N/A,#N/A,#N/A,#N/A,88 Bailey Street,KALANG,NSW,#N/A,Australia,#N/A,#N/A,#N/A,(03) 5338 3940,#N/A,#N/A,#N/A,#N/A,#N/A,jjoannow@prodly.co.invalid,SVP,#N/A,#N/A,#N/A,#N/A,#N/A,false,#N/A,#N/A,#N/A,#N/A,false,#N/A,#N/A,false,#N/A,#N/A,#N/A,#N/A,Prodly,#N/A,#N/A,false,false,#N/A
f04fdca0-da5f-4bf0-be1a-51b69e1711e0,a0f757d5-43be-4aa2-955d-23e04ae22f35,Trumaine,Jacqueline,#N/A,#N/A,#N/A,#N/A,2454,#N/A,#N/A,#N/A,#N/A,32 Railway Street,KALANG,NSW,#N/A,Australia,#N/A,#N/A,#N/A,(03) 5338 3923,#N/A,#N/A,#N/A,#N/A,#N/A,jjoannow@prodly.co.invalid,CEO,#N/A,#N/A,#N/A,#N/A,#N/A,false,#N/A,#N/A,#N/A,#N/A,false,#N/A,#N/A,false,#N/A,#N/A,#N/A,#N/A,Prodly,#N/A,#N/A,false,false,#N/A
bd3afecf-3633-40db-a238-7e6c8a352426,51a12852-b282-4490-b9dd-bf2285c93137,King,Gracie,#N/A,#N/A,#N/A,#N/A,#N/A,#N/A,#N/A,#N/A,#N/A,#N/A,#N/A,#N/A,#N/A,#N/A,#N/A,#N/A,#N/A,202-555-0116,#N/A,#N/A,#N/A,#N/A,#N/A,jjoannow@prodly.co.invalid,COO,#N/A,#N/A,#N/A,#N/A,#N/A,false,#N/A,#N/A,#N/A,#N/A,false,#N/A,#N/A,false,#N/A,#N/A,#N/A,#N/A,Prodly,#N/A,#N/A,false,false,#N/A
7e759f03-194e-4fd3-9a23-2ac93def58f1,79885fd4-1421-42ea-a120-91ac20fcb953,Temple,Paulina,#N/A,#N/A,#N/A,#N/A,2454,#N/A,#N/A,#N/A,#N/A,26 Dalgarno Street,KALANG,NSW,#N/A,Australia,#N/A,#N/A,#N/A,(03) 5338 4008,#N/A,#N/A,#N/A,#N/A,#N/A,jjoannow@prodly.co.invalid,CFO,#N/A,#N/A,#N/A,#N/A,#N/A,false,#N/A,#N/A,#N/A,#N/A,false,#N/A,#N/A,false,#N/A,#N/A,#N/A,#N/A,Prodly,#N/A,#N/A,false,false,#N/A
b92787a7-dac0-4881-a5d6-4ad97123f092,95e92fce-4b5c-4931-a868-bba192e83b93,Maynord,Tamarah,#N/A,#N/A,#N/A,#N/A,#N/A,#N/A,#N/A,#N/A,#N/A,#N/A,#N/A,#N/A,#N/A,#N/A,#N/A,#N/A,#N/A,(731) 388-3197,#N/A,#N/A,#N/A,#N/A,#N/A,jjoannow@prodly.co.invalid,Director,#N/A,#N/A,#N/A,1979-03-24,#N/A,false,#N/A,#N/A,#N/A,#N/A,false,#N/A,#N/A,false,#N/A,#N/A,#N/A,#N/A,Prodly,#N/A,#N/A,false,false,#N/A
82c81157-21fe-43a5-bbeb-d92911f1682f,dd3330be-ca21-4cb4-8acb-59e3a29631ed,Udale,Patty,#N/A,#N/A,#N/A,#N/A,2454,#N/A,#N/A,#N/A,#N/A,26 Dalgarno Street,KALANG,NSW,#N/A,Australia,#N/A,#N/A,#N/A,(03) 5338 3987,#N/A,#N/A,#N/A,#N/A,#N/A,jjoannow@prodly.co.invalid,CFO,#N/A,#N/A,#N/A,#N/A,#N/A,false,#N/A,#N/A,#N/A,#N/A,false,#N/A,#N/A,false,#N/A,#N/A,#N/A,#N/A,Prodly,#N/A,#N/A,false,false,#N/A
83e6dcbd-a46b-4218-981b-116b4b40e984,fb34e24e-1cca-4e8a-8b72-95e624019ae4,Ave,Lissie,#N/A,#N/A,Flushing,#N/A,#N/A,#N/A,#N/A,#N/A,#N/A,066 Grayhawk Road,#N/A,NY,11355,USA,#N/A,#N/A,#N/A,#N/A,#N/A,#N/A,#N/A,#N/A,#N/A,jjoannow@prodly.co.invalid,#N/A,#N/A,#N/A,#N/A,#N/A,#N/A,false,#N/A,#N/A,#N/A,#N/A,false,#N/A,#N/A,false,#N/A,#N/A,#N/A,#N/A,Prodly,#N/A,#N/A,false,false,#N/A
1e112767-5030-44e2-970d-4ece604c8dc7,32e8f6f3-5748-4baf-8bda-c17fff24bb87,Berkley,Timmi,#N/A,#N/A,#N/A,#N/A,#N/A,#N/A,#N/A,#N/A,#N/A,#N/A,#N/A,#N/A,#N/A,#N/A,#N/A,#N/A,#N/A,(680) 398-2898,#N/A,#N/A,#N/A,#N/A,#N/A,jjoannow@prodly.co.invalid,SVP,#N/A,#N/A,#N/A,#N/A,#N/A,false,#N/A,#N/A,#N/A,#N/A,false,#N/A,#N/A,false,#N/A,#N/A,#N/A,#N/A,Prodly,#N/A,#N/A,false,false,#N/A
9696805f-662b-4908-b940-45d22dc2b36f,67426f85-bf8c-4abf-b75e-2c60defdf66c,Lionello,Celestyna,#N/A,348 St Kilda Road,Melbourne,VIC,3004,Australia,#N/A,#N/A,#N/A,348 St Kilda Road,Melbourne,VIC,3004,Australia,#N/A,#N/A,#N/A,(03) 6250 6229,(03) 6250 6229,0430 446 200,#N/A,#N/A,(03) 6250 6229,jjoannow@prodly.co.invalid,"SVP, Administration and Finance",Finance,#N/A,#N/A,#N/A,#N/A,false,#N/A,#N/A,#N/A,#N/A,false,#N/A,#N/A,false,#N/A,#N/A,#N/A,#N/A,Prodly,#N/A,#N/A,false,false,#N/A
24acfb15-1dd6-4b38-8be3-284a2ef80d88,d8b37903-170a-46f1-a891-24eb1dafc178,Hagan,Engracia,#N/A,#N/A,#N/A,#N/A,#N/A,#N/A,#N/A,#N/A,#N/A,Reliant Parkway,Houston,TX,77504,USA,#N/A,#N/A,#N/A,(413) 376-8445,#N/A,#N/A,#N/A,#N/A,#N/A,jjoannow@prodly.co.invalid,"VP, Strategic Planning",#N/A,#N/A,#N/A,#N/A,"Mark A. Nelson, 54, will become vice president of Midstream, Strategy & Policy for Chevron Corporation on February 1, 2018. He was appointed to this position on September 27, 2017.",false,#N/A,#N/A,#N/A,#N/A,false,#N/A,#N/A,false,#N/A,#N/A,#N/A,#N/A,Prodly,#N/A,#N/A,false,false,#N/A
a3cf28df-8a03-499b-bdda-6c1933480fb9,0b42366e-682c-4195-bfa4-2d3fcaef7c5c,Rubin,Monika,#N/A,#N/A,#N/A,#N/A,#N/A,#N/A,#N/A,#N/A,#N/A,Reliant Parkway,Houston,TX,77504,USA,#N/A,#N/A,#N/A,(297) 413-1450,#N/A,#N/A,#N/A,#N/A,#N/A,jjoannow@prodly.co.invalid,COO,#N/A,#N/A,#N/A,#N/A,"Rick Damron was promoted to chief operating officer in 2012. He is responsible for delivering the customer experience, including oversight of store operations, sales and service fulfillment, product fulfillment, real estate and facilities, and loss prevention and safety.",false,#N/A,#N/A,#N/A,#N/A,false,#N/A,#N/A,false,#N/A,#N/A,#N/A,#N/A,Prodly,#N/A,#N/A,false,false,#N/A
81d1d4e6-bf4b-4d26-9e84-320786cd67d8,a68e7eb7-7624-4b12-851c-d0163e8e9347,Deck,Albertine,#N/A,#N/A,#N/A,#N/A,#N/A,#N/A,#N/A,#N/A,#N/A,#N/A,#N/A,#N/A,#N/A,#N/A,#N/A,#N/A,#N/A,(484)576-8705,#N/A,#N/A,#N/A,#N/A,#N/A,jjoannow@prodly.co.invalid,CFO,#N/A,#N/A,#N/A,#N/A,#N/A,false,#N/A,#N/A,#N/A,#N/A,false,#N/A,#N/A,false,#N/A,#N/A,#N/A,#N/A,Prodly,#N/A,#N/A,false,false,#N/A
edb147df-856b-41f1-8aae-53e18ad8979a,551d24c8-f10f-47a2-9f23-ea48b275ff48,Emmott,Consolata,#N/A,#N/A,#N/A,#N/A,#N/A,#N/A,#N/A,#N/A,#N/A,#N/A,#N/A,#N/A,#N/A,#N/A,#N/A,#N/A,#N/A,(952) 203-3951,#N/A,#N/A,#N/A,#N/A,#N/A,jjoannow@prodly.co.invalid,"EVP, General Counsel",#N/A,#N/A,#N/A,#N/A,"Lori A. Schechter is executive vice president, general counsel and chief compliance officer for McKesson Corporation. She is responsible for overseeing McKesson’s general counsel organization, which consists of the law, public affairs, compliance and corporate secretarial functions for McKesson and its subsidiaries.",false,#N/A,#N/A,#N/A,#N/A,false,#N/A,#N/A,false,#N/A,#N/A,#N/A,#N/A,Prodly,#N/A,#N/A,false,false,#N/A
14fffca7-0316-4085-bf52-9f3f4702634f,39a37eb5-2b43-45df-b870-c05664e05692,Sly,Lucila,#N/A,#N/A,#N/A,#N/A,#N/A,#N/A,#N/A,#N/A,#N/A,#N/A,#N/A,#N/A,#N/A,#N/A,#N/A,#N/A,#N/A,(581) 804-2887,#N/A,#N/A,#N/A,#N/A,#N/A,jjoannow@prodly.co.invalid,CEO,#N/A,#N/A,#N/A,#N/A,"Alain Monié is the chief executive officer of Ingram Micro Inc., a leader in delivering the full spectrum of global technology and supply-chain solutions to businesses around the world.",false,#N/A,#N/A,#N/A,#N/A,false,#N/A,#N/A,false,#N/A,#N/A,#N/A,#N/A,Prodly,#N/A,#N/A,false,false,#N/A
5b036c5c-2646-45a4-b8db-c81fb40ef424,e4255128-7dee-41d8-aebc-0e00f9664742,Lorin,Jacquetta,#N/A,#N/A,#N/A,#N/A,#N/A,#N/A,#N/A,#N/A,#N/A,#N/A,#N/A,#N/A,#N/A,#N/A,#N/A,#N/A,#N/A,(484)576-8707,#N/A,#N/A,#N/A,#N/A,#N/A,jjoannow@prodly.co.invalid,CTO,#N/A,#N/A,#N/A,#N/A,#N/A,false,#N/A,#N/A,#N/A,#N/A,false,#N/A,#N/A,false,#N/A,#N/A,#N/A,#N/A,Prodly,#N/A,#N/A,false,false,#N/A
71254d89-2cba-4f25-9abf-5fd191f9def3,008b1ced-108a-461f-ad47-c2951a7a99f8,Ian,Vonni,#N/A,#N/A,#N/A,#N/A,#N/A,#N/A,#N/A,#N/A,#N/A,#N/A,#N/A,#N/A,#N/A,#N/A,#N/A,#N/A,#N/A,(402)952-5053,#N/A,#N/A,#N/A,#N/A,#N/A,jjoannow@prodly.co.invalid,CFO,#N/A,#N/A,#N/A,#N/A,#N/A,false,#N/A,#N/A,#N/A,#N/A,false,#N/A,#N/A,false,#N/A,#N/A,#N/A,#N/A,Prodly,#N/A,#N/A,false,false,#N/A
d1021d64-3f28-4b29-a232-9ba30605f4a0,d9104446-70d4-463d-ae1e-3485b7a6fa74,Dillie,Bonita,#N/A,#N/A,#N/A,#N/A,#N/A,#N/A,#N/A,#N/A,#N/A,#N/A,#N/A,#N/A,#N/A,#N/A,#N/A,#N/A,#N/A,(809) 251-5771,#N/A,#N/A,#N/A,#N/A,#N/A,jjoannow@prodly.co.invalid,EVP & General Counsel,#N/A,#N/A,#N/A,#N/A,"Thomas C. Zielinski serves as executive vice president and general counsel for Anthem, Inc. In addition to being a member of the company’s executive leadership team, he oversees all legal, regulatory, compliance and acquisition matters involving Anthem and its subsidiary companies. Mr. Zielinski also advises Anthem’s Board of Directors and its Committees on corporate governance best practices and policies.",false,#N/A,#N/A,#N/A,#N/A,false,#N/A,#N/A,false,#N/A,#N/A,#N/A,#N/A,Prodly,#N/A,#N/A,false,false,#N/A
05f7aff2-2c62-46aa-89f4-6c9035f7de1e,4adaaf8f-2211-4fde-a9f3-90aa2beda6b2,Locke,Elbertina,#N/A,5/5a The Avenue,Balaclava,VIC,3183,Australia,#N/A,#N/A,#N/A,5/5a The Avenue,Balaclava,VIC,3183,Australia,#N/A,#N/A,#N/A,(03) 7903 7671,(03) 7903 7671,0413 671 482,#N/A,#N/A,(03) 7903 7671,jjoannow@prodly.co.invalid,Sales Executive,Sales,#N/A,#N/A,#N/A,#N/A,false,#N/A,#N/A,#N/A,#N/A,false,#N/A,#N/A,false,#N/A,#N/A,#N/A,#N/A,Prodly,#N/A,#N/A,false,false,#N/A
5b2999c1-72b5-4039-92e6-e6417be8813b,38bf9300-9c15-4194-be3f-40a09810853a,Olivero,Indira,#N/A,#N/A,#N/A,#N/A,#N/A,#N/A,#N/A,#N/A,#N/A,4 Yawkey Way,Boston,MA,2215,USA,#N/A,#N/A,#N/A,(486) 929-5911,#N/A,#N/A,#N/A,#N/A,#N/A,jjoannow@prodly.co.invalid,SVP & General Counsel,#N/A,#N/A,#N/A,#N/A,"Chandler joined Cisco in 1996, when Cisco acquired StrataCom, Inc., where he had been general counsel. Prior to StrataCom, he served for six years as vice president of corporate development and general counsel for Maxtor Corporation, a Fortune 500 hard disk drive manufacturer.",false,#N/A,#N/A,#N/A,#N/A,false,#N/A,#N/A,false,#N/A,#N/A,#N/A,#N/A,Prodly,#N/A,#N/A,false,false,#N/A
384ca3f8-88b6-460f-b7fa-0241578484be,52aa2d52-b22b-4d4d-b272-e956119dd30c,Boony,Hephzibah,#N/A,10/33-37 Gannons Rd,Caringbah,NSW,1495,Australia,#N/A,#N/A,#N/A,10/33-37 Gannons Rd,Caringbah,NSW,1495,Australia,#N/A,#N/A,#N/A,(02) 8014 8315,(02) 8014 8315,0428 151 706,#N/A,#N/A,(02) 8014 8315,jjoannow@prodly.co.invalid,General Manager,Operations,#N/A,#N/A,#N/A,#N/A,false,#N/A,#N/A,#N/A,#N/A,false,#N/A,#N/A,false,#N/A,#N/A,#N/A,#N/A,Prodly,#N/A,#N/A,false,false,#N/A
05ed91ae-85f1-43c5-8527-c7aeaee31459,cb72bdda-b101-4835-9161-3bf06bf82742,Verney,Rasia,#N/A,#N/A,#N/A,#N/A,#N/A,#N/A,#N/A,#N/A,#N/A,#N/A,#N/A,#N/A,#N/A,#N/A,#N/A,#N/A,#N/A,(377) 490-1718,#N/A,#N/A,#N/A,#N/A,#N/A,jjoannow@prodly.co.invalid,Senior Vice President of Operations,#N/A,#N/A,#N/A,#N/A,#N/A,false,#N/A,#N/A,#N/A,#N/A,false,#N/A,#N/A,false,#N/A,#N/A,#N/A,#N/A,Prodly,#N/A,#N/A,false,false,#N/A
67bbdf4b-95f4-4536-955f-9a65a360c05e,b08ff41e-a88c-4474-b658-d4bfa83df38d,Rip,Emera,#N/A,#N/A,#N/A,#N/A,#N/A,#N/A,#N/A,#N/A,#N/A,#N/A,#N/A,#N/A,#N/A,#N/A,#N/A,#N/A,#N/A,202-555-0110,#N/A,#N/A,#N/A,#N/A,#N/A,jjoannow@prodly.co.invalid,COO,#N/A,#N/A,#N/A,#N/A,#N/A,false,#N/A,#N/A,#N/A,#N/A,false,#N/A,#N/A,false,#N/A,#N/A,#N/A,#N/A,Prodly,#N/A,#N/A,false,false,#N/A
8b5547f9-1f16-4cc3-b988-79568240bbd6,0231da6a-f192-45c1-90b5-d11ea138fd7b,Kincaid,Maegan,#N/A,#N/A,#N/A,#N/A,#N/A,#N/A,#N/A,#N/A,#N/A,#N/A,#N/A,#N/A,#N/A,#N/A,#N/A,#N/A,#N/A,(999) 212-5990,#N/A,#N/A,#N/A,#N/A,#N/A,jjoannow@prodly.co.invalid,SVP and General Counsel,#N/A,#N/A,#N/A,#N/A,"Christopher Todoroff is Humana’s Senior Vice President and General Counsel, with responsibility for legal counsel for all aspects of the Company and Corporate Governance oversight, including the Company's Law Department and Compliance function. He is a member of the Management Team, which sets the firm’s strategic direction, and reports to President and Chief Executive Officer Bruce Broussard.",false,#N/A,#N/A,#N/A,#N/A,false,#N/A,#N/A,false,#N/A,#N/A,#N/A,#N/A,Prodly,#N/A,#N/A,false,false,#N/A
48887c0c-5ac9-43ca-a526-764bf91e0c34,a0f757d5-43be-4aa2-955d-23e04ae22f35,Morgun,Andreana,#N/A,#N/A,#N/A,#N/A,3293,#N/A,#N/A,#N/A,#N/A,88 Bailey Street,GLENTHOMPSON,VIC,#N/A,Australia,#N/A,#N/A,#N/A,(03) 5338 3922,#N/A,#N/A,#N/A,#N/A,#N/A,jjoannow@prodly.co.invalid,SVP,#N/A,#N/A,#N/A,#N/A,#N/A,false,#N/A,#N/A,#N/A,#N/A,false,#N/A,#N/A,false,#N/A,#N/A,#N/A,#N/A,Prodly,#N/A,#N/A,false,false,#N/A
46369067-4af7-4028-b717-c2390e0c0f13,60135a75-1be6-4d4c-a56d-f11b48cf1a8d,Sollie,Ashlen,#N/A,#N/A,#N/A,#N/A,2347,#N/A,#N/A,#N/A,#N/A,88 Bailey Street,CARODA,NSW,#N/A,Australia,#N/A,#N/A,#N/A,(03) 5338 3979,#N/A,#N/A,#N/A,#N/A,#N/A,jjoannow@prodly.co.invalid,SVP,#N/A,#N/A,#N/A,#N/A,#N/A,false,#N/A,#N/A,#N/A,#N/A,false,#N/A,#N/A,false,#N/A,#N/A,#N/A,#N/A,Prodly,#N/A,#N/A,false,false,#N/A
b7183bd6-f102-40be-a4b7-27acbdcd3441,710fe2fe-521a-4718-bd07-70d4ff925556,Salmon,Gilbertine,#N/A,#N/A,#N/A,#N/A,3293,#N/A,#N/A,#N/A,#N/A,88 Bailey Street,GLENTHOMPSON,VIC,#N/A,Australia,#N/A,#N/A,#N/A,(03) 5338 4057,#N/A,#N/A,#N/A,#N/A,#N/A,jjoannow@prodly.co.invalid,SVP,#N/A,#N/A,#N/A,#N/A,#N/A,false,#N/A,#N/A,#N/A,#N/A,false,#N/A,#N/A,false,#N/A,#N/A,#N/A,#N/A,Prodly,#N/A,#N/A,false,false,#N/A
dffc78ce-30fa-4de4-bb59-2a243a694b25,186db819-ed86-469b-a20e-2ec477c643d2,Lowell,Birdie,#N/A,45 Spring Street,Melbourne,VIC,3000,Australia,#N/A,#N/A,#N/A,45 Spring Street,Melbourne,VIC,3000,Australia,#N/A,#N/A,#N/A,(03) 8639 6158,(03) 8639 6158,0422 301 695,#N/A,#N/A,(03) 8639 6158,jjoannow@prodly.co.invalid,Director of Sales,Sales,#N/A,#N/A,#N/A,#N/A,false,#N/A,#N/A,#N/A,#N/A,false,#N/A,#N/A,false,#N/A,#N/A,#N/A,#N/A,Prodly,#N/A,#N/A,false,false,#N/A
708e3620-b753-4b6a-80e9-c2cafb08b3e4,ab7ee815-3a11-44cc-b064-55d63536825e,Davey,Abbi,#N/A,#N/A,#N/A,#N/A,#N/A,#N/A,#N/A,#N/A,#N/A,#N/A,#N/A,#N/A,#N/A,#N/A,#N/A,#N/A,#N/A,(121) 869-9204,#N/A,#N/A,#N/A,#N/A,#N/A,jjoannow@prodly.co.invalid,Co-Chair and Trustee,#N/A,#N/A,#N/A,#N/A,"Bill Gates shapes and approves foundation strategies, advocates for the foundation’s issues, and sets the organization’s overall direction.",false,#N/A,#N/A,#N/A,#N/A,false,#N/A,#N/A,false,#N/A,#N/A,#N/A,#N/A,Prodly,#N/A,#N/A,false,false,#N/A
3d6b8dd9-c34b-40c7-a97e-16d21b5fb061,9b63c39c-860e-49d1-b10c-555d25dca149,Shell,Bianca,#N/A,#N/A,#N/A,#N/A,#N/A,#N/A,#N/A,#N/A,#N/A,#N/A,#N/A,#N/A,#N/A,#N/A,#N/A,#N/A,#N/A,202-555-0108,#N/A,#N/A,#N/A,#N/A,#N/A,jjoannow@prodly.co.invalid,COO,#N/A,#N/A,#N/A,#N/A,#N/A,false,#N/A,#N/A,#N/A,#N/A,false,#N/A,#N/A,false,#N/A,#N/A,#N/A,#N/A,Prodly,#N/A,#N/A,false,false,#N/A
034525aa-758a-460c-8399-0fe0fc366f3b,d023f5b9-1c83-466d-b922-630f7ec2dceb,Carl,Cornie,#N/A,#N/A,#N/A,#N/A,2347,#N/A,#N/A,#N/A,#N/A,88 Bailey Street,CARODA,NSW,#N/A,Australia,#N/A,#N/A,#N/A,(03) 5338 3994,#N/A,#N/A,#N/A,#N/A,#N/A,jjoannow@prodly.co.invalid,SVP,#N/A,#N/A,#N/A,#N/A,#N/A,false,#N/A,#N/A,#N/A,#N/A,false,#N/A,#N/A,false,#N/A,#N/A,#N/A,#N/A,Prodly,#N/A,#N/A,false,false,#N/A
a66ed2b1-bef5-46fc-8ec0-16cf6cfee17d,f915d9d1-7758-4036-b0a1-f34676a9f27b,Shea,Elsi,#N/A,200 Elizabeth Street,Melbourne,VIC,3000,Australia,#N/A,#N/A,#N/A,200 Elizabeth Street,Melbourne,VIC,3000,Australia,#N/A,#N/A,#N/A,(03) 7056 8401,(03) 7056 8401,0423 450 122,#N/A,#N/A,(03) 7056 8401,jjoannow@prodly.co.invalid,SVP of Marketing,Marketing,#N/A,#N/A,#N/A,#N/A,false,#N/A,#N/A,#N/A,#N/A,false,#N/A,#N/A,false,#N/A,#N/A,#N/A,#N/A,Prodly,#N/A,#N/A,false,false,#N/A
1b6bd4ff-0f93-403c-ad9d-9a69f9f74495,4e5749d5-92e9-4731-82f6-409f806204b8,Chip,Grier,#N/A,#N/A,Pueblo,#N/A,#N/A,#N/A,#N/A,#N/A,#N/A,336 Erie Plaza,#N/A,CO,81005,USA,#N/A,#N/A,#N/A,#N/A,#N/A,#N/A,#N/A,#N/A,#N/A,jjoannow@prodly.co.invalid,#N/A,#N/A,#N/A,#N/A,#N/A,#N/A,false,#N/A,#N/A,#N/A,#N/A,false,#N/A,#N/A,false,#N/A,#N/A,#N/A,#N/A,Prodly,#N/A,#N/A,false,false,#N/A
0ed68eec-acb2-4aa2-ad8a-d57cca810483,5463fefd-cbbe-4302-b187-6f06ed87166a,Adelbert,Jobey,#N/A,#N/A,#N/A,#N/A,#N/A,#N/A,#N/A,#N/A,#N/A,#N/A,#N/A,#N/A,#N/A,#N/A,#N/A,#N/A,#N/A,+1 416 555 0115,#N/A,#N/A,#N/A,#N/A,#N/A,jjoannow@prodly.co.invalid,CEO,#N/A,#N/A,#N/A,#N/A,"Chris is the CEO, Grew up in Vancouver. Huge hockey fan.",false,#N/A,#N/A,#N/A,#N/A,false,#N/A,#N/A,false,#N/A,#N/A,#N/A,#N/A,Prodly,#N/A,#N/A,false,false,#N/A
076c3b82-11af-4881-b81d-216b0b163661,8e14703e-fd10-4fda-adbc-831517c9454c,Alex,Melva,#N/A,#N/A,#N/A,#N/A,#N/A,#N/A,#N/A,#N/A,#N/A,#N/A,#N/A,#N/A,#N/A,#N/A,#N/A,#N/A,#N/A,(276)956-8748,#N/A,#N/A,#N/A,#N/A,#N/A,jjoannow@prodly.co.invalid,CTO,#N/A,#N/A,#N/A,#N/A,#N/A,false,#N/A,#N/A,#N/A,#N/A,false,#N/A,#N/A,false,#N/A,#N/A,#N/A,#N/A,Prodly,#N/A,#N/A,false,false,#N/A
7194c2c6-1cd9-4f4b-b071-4a701fdd0765,42d553ae-1574-4824-853c-1962fa336861,Nev,Sidonnie,#N/A,#N/A,#N/A,#N/A,#N/A,#N/A,#N/A,#N/A,#N/A,#N/A,#N/A,#N/A,#N/A,#N/A,#N/A,#N/A,#N/A,(750) 717-6044,#N/A,#N/A,#N/A,#N/A,#N/A,jjoannow@prodly.co.invalid,Chairman and Chief Executive Officer,#N/A,#N/A,#N/A,#N/A,#N/A,false,#N/A,#N/A,#N/A,#N/A,false,#N/A,#N/A,false,#N/A,#N/A,#N/A,#N/A,Prodly,#N/A,#N/A,false,false,#N/A
1a121bea-bea3-476f-b787-bcdb8764c4b9,360f9b04-cd03-42d9-a9d0-cc05ee0c2e92,Seth,Jena,#N/A,#N/A,#N/A,#N/A,#N/A,#N/A,#N/A,#N/A,#N/A,#N/A,#N/A,#N/A,#N/A,#N/A,#N/A,#N/A,#N/A,(650) 111-3465,#N/A,#N/A,#N/A,#N/A,#N/A,jjoannow@prodly.co.invalid,Director,#N/A,#N/A,#N/A,#N/A,#N/A,false,#N/A,#N/A,#N/A,#N/A,false,#N/A,#N/A,false,#N/A,#N/A,#N/A,#N/A,Prodly,#N/A,#N/A,false,false,#N/A
8dfb0472-aac1-4e98-a5d3-c365119f331b,d023f5b9-1c83-466d-b922-630f7ec2dceb,Saunder,Haleigh,#N/A,#N/A,#N/A,#N/A,#N/A,#N/A,#N/A,#N/A,#N/A,#N/A,#N/A,#N/A,#N/A,#N/A,#N/A,#N/A,#N/A,+81 725 925939,#N/A,#N/A,#N/A,#N/A,#N/A,jjoannow@prodly.co.invalid,COO,#N/A,#N/A,#N/A,#N/A,#N/A,false,#N/A,#N/A,#N/A,#N/A,false,#N/A,#N/A,false,#N/A,#N/A,#N/A,#N/A,Prodly,#N/A,#N/A,false,false,#N/A
97c46f8a-d64b-4c75-aebe-f2b4472ea181,73729ff8-9a1a-45f3-bd8c-493be8b824c1,Tristan,Coleen,#N/A,#N/A,#N/A,#N/A,#N/A,#N/A,#N/A,#N/A,#N/A,#N/A,#N/A,#N/A,#N/A,#N/A,#N/A,#N/A,#N/A,(431) 710-8894,#N/A,#N/A,#N/A,#N/A,#N/A,jjoannow@prodly.co.invalid,CEO,#N/A,#N/A,#N/A,1980-02-24,"Bob Miller currently serves as the Chairman and Chief Executive Officer of Albertsons Companies, LLC, a North American grocery company comprised of over 2,300 stores under 19 popular banners including ACME, Albertsons, Carrs, Jewel-Osco, Pavilions, Safeway, Shaw’s, Star Market, United Supermarket and Vons stores.",false,#N/A,#N/A,#N/A,#N/A,false,#N/A,#N/A,false,#N/A,#N/A,#N/A,#N/A,Prodly,#N/A,#N/A,false,false,#N/A
c76bfdf0-d6c8-4793-ba98-77ca07e41968,f915d9d1-7758-4036-b0a1-f34676a9f27b,Lamont,Camila,#N/A,#N/A,#N/A,#N/A,2454,#N/A,#N/A,#N/A,#N/A,32 Railway Street,KALANG,NSW,#N/A,Australia,#N/A,#N/A,#N/A,(03) 5338 4064,#N/A,#N/A,#N/A,#N/A,#N/A,jjoannow@prodly.co.invalid,CEO,#N/A,#N/A,#N/A,#N/A,#N/A,false,#N/A,#N/A,#N/A,#N/A,false,#N/A,#N/A,false,#N/A,#N/A,#N/A,#N/A,Prodly,#N/A,#N/A,false,false,#N/A
7b349243-b49f-427a-9cb3-5716dbe146eb,b18f660b-73bf-4e7e-8c43-3545c94f2a1b,Filberto,Devon,#N/A,#N/A,#N/A,#N/A,#N/A,#N/A,#N/A,#N/A,#N/A,#N/A,#N/A,#N/A,#N/A,#N/A,#N/A,#N/A,#N/A,(239) 129-6060,#N/A,#N/A,#N/A,#N/A,#N/A,jjoannow@prodly.co.invalid,CEO,#N/A,#N/A,#N/A,#N/A,"Brian Moynihan leads a team of more than 200,000 employees dedicated to making financial lives better for people, companies of every size, and institutional investors across the United States and around the world.",false,#N/A,#N/A,#N/A,#N/A,false,#N/A,#N/A,false,#N/A,#N/A,#N/A,#N/A,Prodly,#N/A,#N/A,false,false,#N/A
7de2fe02-1e7b-4c5a-8fe0-e8de58f942dc,484d572f-f176-4951-8005-44fc815f8edf,Drew,Clarissa,#N/A,#N/A,#N/A,#N/A,#N/A,#N/A,#N/A,#N/A,#N/A,1 Met Life Stadium Drive,East Rutherford,NJ,7073,USA,#N/A,#N/A,#N/A,(216) 100-6879,#N/A,#N/A,#N/A,#N/A,#N/A,jjoannow@prodly.co.invalid,CEO,#N/A,#N/A,#N/A,#N/A,"Mr. Randall Todd Jones, Sr., has been the Chief Executive Officer of Publix Super Markets, Inc. since April 30, 2016 and has been its President since 2008. Mr. Jones served as Senior Vice President of Product Business Development at Publix Super Markets Inc. since July 1, 2005.",false,#N/A,#N/A,#N/A,#N/A,false,#N/A,#N/A,false,#N/A,#N/A,#N/A,#N/A,Prodly,#N/A,#N/A,false,false,#N/A
db64e0a6-ea4e-4a85-a03a-0274d32b6994,52aa2d52-b22b-4d4d-b272-e956119dd30c,Mordecai,Ilene,#N/A,10/33-37 Gannons Rd,Caringbah,NSW,1495,Australia,#N/A,#N/A,#N/A,10/33-37 Gannons Rd,Caringbah,NSW,1495,Australia,#N/A,#N/A,#N/A,(02) 7548 7105,(02) 7548 7105,0410 666 266,#N/A,#N/A,(02) 7548 7105,jjoannow@prodly.co.invalid,CFO,Finance,#N/A,#N/A,#N/A,#N/A,false,#N/A,#N/A,#N/A,#N/A,false,#N/A,#N/A,false,#N/A,#N/A,#N/A,#N/A,Prodly,#N/A,#N/A,false,false,#N/A
2220c5b6-7c77-4a2b-ab2c-5fbe8a1c993b,a83fe1c6-0c86-4ba1-8db3-9603508e114a,Hiram,Ebba,#N/A,#N/A,#N/A,#N/A,#N/A,#N/A,#N/A,#N/A,#N/A,14 Ross Road,Marple,#N/A,SK6 4HJ,UK,#N/A,#N/A,#N/A,89 0017 4455,#N/A,#N/A,#N/A,#N/A,#N/A,jjoannow@prodly.co.invalid,CEO,#N/A,#N/A,#N/A,#N/A,#N/A,false,#N/A,#N/A,#N/A,#N/A,false,#N/A,#N/A,false,#N/A,#N/A,#N/A,#N/A,Prodly,#N/A,#N/A,false,false,#N/A
ac656cc4-0a0c-458a-a60e-d1540a9ad6ff,551d24c8-f10f-47a2-9f23-ea48b275ff48,Fritz,Ellyn,#N/A,#N/A,#N/A,#N/A,#N/A,#N/A,#N/A,#N/A,#N/A,#N/A,#N/A,#N/A,#N/A,#N/A,#N/A,#N/A,#N/A,202-555-0114,#N/A,#N/A,#N/A,#N/A,#N/A,jjoannow@prodly.co.invalid,CSO,#N/A,#N/A,#N/A,#N/A,#N/A,false,#N/A,#N/A,#N/A,#N/A,false,#N/A,#N/A,false,#N/A,#N/A,#N/A,#N/A,Prodly,#N/A,#N/A,false,false,#N/A
9fdd9691-863c-43fb-92b1-9b205e4753a6,e6b8eecb-c6a5-4a49-9a0b-608318fb1c89,Jason,Stormie,#N/A,200 Elizabeth Street,Melbourne,VIC,3000,Australia,#N/A,#N/A,#N/A,200 Elizabeth Street,Melbourne,VIC,3000,Australia,#N/A,#N/A,#N/A,(03) 7627 8781,(03) 7627 8781,0410 524 770,#N/A,#N/A,(03) 7627 8781,jjoannow@prodly.co.invalid,CEO,CEO,#N/A,#N/A,#N/A,#N/A,false,#N/A,#N/A,#N/A,#N/A,false,#N/A,#N/A,false,#N/A,#N/A,#N/A,#N/A,Prodly,#N/A,#N/A,false,false,#N/A
3ba612a6-776e-47ec-b178-a965db9268a5,4b80d5c3-49f6-48da-83f2-8ba3d7b52d80,Curt,Silvie,#N/A,#N/A,#N/A,#N/A,#N/A,#N/A,#N/A,#N/A,#N/A,#N/A,#N/A,#N/A,#N/A,#N/A,#N/A,#N/A,#N/A,(477) 129-7674,#N/A,#N/A,#N/A,#N/A,#N/A,jjoannow@prodly.co.invalid,CFO,#N/A,#N/A,#N/A,#N/A,"Hugh Johnston is vice chairman and chief financial officer of PepsiCo, a global food and beverage company with net revenues of more than $63 billion in 2015 and a product portfolio that includes 22 brands that generate more than $1 billion each in estimated annual retail sales.",false,#N/A,#N/A,#N/A,#N/A,false,#N/A,#N/A,false,#N/A,#N/A,#N/A,#N/A,Prodly,#N/A,#N/A,false,false,#N/A
ca39b3ea-b7e5-4587-9160-17ac3a1dd8e0,af271580-40f5-4d49-b1ea-03b49850606f,Tris,Madalyn,#N/A,16 Hinterland Cr,Algester,QLD,4115,Australia,#N/A,#N/A,#N/A,16 Hinterland Cr,Algester,QLD,4115,Australia,#N/A,#N/A,#N/A,(07) 7004 7881,(07) 7004 7881,0424 175 439,#N/A,#N/A,(07) 7004 7881,jjoannow@prodly.co.invalid,Account Executive,Sales,#N/A,#N/A,#N/A,#N/A,false,#N/A,#N/A,#N/A,#N/A,false,#N/A,#N/A,false,#N/A,#N/A,#N/A,#N/A,Prodly,#N/A,#N/A,false,false,#N/A
c55420d3-588d-49d6-b20d-a1d5b8b3039d,65348251-9e23-4124-ae6c-95098e9d91a2,Fee,Giacinta,#N/A,#N/A,#N/A,#N/A,#N/A,#N/A,#N/A,#N/A,#N/A,#N/A,#N/A,#N/A,#N/A,#N/A,#N/A,#N/A,#N/A,(440)475-1490,#N/A,#N/A,#N/A,#N/A,#N/A,jjoannow@prodly.co.invalid,CEO,#N/A,#N/A,#N/A,#N/A,#N/A,false,#N/A,#N/A,#N/A,#N/A,false,#N/A,#N/A,false,#N/A,#N/A,#N/A,#N/A,Prodly,#N/A,#N/A,false,false,#N/A
c97214cf-4d26-443f-91bb-c583f113bc8e,d9104446-70d4-463d-ae1e-3485b7a6fa74,Jules,Rakel,#N/A,#N/A,#N/A,#N/A,#N/A,#N/A,#N/A,#N/A,#N/A,#N/A,#N/A,#N/A,#N/A,#N/A,#N/A,#N/A,#N/A,(637) 454-9343,#N/A,#N/A,#N/A,#N/A,#N/A,jjoannow@prodly.co.invalid,CEO,#N/A,#N/A,#N/A,#N/A,"Gail K. Boudreaux is the President and Chief Executive Officer of Anthem, Inc., a Fortune 50 company and leading health benefits provider, serving more than 40 million consumers—or one in eight Americans—through its affiliated health plans. In total, Anthem serves over 73 million individuals across 27 states through its broad portfolio of health insurance and services subsidiaries, including Amerigroup, Anthem Blue Cross and Blue Shield health plans, CareMore, and Simply Healthcare.",false,#N/A,#N/A,#N/A,#N/A,false,#N/A,#N/A,false,#N/A,#N/A,#N/A,#N/A,Prodly,#N/A,#N/A,false,false,#N/A
2da1cfec-722b-4b97-bced-5315ae358692,d2763da4-1ca1-46bc-a6df-e1f7372d6dc5,Cletus,Lucretia,#N/A,#N/A,Cincinnati,#N/A,#N/A,#N/A,#N/A,#N/A,#N/A,08697 Ryan Junction,#N/A,OH,45271,USA,#N/A,#N/A,#N/A,#N/A,#N/A,#N/A,#N/A,#N/A,#N/A,jjoannow@prodly.co.invalid,#N/A,#N/A,#N/A,#N/A,#N/A,#N/A,false,#N/A,#N/A,#N/A,#N/A,false,#N/A,#N/A,false,#N/A,#N/A,#N/A,#N/A,Prodly,#N/A,#N/A,false,false,#N/A
9e585371-5296-4132-a5be-2c03780cd2e8,aea1a190-3b67-4e0a-bcf5-dce0be26dc43,Filberte,Saloma,#N/A,#N/A,#N/A,#N/A,#N/A,#N/A,#N/A,#N/A,#N/A,#N/A,#N/A,#N/A,#N/A,#N/A,#N/A,#N/A,#N/A,(051) 212-3456,#N/A,#N/A,#N/A,#N/A,#N/A,jjoannow@prodly.co.invalid,CIO,#N/A,#N/A,#N/A,#N/A,#N/A,false,#N/A,#N/A,#N/A,#N/A,false,#N/A,#N/A,false,#N/A,#N/A,#N/A,#N/A,Prodly,#N/A,#N/A,false,false,#N/A
cd0283f9-0f34-4c01-a9e1-af7d00fb123b,687ec0e4-c6b9-4e70-a0f4-f1094656bbb6,Otto,Emilia,#N/A,#N/A,#N/A,#N/A,#N/A,#N/A,#N/A,#N/A,#N/A,#N/A,#N/A,#N/A,#N/A,#N/A,#N/A,#N/A,#N/A,(484)576-8708,#N/A,#N/A,#N/A,#N/A,#N/A,jjoannow@prodly.co.invalid,CEO,#N/A,#N/A,#N/A,#N/A,#N/A,false,#N/A,#N/A,#N/A,#N/A,false,#N/A,#N/A,false,#N/A,#N/A,#N/A,#N/A,Prodly,#N/A,#N/A,false,false,#N/A
66047a6b-e94c-4fe8-ad1c-7a6b03b590a2,082acf9c-8891-420c-a3fd-66f6c6097e3c,Bealle,Edy,#N/A,86 Altona St,Kensington,VIC,3031,Australia,#N/A,#N/A,#N/A,86 Altona St,Kensington,VIC,3031,Australia,#N/A,#N/A,#N/A,(03) 8318 8248,(03) 8318 8248,0420 461 863,#N/A,#N/A,(03) 8318 8248,jjoannow@prodly.co.invalid,"Director, Information Technology",IT,#N/A,#N/A,#N/A,#N/A,false,#N/A,#N/A,#N/A,#N/A,false,#N/A,#N/A,false,#N/A,#N/A,#N/A,#N/A,Prodly,#N/A,#N/A,false,false,#N/A
630dc732-4574-45c3-9533-b9aa99f0d087,52aa2d52-b22b-4d4d-b272-e956119dd30c,Shurlock,Penelopa,#N/A,#N/A,#N/A,#N/A,3293,#N/A,#N/A,#N/A,#N/A,88 Bailey Street,GLENTHOMPSON,VIC,#N/A,Australia,#N/A,#N/A,#N/A,(03) 5338 4066,#N/A,#N/A,#N/A,#N/A,#N/A,jjoannow@prodly.co.invalid,SVP,#N/A,#N/A,#N/A,#N/A,#N/A,false,#N/A,#N/A,#N/A,#N/A,false,#N/A,#N/A,false,#N/A,#N/A,#N/A,#N/A,Prodly,#N/A,#N/A,false,false,#N/A
cc8354f5-56d9-409d-8aab-22d01814ffc6,3c66b37b-b0b5-47a9-bf58-0c9686d72d93,Teador,Hannie,#N/A,#N/A,#N/A,#N/A,#N/A,#N/A,#N/A,#N/A,#N/A,#N/A,#N/A,#N/A,#N/A,#N/A,#N/A,#N/A,#N/A,(219) 193-8523,#N/A,#N/A,#N/A,#N/A,#N/A,jjoannow@prodly.co.invalid,Senior Vice President,#N/A,#N/A,#N/A,#N/A,#N/A,false,#N/A,#N/A,#N/A,#N/A,false,#N/A,#N/A,false,#N/A,#N/A,#N/A,#N/A,Prodly,#N/A,#N/A,false,false,#N/A
ed3031b4-d7e0-42ea-9f27-4206de0ee747,8ebefa0e-6518-4f34-8143-deed57b50916,Kalle,Sindee,#N/A,#N/A,#N/A,#N/A,#N/A,#N/A,#N/A,#N/A,#N/A,100 Art Rooney Avenue,Pittsburgh,PA,15212,USA,#N/A,#N/A,#N/A,(101) 570-8040,#N/A,#N/A,#N/A,#N/A,#N/A,jjoannow@prodly.co.invalid,"EVP, General Counsel & Secretary",#N/A,#N/A,#N/A,#N/A,"Ms. Rucker joined Andeavor in March 2016 and is responsible for the company’s Legal and Corporate Affairs functions, which include corporate governance and securities law; litigation; business ethics and compliance; transactions; intellectual property; external and internal communications; community involvement initiatives and federal, state and local government affairs.",false,#N/A,#N/A,#N/A,#N/A,false,#N/A,#N/A,false,#N/A,#N/A,#N/A,#N/A,Prodly,#N/A,#N/A,false,false,#N/A
c5e3b799-888d-4a22-b71b-f42083e75241,082acf9c-8891-420c-a3fd-66f6c6097e3c,Sterne,Darsey,#N/A,#N/A,#N/A,#N/A,3293,#N/A,#N/A,#N/A,#N/A,26 Dalgarno Street,GLENTHOMPSON,VIC,#N/A,Australia,#N/A,#N/A,#N/A,(03) 5338 4074,#N/A,#N/A,#N/A,#N/A,#N/A,jjoannow@prodly.co.invalid,CFO,#N/A,#N/A,#N/A,#N/A,#N/A,false,#N/A,#N/A,#N/A,#N/A,false,#N/A,#N/A,false,#N/A,#N/A,#N/A,#N/A,Prodly,#N/A,#N/A,false,false,#N/A
4d1c60ac-a843-4a78-8fb8-746047bba41a,deb2643f-e4b0-4a03-bbfd-99725a62a149,Artemus,Kathie,#N/A,#N/A,#N/A,#N/A,#N/A,#N/A,#N/A,#N/A,#N/A,201 Sussex Street,Sydney,NSW,2000,Australia,#N/A,#N/A,#N/A,(907) 730-2067,#N/A,#N/A,#N/A,#N/A,#N/A,jjoannow@prodly.co.invalid,CHRO,#N/A,#N/A,#N/A,1984-10-24,"Peter M. Fasolo is Executive Vice President, Chief Human Resources Officer, responsible for global talent, recruiting, diversity, compensation, benefits, employee relations and all aspects of the human resources agenda for the Company. He is a member of the Executive Committee, Management Compensation Committee, and Chairman of the Pension and Benefits Committee.",false,#N/A,#N/A,#N/A,#N/A,false,#N/A,#N/A,false,#N/A,#N/A,#N/A,#N/A,Prodly,#N/A,#N/A,false,false,#N/A
5f490599-ebc7-41f1-8169-54e1c2e8c1e7,e5fcb320-af81-4efe-85d9-643034e2d899,Jabez,Carlin,#N/A,#N/A,#N/A,#N/A,#N/A,#N/A,#N/A,#N/A,#N/A,97 Gordon Terrace,BARTON BENDISH,#N/A,PE33 1YD,UK,#N/A,#N/A,#N/A,71 4352 5277,#N/A,#N/A,#N/A,#N/A,#N/A,jjoannow@prodly.co.invalid,CFO,#N/A,#N/A,#N/A,#N/A,#N/A,false,#N/A,#N/A,#N/A,#N/A,false,#N/A,#N/A,false,#N/A,#N/A,#N/A,#N/A,Prodly,#N/A,#N/A,false,false,#N/A
735489fc-4c12-452d-9676-dfe049bc6566,3f1019f9-8981-40f5-a60f-3c5c43ec63da,Romeo,Verina,#N/A,#N/A,#N/A,#N/A,3293,#N/A,#N/A,#N/A,#N/A,32 Railway Street,GLENTHOMPSON,VIC,#N/A,Australia,#N/A,#N/A,#N/A,(03) 5338 4019,#N/A,#N/A,#N/A,#N/A,#N/A,jjoannow@prodly.co.invalid,CEO,#N/A,#N/A,#N/A,#N/A,#N/A,false,#N/A,#N/A,#N/A,#N/A,false,#N/A,#N/A,false,#N/A,#N/A,#N/A,#N/A,Prodly,#N/A,#N/A,false,false,#N/A
e5891de5-718e-430e-be5d-de1d2f9434eb,e6b8eecb-c6a5-4a49-9a0b-608318fb1c89,Eziechiele,Roshelle,#N/A,200 Elizabeth Street,Melbourne,VIC,3000,Australia,#N/A,#N/A,#N/A,200 Elizabeth Street,Melbourne,VIC,3000,Australia,#N/A,#N/A,#N/A,(03) 6509 6659,(03) 6509 6659,0422 284 793,#N/A,#N/A,(03) 6509 6659,jjoannow@prodly.co.invalid,"VP, Facilities",Operations,#N/A,#N/A,#N/A,#N/A,false,#N/A,#N/A,#N/A,#N/A,false,#N/A,#N/A,false,#N/A,#N/A,#N/A,#N/A,Prodly,#N/A,#N/A,false,false,#N/A
1c0b04ce-669c-4d18-9832-6e99c7bc5963,1243404d-ee73-4286-94cd-8d6a57821109,Claudell,Marisa,#N/A,356 Ocean View Rd,Ettalong Beach,NSW,2257,Australia,#N/A,#N/A,#N/A,356 Ocean View Rd,Ettalong Beach,NSW,2257,Australia,#N/A,#N/A,#N/A,(02) 8450 7706,(02) 8450 7706,0412 159 411,#N/A,#N/A,(02) 8450 7706,jjoannow@prodly.co.invalid,"SVP, Marketing Strategy",Marketing,#N/A,#N/A,#N/A,#N/A,false,#N/A,#N/A,#N/A,#N/A,false,#N/A,#N/A,false,#N/A,#N/A,#N/A,#N/A,Prodly,#N/A,#N/A,false,false,#N/A
1ac03e90-7349-4422-b227-e8a162bd450e,8c27cba5-f069-462c-a6a3-898619e956b4,Aksel,Sascha,#N/A,#N/A,#N/A,#N/A,2347,#N/A,#N/A,#N/A,#N/A,26 Dalgarno Street,CARODA,NSW,#N/A,Australia,#N/A,#N/A,#N/A,(03) 5338 4035,#N/A,#N/A,#N/A,#N/A,#N/A,jjoannow@prodly.co.invalid,CFO,#N/A,#N/A,#N/A,#N/A,#N/A,false,#N/A,#N/A,#N/A,#N/A,false,#N/A,#N/A,false,#N/A,#N/A,#N/A,#N/A,Prodly,#N/A,#N/A,false,false,#N/A
ce15ec53-9f2d-43b5-a90c-0d10cda4fc6d,d53be6fe-9499-48b8-aff2-fb8a854294fe,Manfred,Blanche,#N/A,#N/A,#N/A,#N/A,2347,#N/A,#N/A,#N/A,#N/A,32 Railway Street,CARODA,NSW,#N/A,Australia,#N/A,#N/A,#N/A,(03) 5338 3944,#N/A,#N/A,#N/A,#N/A,#N/A,jjoannow@prodly.co.invalid,CEO,#N/A,#N/A,#N/A,#N/A,#N/A,false,#N/A,#N/A,#N/A,#N/A,false,#N/A,#N/A,false,#N/A,#N/A,#N/A,#N/A,Prodly,#N/A,#N/A,false,false,#N/A
f17ef960-8d80-4600-8377-f24c857355d9,9012b860-a22c-4bc3-8153-993c20d04218,Duky,Melisa,#N/A,#N/A,#N/A,#N/A,2347,#N/A,#N/A,#N/A,#N/A,26 Dalgarno Street,CARODA,NSW,#N/A,Australia,#N/A,#N/A,#N/A,(03) 5338 4053,#N/A,#N/A,#N/A,#N/A,#N/A,jjoannow@prodly.co.invalid,CFO,#N/A,#N/A,#N/A,#N/A,#N/A,false,#N/A,#N/A,#N/A,#N/A,false,#N/A,#N/A,false,#N/A,#N/A,#N/A,#N/A,Prodly,#N/A,#N/A,false,false,#N/A
09b6be9c-aadf-4e49-8126-85a142119b72,710c9f92-3efe-4fc6-86b7-3878e44ac4a0,Cullan,Celinka,#N/A,#N/A,#N/A,#N/A,#N/A,#N/A,#N/A,#N/A,#N/A,#N/A,#N/A,#N/A,#N/A,#N/A,#N/A,#N/A,#N/A,(442)666-1798,#N/A,#N/A,#N/A,#N/A,#N/A,jjoannow@prodly.co.invalid,CSO,#N/A,#N/A,#N/A,#N/A,#N/A,false,#N/A,#N/A,#N/A,#N/A,false,#N/A,#N/A,false,#N/A,#N/A,#N/A,#N/A,Prodly,#N/A,#N/A,false,false,#N/A
1ddb9093-87e9-4453-96a9-57d6205d1d1d,5463fefd-cbbe-4302-b187-6f06ed87166a,Gaylord,Renie,#N/A,#N/A,#N/A,#N/A,#N/A,#N/A,#N/A,#N/A,#N/A,#N/A,#N/A,#N/A,#N/A,#N/A,#N/A,#N/A,#N/A,202-555-0102,#N/A,#N/A,#N/A,#N/A,#N/A,jjoannow@prodly.co.invalid,CEO,#N/A,#N/A,#N/A,#N/A,#N/A,false,#N/A,#N/A,#N/A,#N/A,false,#N/A,#N/A,false,#N/A,#N/A,#N/A,#N/A,Prodly,#N/A,#N/A,false,false,#N/A
93eb929c-5d9d-4ca3-a676-82d421a0f836,b08ff41e-a88c-4474-b658-d4bfa83df38d,Lanie,Caresa,#N/A,#N/A,#N/A,#N/A,#N/A,#N/A,#N/A,#N/A,#N/A,1 Titans Way,Nashville,TN,37213,USA,#N/A,#N/A,#N/A,(909) 136-7609,#N/A,#N/A,#N/A,#N/A,#N/A,jjoannow@prodly.co.invalid,"EVP, General Counsel",#N/A,#N/A,#N/A,#N/A,"Doug Lankler joined Pfizer in 1999 and currently serves as general counsel. Prior to being named general counsel, Doug was Pfizer's chief compliance and risk officer, a role he assumed in 2006.",false,#N/A,#N/A,#N/A,#N/A,false,#N/A,#N/A,false,#N/A,#N/A,#N/A,#N/A,Prodly,#N/A,#N/A,false,false,#N/A
f8d3899b-71fc-4c68-89de-5ea50fcf4917,9012b860-a22c-4bc3-8153-993c20d04218,Ossie,Allegra,#N/A,54 McLaren Street,North Sydney,NSW,2060,Australia,#N/A,#N/A,#N/A,54 McLaren Street,North Sydney,NSW,2060,Australia,#N/A,#N/A,#N/A,(02) 7805 6307,(02) 7805 6307,0421 525 301,#N/A,#N/A,(02) 7805 6307,jjoannow@prodly.co.invalid,Director of Engineering,Engineering,#N/A,#N/A,#N/A,#N/A,false,#N/A,#N/A,#N/A,#N/A,false,#N/A,#N/A,false,#N/A,#N/A,#N/A,#N/A,Prodly,#N/A,#N/A,false,false,#N/A
a8099654-3e23-4ed7-a1fb-d24c40e85784,4adaaf8f-2211-4fde-a9f3-90aa2beda6b2,Jakob,Caryl,#N/A,#N/A,#N/A,#N/A,2454,#N/A,#N/A,#N/A,#N/A,88 Bailey Street,KALANG,NSW,#N/A,Australia,#N/A,#N/A,#N/A,(03) 5338 3958,#N/A,#N/A,#N/A,#N/A,#N/A,jjoannow@prodly.co.invalid,SVP,#N/A,#N/A,#N/A,#N/A,#N/A,false,#N/A,#N/A,#N/A,#N/A,false,#N/A,#N/A,false,#N/A,#N/A,#N/A,#N/A,Prodly,#N/A,#N/A,false,false,#N/A
c2f0a380-e50e-427c-9426-9d6294f0258c,1a26b41c-d212-44be-956a-5064237bc0a1,Broderick,Marleen,#N/A,#N/A,#N/A,#N/A,#N/A,#N/A,#N/A,#N/A,#N/A,#N/A,#N/A,#N/A,#N/A,#N/A,#N/A,#N/A,#N/A,(179) 951-2988,#N/A,#N/A,#N/A,#N/A,#N/A,jjoannow@prodly.co.invalid,CEO,#N/A,#N/A,#N/A,#N/A,#N/A,false,#N/A,#N/A,#N/A,#N/A,false,#N/A,#N/A,false,#N/A,#N/A,#N/A,#N/A,Prodly,#N/A,#N/A,false,false,#N/A
b298f457-5296-4892-8a65-232606a96445,b411ef6e-3022-43ee-b553-40d3ff2e8b85,Osbert,Sukey,#N/A,#N/A,#N/A,#N/A,#N/A,#N/A,#N/A,#N/A,#N/A,#N/A,#N/A,#N/A,#N/A,#N/A,#N/A,#N/A,#N/A,(484)576-8708,#N/A,#N/A,#N/A,#N/A,#N/A,jjoannow@prodly.co.invalid,CTO,#N/A,#N/A,#N/A,#N/A,#N/A,false,#N/A,#N/A,#N/A,#N/A,false,#N/A,#N/A,false,#N/A,#N/A,#N/A,#N/A,Prodly,#N/A,#N/A,false,false,#N/A
1ad74a92-d696-4312-80f2-6ad33dbba12b,bae55ba3-ea80-48c6-b152-4ea7f82bfd53,Rutledge,Rheta,#N/A,#N/A,#N/A,#N/A,#N/A,#N/A,#N/A,#N/A,#N/A,14 Ross Road,Marple,#N/A,SK6 4HJ,UK,#N/A,#N/A,#N/A,81 0017 4455,#N/A,#N/A,#N/A,#N/A,#N/A,jjoannow@prodly.co.invalid,CEO,#N/A,#N/A,#N/A,#N/A,#N/A,false,#N/A,#N/A,#N/A,#N/A,false,#N/A,#N/A,false,#N/A,#N/A,#N/A,#N/A,Prodly,#N/A,#N/A,false,false,#N/A
60bbaf29-98dd-4b21-854c-3ed602817dd8,24c37fae-9e9b-4767-a679-98a2d77ecdba,Jere,Arlinda,#N/A,#N/A,#N/A,#N/A,2347,#N/A,#N/A,#N/A,#N/A,26 Dalgarno Street,CARODA,NSW,#N/A,Australia,#N/A,#N/A,#N/A,(03) 5338 4062,#N/A,#N/A,#N/A,#N/A,#N/A,jjoannow@prodly.co.invalid,CFO,#N/A,#N/A,#N/A,#N/A,#N/A,false,#N/A,#N/A,#N/A,#N/A,false,#N/A,#N/A,false,#N/A,#N/A,#N/A,#N/A,Prodly,#N/A,#N/A,false,false,#N/A
36604161-7be1-412c-8cdf-c76c2f3d712b,f915d9d1-7758-4036-b0a1-f34676a9f27b,Brucie,Hephzibah,#N/A,#N/A,#N/A,#N/A,2347,#N/A,#N/A,#N/A,#N/A,26 Dalgarno Street,CARODA,NSW,#N/A,Australia,#N/A,#N/A,#N/A,(03) 5338 4065,#N/A,#N/A,#N/A,#N/A,#N/A,jjoannow@prodly.co.invalid,CFO,#N/A,#N/A,#N/A,#N/A,#N/A,false,#N/A,#N/A,#N/A,#N/A,false,#N/A,#N/A,false,#N/A,#N/A,#N/A,#N/A,Prodly,#N/A,#N/A,false,false,#N/A
999e06e9-f5f0-4ae4-b2ed-1c31f3b6877b,7d260df7-02d6-4d22-8aef-ba7349f852ae,Spenser,Julee,#N/A,#N/A,#N/A,#N/A,2454,#N/A,#N/A,#N/A,#N/A,32 Railway Street,KALANG,NSW,#N/A,Australia,#N/A,#N/A,#N/A,(03) 5338 4025,#N/A,#N/A,#N/A,#N/A,#N/A,jjoannow@prodly.co.invalid,CEO,#N/A,#N/A,#N/A,#N/A,#N/A,false,#N/A,#N/A,#N/A,#N/A,false,#N/A,#N/A,false,#N/A,#N/A,#N/A,#N/A,Prodly,#N/A,#N/A,false,false,#N/A
49172532-061a-4beb-8148-25019a16f36f,73729ff8-9a1a-45f3-bd8c-493be8b824c1,Rollie,Sadie,#N/A,#N/A,#N/A,#N/A,#N/A,#N/A,#N/A,#N/A,#N/A,#N/A,#N/A,#N/A,#N/A,#N/A,#N/A,#N/A,#N/A,(143) 863-6111,#N/A,#N/A,#N/A,#N/A,#N/A,jjoannow@prodly.co.invalid,EVP & General Counsel,#N/A,#N/A,#N/A,1983-02-24,"Bob Gordon has been our company’s Executive Vice President, General Counsel and Secretary since January 2015. Previously, he served as the Chief Governance Officer and General Counsel of Safeway Inc. He served in this role since June 2000, been the company’s Secretary since September 2005, and has been Senior Vice President since May 17, 1999. He has been Executive Officer of Safeway Inc. since 2000.",false,#N/A,#N/A,#N/A,#N/A,false,#N/A,#N/A,false,#N/A,#N/A,#N/A,#N/A,Prodly,#N/A,#N/A,false,false,#N/A
14968907-ab34-40ac-939f-ab085dace63b,820ddc74-222e-4f6c-86b0-c2bb1fe06fcc,Steven,Veradis,#N/A,#N/A,#N/A,#N/A,2347,#N/A,#N/A,#N/A,#N/A,88 Bailey Street,CARODA,NSW,#N/A,Australia,#N/A,#N/A,#N/A,(03) 5338 4015,#N/A,#N/A,#N/A,#N/A,#N/A,jjoannow@prodly.co.invalid,SVP,#N/A,#N/A,#N/A,#N/A,#N/A,false,#N/A,#N/A,#N/A,#N/A,false,#N/A,#N/A,false,#N/A,#N/A,#N/A,#N/A,Prodly,#N/A,#N/A,false,false,#N/A
d91672aa-c1a0-4f58-84af-6235b41b08a8,f048b26f-43df-4442-922a-f0f648d7051d,Daryl,Gleda,#N/A,#N/A,#N/A,#N/A,#N/A,#N/A,#N/A,#N/A,#N/A,#N/A,#N/A,#N/A,#N/A,#N/A,#N/A,#N/A,#N/A,(939) 937-4190,#N/A,#N/A,#N/A,#N/A,#N/A,jjoannow@prodly.co.invalid,CEO,#N/A,#N/A,#N/A,#N/A,"Darius Adamczyk became President and CEO of Honeywell in April 2017 and was elected to the Company’s Board of Directors in 2016. Previously, Adamczyk served as Honeywell’s President and Chief Operating Officer, responsible for driving continued profitable growth of the Company’s operating businesses through HOS Gold breakthrough growth strategies, including advanced software offerings that complement a diverse technology portfolio.",false,#N/A,#N/A,#N/A,#N/A,false,#N/A,#N/A,false,#N/A,#N/A,#N/A,#N/A,Prodly,#N/A,#N/A,false,false,#N/A
105623d9-7cfb-470b-9e1e-603dd47b63a2,96f71fc6-a2ff-454d-a3ed-d3b3813f52f9,Gerard,Harrietta,#N/A,#N/A,#N/A,#N/A,3293,#N/A,#N/A,#N/A,#N/A,88 Bailey Street,GLENTHOMPSON,VIC,#N/A,Australia,#N/A,#N/A,#N/A,(03) 5338 4036,#N/A,#N/A,#N/A,#N/A,#N/A,jjoannow@prodly.co.invalid,SVP,#N/A,#N/A,#N/A,#N/A,#N/A,false,#N/A,#N/A,#N/A,#N/A,false,#N/A,#N/A,false,#N/A,#N/A,#N/A,#N/A,Prodly,#N/A,#N/A,false,false,#N/A
c599c248-8211-4352-ba56-ffb0f1267349,aea1a190-3b67-4e0a-bcf5-dce0be26dc43,Donnell,Angelika,#N/A,#N/A,#N/A,#N/A,3293,#N/A,#N/A,#N/A,#N/A,26 Dalgarno Street,GLENTHOMPSON,VIC,#N/A,Australia,#N/A,#N/A,#N/A,(03) 5338 3969,#N/A,#N/A,#N/A,#N/A,#N/A,jjoannow@prodly.co.invalid,CFO,#N/A,#N/A,#N/A,#N/A,#N/A,false,#N/A,#N/A,#N/A,#N/A,false,#N/A,#N/A,false,#N/A,#N/A,#N/A,#N/A,Prodly,#N/A,#N/A,false,false,#N/A
8f6494e1-c655-4bb4-83ed-f09bf006f6fe,710c9f92-3efe-4fc6-86b7-3878e44ac4a0,Gaspard,Corabel,#N/A,#N/A,#N/A,#N/A,#N/A,#N/A,#N/A,#N/A,#N/A,1 Cardinals Drive,Glendale,AZ,85305,USA,#N/A,#N/A,#N/A,(133) 142-8613,#N/A,#N/A,#N/A,#N/A,#N/A,jjoannow@prodly.co.invalid,Chief Executive Officer,#N/A,#N/A,#N/A,#N/A,#N/A,false,#N/A,#N/A,#N/A,#N/A,false,#N/A,#N/A,false,#N/A,#N/A,#N/A,#N/A,Prodly,#N/A,#N/A,false,false,#N/A
b2948644-4d0e-49a1-819f-42938fa7005c,51b706db-46cb-4f9e-88c2-0ff80ad8062f,Roman,Ilse,#N/A,100 Roma St,Brisbane,QLD,4000,Australia,#N/A,#N/A,#N/A,100 Roma St,Brisbane,QLD,4000,Australia,#N/A,#N/A,#N/A,(07) 8348 6058,(07) 8348 6058,0429 175 100,#N/A,#N/A,(07) 8348 6058,jjoannow@prodly.co.invalid,Head of Operations,Operations,#N/A,#N/A,#N/A,#N/A,false,#N/A,#N/A,#N/A,#N/A,false,#N/A,#N/A,false,#N/A,#N/A,#N/A,#N/A,Prodly,#N/A,#N/A,false,false,#N/A
9d46e18b-de34-411a-b729-64cca889117c,821fe8c7-12dc-44e2-86e9-f621f3088d0b,Stanislaw,Lauraine,#N/A,#N/A,#N/A,#N/A,#N/A,#N/A,#N/A,#N/A,#N/A,#N/A,#N/A,#N/A,#N/A,#N/A,#N/A,#N/A,#N/A,(300) 494-6134,#N/A,#N/A,#N/A,#N/A,#N/A,jjoannow@prodly.co.invalid,"EVP, Global Business Lines",#N/A,#N/A,#N/A,#N/A,#N/A,false,#N/A,#N/A,#N/A,#N/A,false,#N/A,#N/A,false,#N/A,#N/A,#N/A,#N/A,Prodly,#N/A,#N/A,false,false,#N/A
16c7907e-2f94-4c27-906a-c3b3b77f9db4,24c37fae-9e9b-4767-a679-98a2d77ecdba,Orion,Shaine,#N/A,40 Archibald St,Fairfield,QLD,4103,Australia,#N/A,#N/A,#N/A,40 Archibald St,Fairfield,QLD,4103,Australia,#N/A,#N/A,#N/A,(07) 7438 7293,(07) 7438 7293,0410 186 833,#N/A,#N/A,(07) 7438 7293,jjoannow@prodly.co.invalid,Marketing Manager,Marketing,#N/A,#N/A,#N/A,#N/A,false,#N/A,#N/A,#N/A,#N/A,false,#N/A,#N/A,false,#N/A,#N/A,#N/A,#N/A,Prodly,#N/A,#N/A,false,false,#N/A
9ee7f3f5-e4fb-4c13-bcc1-33e57bc45b20,51a12852-b282-4490-b9dd-bf2285c93137,Brenden,Vivianne,#N/A,#N/A,#N/A,#N/A,#N/A,#N/A,#N/A,#N/A,#N/A,1 Paul Brown Stadium,Cincinnati,OH,45202,USA,#N/A,#N/A,#N/A,(557) 484-4643,#N/A,#N/A,#N/A,#N/A,#N/A,jjoannow@prodly.co.invalid,CEO,#N/A,#N/A,#N/A,#N/A,"Steven A. Kandarian is chairman of the board, president and chief executive officer of MetLife, Inc. (NYSE: MET), a leading provider of insurance, annuities and employee benefit programs to approximately 100 million customers in nearly 50 markets around the world. He became president and CEO on May 1, 2011 and chairman of the board of directors on January 1, 2012. For 2016, MetLife had $63.5 billion in revenue.",false,#N/A,#N/A,#N/A,#N/A,false,#N/A,#N/A,false,#N/A,#N/A,#N/A,#N/A,Prodly,#N/A,#N/A,false,false,#N/A
cff76e66-afb7-4087-823d-972506976997,665a4387-ede2-4ce4-a726-000ff3d2d922,Saul,Kaitlyn,#N/A,#N/A,#N/A,#N/A,#N/A,#N/A,#N/A,#N/A,#N/A,#N/A,#N/A,#N/A,#N/A,#N/A,#N/A,#N/A,#N/A,011 49 69 3576 6843,#N/A,#N/A,#N/A,#N/A,#N/A,jjoannow@prodly.co.invalid,"Vice President, IT",#N/A,#N/A,#N/A,#N/A,#N/A,false,#N/A,#N/A,#N/A,#N/A,false,#N/A,#N/A,false,#N/A,#N/A,#N/A,#N/A,Prodly,#N/A,#N/A,false,false,#N/A
0374d990-b925-44e4-91cb-cfdf2e8ee965,838737cb-ca38-4df7-892f-df722e0f1e7b,Richy,Edna,#N/A,#N/A,#N/A,#N/A,#N/A,#N/A,#N/A,#N/A,#N/A,39 Crown Street,London,#N/A,SW6 0EP,UK,#N/A,#N/A,#N/A,077 6365 8742,#N/A,#N/A,#N/A,#N/A,#N/A,jjoannow@prodly.co.invalid,SVP,#N/A,#N/A,#N/A,#N/A,#N/A,false,#N/A,#N/A,#N/A,#N/A,false,#N/A,#N/A,false,#N/A,#N/A,#N/A,#N/A,Prodly,#N/A,#N/A,false,false,#N/A
b648daf5-9db1-4903-baa8-54ca0ff1de6f,a0f757d5-43be-4aa2-955d-23e04ae22f35,Lambert,Hester,#N/A,50 Kerra Way,Docklands,VIC,3008,Australia,#N/A,#N/A,#N/A,50 Kerra Way,Docklands,VIC,3008,Australia,#N/A,#N/A,#N/A,(03) 6967 7793,(03) 6967 7793,0427 231 427,#N/A,#N/A,(03) 6967 7793,jjoannow@prodly.co.invalid,CFO,Finance,#N/A,#N/A,#N/A,#N/A,false,#N/A,#N/A,#N/A,#N/A,false,#N/A,#N/A,false,#N/A,#N/A,#N/A,#N/A,Prodly,#N/A,#N/A,false,false,#N/A
80cdb434-5027-4482-bd75-e5b0545e70ac,24ae2c90-1f81-4419-94a5-ea1dc5431a2b,Dylan,Edie,#N/A,350 Collins Street,Melbourne,VIC,3000,Australia,#N/A,#N/A,#N/A,350 Collins Street,Melbourne,VIC,3000,Australia,#N/A,#N/A,#N/A,(03) 7295 8064,(03) 7295 8064,0428 239 189,#N/A,#N/A,(03) 7295 8064,jjoannow@prodly.co.invalid,EVP Business Development,Business Development,#N/A,#N/A,#N/A,#N/A,false,#N/A,#N/A,#N/A,#N/A,false,#N/A,#N/A,false,#N/A,#N/A,#N/A,#N/A,Prodly,#N/A,#N/A,false,false,#N/A
b7c4ce54-3ea5-419b-a906-f13a79f5a2e5,9cc34213-1502-44f3-8ed1-609b175b2f72,Umberto,Halli,#N/A,#N/A,#N/A,#N/A,2454,#N/A,#N/A,#N/A,#N/A,26 Dalgarno Street,KALANG,NSW,#N/A,Australia,#N/A,#N/A,#N/A,(03) 5338 4023,#N/A,#N/A,#N/A,#N/A,#N/A,jjoannow@prodly.co.invalid,CFO,#N/A,#N/A,#N/A,#N/A,#N/A,false,#N/A,#N/A,#N/A,#N/A,false,#N/A,#N/A,false,#N/A,#N/A,#N/A,#N/A,Prodly,#N/A,#N/A,false,false,#N/A
6b0c81c3-4347-4b9d-bae7-79aac8beae39,58fcb992-01d9-44fc-af97-1bdec9cada6b,West,Orelie,#N/A,348 St Kilda Road,Melbourne,VIC,3004,Australia,#N/A,#N/A,#N/A,348 St Kilda Road,Melbourne,VIC,3004,Australia,#N/A,#N/A,#N/A,(03) 8966 8694,(03) 8966 8694,0425 843 185,#N/A,#N/A,(03) 8966 8694,jjoannow@prodly.co.invalid,Chief Executive Officer,CEO,#N/A,#N/A,#N/A,#N/A,false,#N/A,#N/A,#N/A,#N/A,false,#N/A,#N/A,false,#N/A,#N/A,#N/A,#N/A,Prodly,#N/A,#N/A,false,false,#N/A
bf8277dc-6f4b-4b75-ab0f-ce478522ea8a,14232913-25fb-45b0-9545-dc09cf9efc49,Neale,Adria,#N/A,#N/A,#N/A,#N/A,#N/A,#N/A,#N/A,#N/A,#N/A,#N/A,#N/A,#N/A,#N/A,#N/A,#N/A,#N/A,#N/A,(312)659-4516,#N/A,#N/A,#N/A,#N/A,#N/A,jjoannow@prodly.co.invalid,CFO,#N/A,#N/A,#N/A,#N/A,#N/A,false,#N/A,#N/A,#N/A,#N/A,false,#N/A,#N/A,false,#N/A,#N/A,#N/A,#N/A,Prodly,#N/A,#N/A,false,false,#N/A
b077c54b-5064-4484-9957-5767656429a1,665a4387-ede2-4ce4-a726-000ff3d2d922,Cyrus,Britteny,#N/A,#N/A,#N/A,#N/A,#N/A,#N/A,#N/A,#N/A,#N/A,97 Gordon Terrace,BARTON BENDISH,#N/A,PE33 1YD,UK,#N/A,#N/A,#N/A,72 4352 5277,#N/A,#N/A,#N/A,#N/A,#N/A,jjoannow@prodly.co.invalid,CFO,#N/A,#N/A,#N/A,#N/A,#N/A,false,#N/A,#N/A,#N/A,#N/A,false,#N/A,#N/A,false,#N/A,#N/A,#N/A,#N/A,Prodly,#N/A,#N/A,false,false,#N/A
348ae2de-7e96-4fa9-9da3-89a0c75d1a5b,42d553ae-1574-4824-853c-1962fa336861,Gray,Gwendolen,#N/A,#N/A,#N/A,#N/A,#N/A,#N/A,#N/A,#N/A,#N/A,Reliant Parkway,Houston,TX,77504,USA,#N/A,#N/A,#N/A,(902) 675-6698,#N/A,#N/A,#N/A,#N/A,#N/A,jjoannow@prodly.co.invalid,Executive Vice President - Wireless Operations,#N/A,#N/A,#N/A,#N/A,#N/A,false,#N/A,#N/A,#N/A,#N/A,false,#N/A,#N/A,false,#N/A,#N/A,#N/A,#N/A,Prodly,#N/A,#N/A,false,false,#N/A
80e568b2-3e91-466d-b1fa-2b620746ef90,deb2643f-e4b0-4a03-bbfd-99725a62a149,Phil,Auberta,#N/A,#N/A,#N/A,#N/A,#N/A,#N/A,#N/A,#N/A,#N/A,201 Sussex Street,Sydney,NSW,2000,Australia,#N/A,#N/A,#N/A,(877) 849-5457,#N/A,#N/A,#N/A,#N/A,#N/A,jjoannow@prodly.co.invalid,CCO,#N/A,#N/A,#N/A,1994-11-07,#N/A,false,#N/A,#N/A,#N/A,#N/A,false,#N/A,#N/A,false,#N/A,#N/A,#N/A,#N/A,Prodly,#N/A,#N/A,false,false,#N/A
c053572a-a2e9-445d-98a9-2cf8507db5b5,6320c506-ff02-4baf-8f16-c6a8a19f8565,Titus,Clare,#N/A,#N/A,#N/A,#N/A,2454,#N/A,#N/A,#N/A,#N/A,32 Railway Street,KALANG,NSW,#N/A,Australia,#N/A,#N/A,#N/A,(03) 5338 4049,#N/A,#N/A,#N/A,#N/A,#N/A,jjoannow@prodly.co.invalid,CEO,#N/A,#N/A,#N/A,#N/A,#N/A,false,#N/A,#N/A,#N/A,#N/A,false,#N/A,#N/A,false,#N/A,#N/A,#N/A,#N/A,Prodly,#N/A,#N/A,false,false,#N/A
185fa52c-02f2-41f2-9788-ef45b4944aaa,deb2643f-e4b0-4a03-bbfd-99725a62a149,Dick,Marilyn,#N/A,#N/A,#N/A,#N/A,#N/A,#N/A,#N/A,#N/A,#N/A,#N/A,#N/A,#N/A,#N/A,#N/A,#N/A,#N/A,#N/A,(484)576-8707,#N/A,#N/A,#N/A,#N/A,#N/A,jjoannow@prodly.co.invalid,COO,#N/A,#N/A,#N/A,#N/A,#N/A,false,#N/A,#N/A,#N/A,#N/A,false,#N/A,#N/A,false,#N/A,#N/A,#N/A,#N/A,Prodly,#N/A,#N/A,false,false,#N/A
d37d8721-d146-474a-a33c-73e4207af0dd,a83fe1c6-0c86-4ba1-8db3-9603508e114a,Osmund,Miguela,#N/A,#N/A,#N/A,#N/A,#N/A,#N/A,#N/A,#N/A,#N/A,#N/A,#N/A,#N/A,#N/A,#N/A,#N/A,#N/A,#N/A,011 49 69 3576 6843,#N/A,#N/A,#N/A,#N/A,#N/A,jjoannow@prodly.co.invalid,COO,#N/A,#N/A,#N/A,#N/A,#N/A,false,#N/A,#N/A,#N/A,#N/A,false,#N/A,#N/A,false,#N/A,#N/A,#N/A,#N/A,Prodly,#N/A,#N/A,false,false,#N/A
ad331a7c-7a2b-4d7d-ac16-880a5288043a,79885fd4-1421-42ea-a120-91ac20fcb953,Ethan,Livvie,#N/A,#N/A,#N/A,#N/A,3293,#N/A,#N/A,#N/A,#N/A,32 Railway Street,GLENTHOMPSON,VIC,#N/A,Australia,#N/A,#N/A,#N/A,(03) 5338 4007,#N/A,#N/A,#N/A,#N/A,#N/A,jjoannow@prodly.co.invalid,CEO,#N/A,#N/A,#N/A,#N/A,#N/A,false,#N/A,#N/A,#N/A,#N/A,false,#N/A,#N/A,false,#N/A,#N/A,#N/A,#N/A,Prodly,#N/A,#N/A,false,false,#N/A
4534a1fb-4f3c-4ce8-a094-13b4b3dcb70e,d023f5b9-1c83-466d-b922-630f7ec2dceb,Beau,Zitella,#N/A,#N/A,#N/A,#N/A,#N/A,#N/A,#N/A,#N/A,#N/A,#N/A,#N/A,#N/A,#N/A,#N/A,#N/A,#N/A,#N/A,+81 725 925939,#N/A,#N/A,#N/A,#N/A,#N/A,jjoannow@prodly.co.invalid,CIO,#N/A,#N/A,#N/A,#N/A,#N/A,false,#N/A,#N/A,#N/A,#N/A,false,#N/A,#N/A,false,#N/A,#N/A,#N/A,#N/A,Prodly,#N/A,#N/A,false,false,#N/A
3866aef1-0009-45bb-b2f5-f7dea990a3d0,8ebefa0e-6518-4f34-8143-deed57b50916,Arlen,Wilone,#N/A,#N/A,#N/A,#N/A,#N/A,#N/A,#N/A,#N/A,#N/A,#N/A,#N/A,#N/A,#N/A,#N/A,#N/A,#N/A,#N/A,202-555-0113,#N/A,#N/A,#N/A,#N/A,#N/A,jjoannow@prodly.co.invalid,CEO,#N/A,#N/A,#N/A,#N/A,#N/A,false,#N/A,#N/A,#N/A,#N/A,false,#N/A,#N/A,false,#N/A,#N/A,#N/A,#N/A,Prodly,#N/A,#N/A,false,false,#N/A
790bfe29-ef39-489a-8047-e102f3c4644d,fe83115d-1b24-4ca4-951f-9dbf397747e6,Alister,Noell,#N/A,#N/A,#N/A,#N/A,#N/A,#N/A,#N/A,#N/A,#N/A,#N/A,#N/A,#N/A,#N/A,#N/A,#N/A,#N/A,#N/A,+33 0 1 42 14 20 00,#N/A,#N/A,#N/A,#N/A,#N/A,jjoannow@prodly.co.invalid,CIO,#N/A,#N/A,#N/A,#N/A,#N/A,false,#N/A,#N/A,#N/A,#N/A,false,#N/A,#N/A,false,#N/A,#N/A,#N/A,#N/A,Prodly,#N/A,#N/A,false,false,#N/A
c8fdd156-4a1d-4f2f-9dab-410928c60936,78c2ed00-4bd4-4843-8916-53c1b65e17b8,Mile,Myriam,#N/A,27 Temple St,Victoria Park,WA,6100,Australia,#N/A,#N/A,#N/A,27 Temple St,Victoria Park,WA,6100,Australia,#N/A,#N/A,#N/A,(08) 8365 8739,(08) 8365 8739,0416 312 825,#N/A,#N/A,(08) 8365 8739,jjoannow@prodly.co.invalid,"Manager, Sales Operations",Operations,#N/A,#N/A,#N/A,#N/A,false,#N/A,#N/A,#N/A,#N/A,false,#N/A,#N/A,false,#N/A,#N/A,#N/A,#N/A,Prodly,#N/A,#N/A,false,false,#N/A
4fefecca-f635-47b5-a592-3edaef35eeb0,d26c9074-769f-4dd3-b822-08762ec5f435,Gradey,Emmeline,#N/A,#N/A,#N/A,#N/A,#N/A,#N/A,#N/A,#N/A,#N/A,#N/A,#N/A,#N/A,#N/A,#N/A,#N/A,#N/A,#N/A,(518) 310-9546,#N/A,#N/A,#N/A,#N/A,#N/A,jjoannow@prodly.co.invalid,CEO,#N/A,#N/A,#N/A,#N/A,#N/A,false,#N/A,#N/A,#N/A,#N/A,false,#N/A,#N/A,false,#N/A,#N/A,#N/A,#N/A,Prodly,#N/A,#N/A,false,false,#N/A
be7914cc-e655-420f-b7c3-44b9667389a4,af8d1a59-ad75-4b1b-9818-efc4c2e19b8f,Andre,Susi,#N/A,#N/A,#N/A,#N/A,#N/A,#N/A,#N/A,#N/A,#N/A,1701 Bryant Street,Denver,CO,80204,USA,#N/A,#N/A,#N/A,(813) 361-2014,#N/A,#N/A,#N/A,#N/A,#N/A,jjoannow@prodly.co.invalid,"GVP, CAO & General Counsel",#N/A,#N/A,#N/A,#N/A,#N/A,false,#N/A,#N/A,#N/A,#N/A,false,#N/A,#N/A,false,#N/A,#N/A,#N/A,#N/A,Prodly,#N/A,#N/A,false,false,#N/A
959d4ad3-b622-4ae9-95b7-3d1e99c1fe21,821fe8c7-12dc-44e2-86e9-f621f3088d0b,Harland,Zandra,#N/A,#N/A,#N/A,#N/A,#N/A,#N/A,#N/A,#N/A,#N/A,#N/A,#N/A,#N/A,#N/A,#N/A,#N/A,#N/A,#N/A,(339) 279-0378,#N/A,#N/A,#N/A,#N/A,#N/A,jjoannow@prodly.co.invalid,"EVP, Secretary and General Counsel",#N/A,#N/A,#N/A,#N/A,#N/A,false,#N/A,#N/A,#N/A,#N/A,false,#N/A,#N/A,false,#N/A,#N/A,#N/A,#N/A,Prodly,#N/A,#N/A,false,false,#N/A
e6f852bc-8d89-412e-a2b6-278ba2befac9,ab96b432-45f8-4254-bdab-fffc68af26e7,Osbourne,Adiana,#N/A,#N/A,#N/A,#N/A,#N/A,#N/A,#N/A,#N/A,#N/A,#N/A,#N/A,#N/A,#N/A,#N/A,#N/A,#N/A,#N/A,+41 22 343 80 14,#N/A,#N/A,#N/A,#N/A,#N/A,jjoannow@prodly.co.invalid,COO,#N/A,#N/A,#N/A,1976-01-24,#N/A,false,#N/A,#N/A,#N/A,#N/A,false,#N/A,#N/A,false,#N/A,#N/A,#N/A,#N/A,Prodly,#N/A,#N/A,false,false,#N/A
440e5569-1b0d-4337-bc40-b86a53200a8d,aeb8d549-4aaf-45c9-bd83-ba0ccb3cce35,Batholomew,Birdie,#N/A,#N/A,#N/A,#N/A,#N/A,#N/A,#N/A,#N/A,#N/A,1 Arrowhead Drive,Kansas City,MO,64129,USA,#N/A,#N/A,#N/A,(625) 707-5047,#N/A,#N/A,#N/A,#N/A,#N/A,jjoannow@prodly.co.invalid,"EVP, General Counsel and Secretary",#N/A,#N/A,#N/A,#N/A,"Arthur R. Block serves as Executive Vice President, General Counsel and Secretary of Comcast. He previously served as Senior Vice President, General Counsel and Secretary of Comcast. He is the Company’s chief legal officer, overseeing Comcast’s legal, corporate governance and strategic intellectual property functions. Art has been with Comcast since 1989; during this time, he has served as the lead in-house attorney for Comcast’s mergers, acquisitions and financings.",false,#N/A,#N/A,#N/A,#N/A,false,#N/A,#N/A,false,#N/A,#N/A,#N/A,#N/A,Prodly,#N/A,#N/A,false,false,#N/A
2ef0d408-ed67-40ed-a745-410622324708,3c66b37b-b0b5-47a9-bf58-0c9686d72d93,Saunders,Dori,#N/A,#N/A,#N/A,#N/A,#N/A,#N/A,#N/A,#N/A,#N/A,#N/A,#N/A,#N/A,#N/A,#N/A,#N/A,#N/A,#N/A,(219) 346-5121,#N/A,#N/A,#N/A,#N/A,#N/A,jjoannow@prodly.co.invalid,CFO,#N/A,#N/A,#N/A,#N/A,#N/A,false,#N/A,#N/A,#N/A,#N/A,false,#N/A,#N/A,false,#N/A,#N/A,#N/A,#N/A,Prodly,#N/A,#N/A,false,false,#N/A
540a3cb9-b61b-46df-90be-476e4921f3d6,60135a75-1be6-4d4c-a56d-f11b48cf1a8d,Frederich,Nicol,#N/A,#N/A,#N/A,#N/A,2454,#N/A,#N/A,#N/A,#N/A,26 Dalgarno Street,KALANG,NSW,#N/A,Australia,#N/A,#N/A,#N/A,(03) 5338 3981,#N/A,#N/A,#N/A,#N/A,#N/A,jjoannow@prodly.co.invalid,CFO,#N/A,#N/A,#N/A,#N/A,#N/A,false,#N/A,#N/A,#N/A,#N/A,false,#N/A,#N/A,false,#N/A,#N/A,#N/A,#N/A,Prodly,#N/A,#N/A,false,false,#N/A
4472b49f-62f9-4831-af7f-c02076bd94c9,1c9016e4-816b-4e62-a1b0-c1f5c8fa1188,Ellsworth,Anastassia,#N/A,#N/A,#N/A,#N/A,#N/A,#N/A,#N/A,#N/A,#N/A,1265 Lombardi Avenue,Green Bay,WI,54304,USA,#N/A,#N/A,#N/A,(525) 265-0997,#N/A,#N/A,#N/A,#N/A,#N/A,jjoannow@prodly.co.invalid,Chief Procurement Officer,#N/A,#N/A,#N/A,#N/A,"Michael Bartschat serves as chief procurement officer (CPO) and vice president of the Johnson Controls Operating System. As CPO, Bartschat leads an integrated global procurement function that leverages scale and optimizes the cost and value of purchased materials, products and services.",false,#N/A,#N/A,#N/A,#N/A,false,#N/A,#N/A,false,#N/A,#N/A,#N/A,#N/A,Prodly,#N/A,#N/A,false,false,#N/A
37dc6167-5ab1-45d7-ba70-d06fef70c13c,af271580-40f5-4d49-b1ea-03b49850606f,Carlo,Daffi,#N/A,#N/A,#N/A,#N/A,3293,#N/A,#N/A,#N/A,#N/A,32 Railway Street,GLENTHOMPSON,VIC,#N/A,Australia,#N/A,#N/A,#N/A,(03) 5338 4001,#N/A,#N/A,#N/A,#N/A,#N/A,jjoannow@prodly.co.invalid,CEO,#N/A,#N/A,#N/A,#N/A,#N/A,false,#N/A,#N/A,#N/A,#N/A,false,#N/A,#N/A,false,#N/A,#N/A,#N/A,#N/A,Prodly,#N/A,#N/A,false,false,#N/A
7c70e6a4-fc99-448c-af83-de74a33be177,aea1a190-3b67-4e0a-bcf5-dce0be26dc43,Dirk,Alverta,#N/A,#N/A,#N/A,#N/A,2454,#N/A,#N/A,#N/A,#N/A,88 Bailey Street,KALANG,NSW,#N/A,Australia,#N/A,#N/A,#N/A,(03) 5338 3967,#N/A,#N/A,#N/A,#N/A,#N/A,jjoannow@prodly.co.invalid,SVP,#N/A,#N/A,#N/A,#N/A,#N/A,false,#N/A,#N/A,#N/A,#N/A,false,#N/A,#N/A,false,#N/A,#N/A,#N/A,#N/A,Prodly,#N/A,#N/A,false,false,#N/A
a2690985-e095-44c9-9d56-830287cb2343,fe83115d-1b24-4ca4-951f-9dbf397747e6,Halsy,Nissy,#N/A,#N/A,#N/A,#N/A,#N/A,#N/A,#N/A,#N/A,#N/A,#N/A,#N/A,#N/A,#N/A,#N/A,#N/A,#N/A,#N/A,+33 0 1 42 14 20 00,#N/A,#N/A,#N/A,#N/A,#N/A,jjoannow@prodly.co.invalid,CIO,#N/A,#N/A,#N/A,#N/A,#N/A,false,#N/A,#N/A,#N/A,#N/A,false,#N/A,#N/A,false,#N/A,#N/A,#N/A,#N/A,Prodly,#N/A,#N/A,false,false,#N/A
2b655a27-09c6-439e-aa8a-c3bfd447466d,f915d9d1-7758-4036-b0a1-f34676a9f27b,Vasili,Halimeda,#N/A,#N/A,#N/A,#N/A,3293,#N/A,#N/A,#N/A,#N/A,88 Bailey Street,GLENTHOMPSON,VIC,#N/A,Australia,#N/A,#N/A,#N/A,(03) 5338 4063,#N/A,#N/A,#N/A,#N/A,#N/A,jjoannow@prodly.co.invalid,SVP,#N/A,#N/A,#N/A,#N/A,#N/A,false,#N/A,#N/A,#N/A,#N/A,false,#N/A,#N/A,false,#N/A,#N/A,#N/A,#N/A,Prodly,#N/A,#N/A,false,false,#N/A
700b4287-1950-4ba3-8eca-22a7bc88200a,fe981786-e62e-4e7c-9912-0f705b23f2af,Hayward,Melessa,#N/A,350 Collins Street,Melbourne,VIC,3000,Australia,#N/A,#N/A,#N/A,350 Collins Street,Melbourne,VIC,3000,Australia,#N/A,#N/A,#N/A,(03) 7879 6956,(03) 7879 6956,0417 640 363,#N/A,#N/A,(03) 7879 6956,jjoannow@prodly.co.invalid,Administrative Assistant,Operations,#N/A,#N/A,#N/A,#N/A,false,#N/A,#N/A,#N/A,#N/A,false,#N/A,#N/A,false,#N/A,#N/A,#N/A,#N/A,Prodly,#N/A,#N/A,false,false,#N/A
383bb345-7214-469f-ad51-8ab1cdc41c2e,f048b26f-43df-4442-922a-f0f648d7051d,Wilfred,Rhodia,#N/A,#N/A,#N/A,#N/A,#N/A,#N/A,#N/A,#N/A,#N/A,#N/A,#N/A,#N/A,#N/A,#N/A,#N/A,#N/A,#N/A,(442)666-1796,#N/A,#N/A,#N/A,#N/A,#N/A,jjoannow@prodly.co.invalid,CEO,#N/A,#N/A,#N/A,#N/A,#N/A,false,#N/A,#N/A,#N/A,#N/A,false,#N/A,#N/A,false,#N/A,#N/A,#N/A,#N/A,Prodly,#N/A,#N/A,false,false,#N/A
2d34f297-584e-4a8e-92d1-0306e4c278be,2a22faa3-d4ca-4f26-9f87-5bc6f4d5603a,Grant,Phaidra,#N/A,6 Rush St,Woollahra,NSW,2025,Australia,#N/A,#N/A,#N/A,6 Rush St,Woollahra,NSW,2025,Australia,#N/A,#N/A,#N/A,(02) 7324 6069,(02) 7324 6069,0413 398 529,#N/A,#N/A,(02) 7324 6069,jjoannow@prodly.co.invalid,EVP Business Development,Business Development,#N/A,#N/A,#N/A,#N/A,false,#N/A,#N/A,#N/A,#N/A,false,#N/A,#N/A,false,#N/A,#N/A,#N/A,#N/A,Prodly,#N/A,#N/A,false,false,#N/A
79b7053d-729b-4870-9ae8-b5733148afce,d731c096-ead3-472a-a729-b3b396f91530,Harald,Bren,#N/A,#N/A,#N/A,#N/A,#N/A,#N/A,#N/A,#N/A,#N/A,#N/A,#N/A,#N/A,#N/A,#N/A,#N/A,#N/A,#N/A,+44 20 5678 9900,#N/A,#N/A,#N/A,#N/A,#N/A,jjoannow@prodly.co.invalid,COO,#N/A,#N/A,#N/A,#N/A,#N/A,false,#N/A,#N/A,#N/A,#N/A,false,#N/A,#N/A,false,#N/A,#N/A,#N/A,#N/A,Prodly,#N/A,#N/A,false,false,#N/A
d971b2a9-af0a-40a4-b498-d6337ab224fc,838737cb-ca38-4df7-892f-df722e0f1e7b,Brant,Devonna,#N/A,#N/A,#N/A,#N/A,#N/A,#N/A,#N/A,#N/A,#N/A,14 Ross Road,Marple,#N/A,SK6 4HJ,UK,#N/A,#N/A,#N/A,078 0017 4455,#N/A,#N/A,#N/A,#N/A,#N/A,jjoannow@prodly.co.invalid,CEO,#N/A,#N/A,#N/A,#N/A,#N/A,false,#N/A,#N/A,#N/A,#N/A,false,#N/A,#N/A,false,#N/A,#N/A,#N/A,#N/A,Prodly,#N/A,#N/A,false,false,#N/A
94e1a660-a252-4a9b-93d2-84bc2eba794b,c7717326-09af-4348-b090-e4be2dac6029,Levey,Linnell,#N/A,#N/A,#N/A,#N/A,#N/A,#N/A,#N/A,#N/A,#N/A,97 Gordon Terrace,BARTON BENDISH,#N/A,PE33 1YD,UK,#N/A,#N/A,#N/A,74 4352 5277,#N/A,#N/A,#N/A,#N/A,#N/A,jjoannow@prodly.co.invalid,CFO,#N/A,#N/A,#N/A,#N/A,#N/A,false,#N/A,#N/A,#N/A,#N/A,false,#N/A,#N/A,false,#N/A,#N/A,#N/A,#N/A,Prodly,#N/A,#N/A,false,false,#N/A
f6a3020a-ff95-4e2a-88e3-3e1910e032a9,ea2daf27-d46a-40d5-87c8-cb727a4d6b63,Batholomew,Blinni,#N/A,#N/A,#N/A,#N/A,#N/A,#N/A,#N/A,#N/A,#N/A,555 Corporate Ave.,San Francisco,CA,94105,USA,#N/A,#N/A,#N/A,(996) 965-3033,#N/A,#N/A,#N/A,#N/A,#N/A,jjoannow@prodly.co.invalid,VP and General Counsel,#N/A,#N/A,#N/A,1971-12-17,"Ms. Gagle is vice president and general counsel of Marathon Petroleum Corporation. She is also vice president and general counsel of MPLX GP LLC. She currently serves on the boards of directors of the Blanchard Valley Health Foundation and the Ronald McDonald House Charities of Northwest Ohio, and as a member of the University of Toledo paralegal studies advisory board.",false,#N/A,#N/A,#N/A,#N/A,false,#N/A,#N/A,false,#N/A,#N/A,#N/A,#N/A,Prodly,#N/A,#N/A,false,false,#N/A
686e9443-fddf-416b-bc21-fdf3b56a059c,d9104446-70d4-463d-ae1e-3485b7a6fa74,Onfre,Kari,#N/A,#N/A,#N/A,#N/A,#N/A,#N/A,#N/A,#N/A,#N/A,#N/A,#N/A,#N/A,#N/A,#N/A,#N/A,#N/A,#N/A,(276)956-8747,#N/A,#N/A,#N/A,#N/A,#N/A,jjoannow@prodly.co.invalid,COO,#N/A,#N/A,#N/A,#N/A,#N/A,false,#N/A,#N/A,#N/A,#N/A,false,#N/A,#N/A,false,#N/A,#N/A,#N/A,#N/A,Prodly,#N/A,#N/A,false,false,#N/A
727eead3-79c9-4c93-8521-ec8a882e6879,af8d1a59-ad75-4b1b-9818-efc4c2e19b8f,Heall,Pollyanna,#N/A,#N/A,#N/A,#N/A,#N/A,#N/A,#N/A,#N/A,#N/A,#N/A,#N/A,#N/A,#N/A,#N/A,#N/A,#N/A,#N/A,202-555-0107,#N/A,#N/A,#N/A,#N/A,#N/A,jjoannow@prodly.co.invalid,CEO,#N/A,#N/A,#N/A,#N/A,#N/A,false,#N/A,#N/A,#N/A,#N/A,false,#N/A,#N/A,false,#N/A,#N/A,#N/A,#N/A,Prodly,#N/A,#N/A,false,false,#N/A
f85ac866-924f-4395-a463-94018f02d743,d76c61e6-6647-4252-942f-1e9ad16b1557,Braden,Fianna,#N/A,#N/A,#N/A,#N/A,#N/A,#N/A,#N/A,#N/A,#N/A,39 Crown Street,London,#N/A,SW6 0EP,UK,#N/A,#N/A,#N/A,077 6365 8742,#N/A,#N/A,#N/A,#N/A,#N/A,jjoannow@prodly.co.invalid,SVP,#N/A,#N/A,#N/A,#N/A,#N/A,false,#N/A,#N/A,#N/A,#N/A,false,#N/A,#N/A,false,#N/A,#N/A,#N/A,#N/A,Prodly,#N/A,#N/A,false,false,#N/A
a6e11d17-6dd5-477c-8ad3-32b5dd790ed0,24ae2c90-1f81-4419-94a5-ea1dc5431a2b,Gran,Kellen,#N/A,45 Spring Street,Melbourne,VIC,3000,Australia,#N/A,#N/A,#N/A,45 Spring Street,Melbourne,VIC,3000,Australia,#N/A,#N/A,#N/A,(03) 6648 8765,(03) 6648 8765,0420 223 112,#N/A,#N/A,(03) 6648 8765,jjoannow@prodly.co.invalid,Account Executive,Sales,#N/A,#N/A,#N/A,#N/A,false,#N/A,#N/A,#N/A,#N/A,false,#N/A,#N/A,false,#N/A,#N/A,#N/A,#N/A,Prodly,#N/A,#N/A,false,false,#N/A
4753a997-2042-4626-a6c3-c792660c07f2,ec4fe2b0-83be-4a18-8a3b-0262fd09ea76,Glendon,Elinor,#N/A,#N/A,#N/A,#N/A,3293,#N/A,#N/A,#N/A,#N/A,88 Bailey Street,GLENTHOMPSON,VIC,#N/A,Australia,#N/A,#N/A,#N/A,(03) 5338 3928,#N/A,#N/A,#N/A,#N/A,#N/A,jjoannow@prodly.co.invalid,SVP,#N/A,#N/A,#N/A,#N/A,#N/A,false,#N/A,#N/A,#N/A,#N/A,false,#N/A,#N/A,false,#N/A,#N/A,#N/A,#N/A,Prodly,#N/A,#N/A,false,false,#N/A
ef0b6496-3f8a-4b73-a8f1-d97e333f1ba0,e612b72c-01f9-4c49-a2bc-e0582274b24b,Siegfried,Marika,#N/A,#N/A,#N/A,#N/A,#N/A,#N/A,#N/A,#N/A,#N/A,24 Willie Mays Plaza,San Francisco,CA,94107,USA,#N/A,#N/A,#N/A,(502) 259-4392,#N/A,#N/A,#N/A,#N/A,#N/A,jjoannow@prodly.co.invalid,Chief Human Resources Officer,#N/A,#N/A,#N/A,#N/A,#N/A,false,#N/A,#N/A,#N/A,#N/A,false,#N/A,#N/A,false,#N/A,#N/A,#N/A,#N/A,Prodly,#N/A,#N/A,false,false,#N/A
f07dfdf0-4bc1-4fe8-99dc-cf2d3741d7e4,dc879b26-eef5-4a42-9f54-2f6391bb5444,Perry,Georgena,#N/A,#N/A,#N/A,#N/A,2347,#N/A,#N/A,#N/A,#N/A,32 Railway Street,CARODA,NSW,#N/A,Australia,#N/A,#N/A,#N/A,(03) 5338 3962,#N/A,#N/A,#N/A,#N/A,#N/A,jjoannow@prodly.co.invalid,CEO,#N/A,#N/A,#N/A,#N/A,#N/A,false,#N/A,#N/A,#N/A,#N/A,false,#N/A,#N/A,false,#N/A,#N/A,#N/A,#N/A,Prodly,#N/A,#N/A,false,false,#N/A
ddfa1a3b-29b4-46c7-ba7b-56e2c7208b37,a68e7eb7-7624-4b12-851c-d0163e8e9347,Cecilio,Darci,#N/A,#N/A,#N/A,#N/A,#N/A,#N/A,#N/A,#N/A,#N/A,#N/A,#N/A,#N/A,#N/A,#N/A,#N/A,#N/A,#N/A,(406) 966-5235,#N/A,#N/A,#N/A,#N/A,#N/A,jjoannow@prodly.co.invalid,CFO,#N/A,#N/A,#N/A,#N/A,#N/A,false,#N/A,#N/A,#N/A,#N/A,false,#N/A,#N/A,false,#N/A,#N/A,#N/A,#N/A,Prodly,#N/A,#N/A,false,false,#N/A
139bb980-e768-4c92-9505-8d01c9afcf3a,58fcb992-01d9-44fc-af97-1bdec9cada6b,Lyell,Juliana,#N/A,#N/A,#N/A,#N/A,3293,#N/A,#N/A,#N/A,#N/A,88 Bailey Street,GLENTHOMPSON,VIC,#N/A,Australia,#N/A,#N/A,#N/A,(03) 5338 3910,#N/A,#N/A,#N/A,#N/A,#N/A,jjoannow@prodly.co.invalid,SVP,#N/A,#N/A,#N/A,#N/A,#N/A,false,#N/A,#N/A,#N/A,#N/A,false,#N/A,#N/A,false,#N/A,#N/A,#N/A,#N/A,Prodly,#N/A,#N/A,false,false,#N/A
a8e97ee5-56c2-4176-951a-e74c3fba70aa,f47acd4b-be78-4e1b-b96e-4d36c14f2b94,Linc,Fay,#N/A,#N/A,Houston,#N/A,#N/A,#N/A,#N/A,#N/A,#N/A,6051 Northridge Park,#N/A,TX,77240,USA,#N/A,#N/A,#N/A,#N/A,#N/A,#N/A,#N/A,#N/A,#N/A,jjoannow@prodly.co.invalid,#N/A,#N/A,#N/A,#N/A,#N/A,#N/A,false,#N/A,#N/A,#N/A,#N/A,false,#N/A,#N/A,false,#N/A,#N/A,#N/A,#N/A,Prodly,#N/A,#N/A,false,false,#N/A
28c44b98-ab1e-4a25-9741-8c2f234ed6a3,ac9c4e8e-74d2-479d-a6d3-c094f85ec0e1,Ches,Annamarie,#N/A,#N/A,Carson City,#N/A,#N/A,#N/A,#N/A,#N/A,#N/A,4 Weeping Birch Crossing,#N/A,NV,89714,USA,#N/A,#N/A,#N/A,#N/A,#N/A,#N/A,#N/A,#N/A,#N/A,jjoannow@prodly.co.invalid,#N/A,#N/A,#N/A,#N/A,#N/A,#N/A,false,#N/A,#N/A,#N/A,#N/A,false,#N/A,#N/A,false,#N/A,#N/A,#N/A,#N/A,Prodly,#N/A,#N/A,false,false,#N/A
03922a38-c8a0-4f6a-b903-40b8078de8fe,4dffeb4d-d4f6-464c-9b57-cda36636f156,Virgil,Tania,#N/A,#N/A,#N/A,#N/A,#N/A,#N/A,#N/A,#N/A,#N/A,333 West 35th Street,Chicago,IL,60616,USA,#N/A,#N/A,#N/A,(690) 662-1505,#N/A,#N/A,#N/A,#N/A,#N/A,jjoannow@prodly.co.invalid,SVP General Counsel and Secretary,#N/A,#N/A,#N/A,#N/A,"David Zapolsky joined Amazon.com in November 1999 as Associate General Counsel for Litigation and Regulatory matters and was promoted to Vice President in April 2002. He became Vice President, General Counsel and Secretary in September 2012, overseeing the company’s legal, policy, compliance, and regulatory affairs, and Senior Vice President, General Counsel and Secretary in May 2014.",false,#N/A,#N/A,#N/A,#N/A,false,#N/A,#N/A,false,#N/A,#N/A,#N/A,#N/A,Prodly,#N/A,#N/A,false,false,#N/A
6bcd4c31-e2d7-42f2-a8bb-11ae784f6bd6,79885fd4-1421-42ea-a120-91ac20fcb953,Ransell,Mariann,#N/A,#N/A,#N/A,#N/A,2347,#N/A,#N/A,#N/A,#N/A,88 Bailey Street,CARODA,NSW,#N/A,Australia,#N/A,#N/A,#N/A,(03) 5338 4006,#N/A,#N/A,#N/A,#N/A,#N/A,jjoannow@prodly.co.invalid,SVP,#N/A,#N/A,#N/A,#N/A,#N/A,false,#N/A,#N/A,#N/A,#N/A,false,#N/A,#N/A,false,#N/A,#N/A,#N/A,#N/A,Prodly,#N/A,#N/A,false,false,#N/A
b01e17cf-faa7-4015-8029-7711804d7d6b,01344150-6523-4ab5-a6bd-5f4f4994885f,Robinet,Kitty,#N/A,#N/A,#N/A,#N/A,#N/A,#N/A,#N/A,#N/A,#N/A,#N/A,#N/A,#N/A,#N/A,#N/A,#N/A,#N/A,#N/A,202-555-0116,#N/A,#N/A,#N/A,#N/A,#N/A,jjoannow@prodly.co.invalid,CFO,#N/A,#N/A,#N/A,#N/A,#N/A,false,#N/A,#N/A,#N/A,#N/A,false,#N/A,#N/A,false,#N/A,#N/A,#N/A,#N/A,Prodly,#N/A,#N/A,false,false,#N/A
309bbc6a-5e04-4b88-9626-102a495383f2,38bf9300-9c15-4194-be3f-40a09810853a,Ephrem,Pearl,#N/A,#N/A,#N/A,#N/A,#N/A,#N/A,#N/A,#N/A,#N/A,#N/A,#N/A,#N/A,#N/A,#N/A,#N/A,#N/A,#N/A,(452) 563-0143,#N/A,#N/A,#N/A,#N/A,#N/A,jjoannow@prodly.co.invalid,CEO,#N/A,#N/A,#N/A,#N/A,"Chuck Robbins is the Chief Executive Officer of Cisco and a member of its Board of Directors. He assumed the role on July 26, 2015.",false,#N/A,#N/A,#N/A,#N/A,false,#N/A,#N/A,false,#N/A,#N/A,#N/A,#N/A,Prodly,#N/A,#N/A,false,false,#N/A
9a6b09dd-25a0-4750-b6a2-aed4f58d5563,37afb168-f0e8-423a-a651-bf9649ca6220,Ebeneser,Sadye,#N/A,#N/A,#N/A,#N/A,#N/A,#N/A,#N/A,#N/A,#N/A,1 AT&T Way,Arlington,TX,76011,USA,#N/A,#N/A,#N/A,(437) 738-8912,#N/A,#N/A,#N/A,#N/A,#N/A,jjoannow@prodly.co.invalid,"EVP, General Counsel and Secretary",#N/A,#N/A,#N/A,#N/A,"Mr. William H. McDavid has been an Executive Vice President, General Counsel and Corporate Secretary at Federal Home Loan Mortgage Corporation since July 16, 2012. In the role as Principal Legal Counsel to Freddie Mac, Mr. McDavid has oversight and management responsibility for all legal and regulatory strategies, services and resources and corporate governance matters.",false,#N/A,#N/A,#N/A,#N/A,false,#N/A,#N/A,false,#N/A,#N/A,#N/A,#N/A,Prodly,#N/A,#N/A,false,false,#N/A
87012303-decc-4a43-87a5-eedadb011c6e,5463fefd-cbbe-4302-b187-6f06ed87166a,Louis,Constancia,#N/A,#N/A,#N/A,#N/A,#N/A,#N/A,#N/A,#N/A,#N/A,#N/A,#N/A,#N/A,#N/A,#N/A,#N/A,#N/A,#N/A,202-555-0103,#N/A,#N/A,#N/A,#N/A,#N/A,jjoannow@prodly.co.invalid,SVP - Global Marketing,#N/A,#N/A,#N/A,#N/A,#N/A,false,#N/A,#N/A,#N/A,#N/A,false,#N/A,#N/A,false,#N/A,#N/A,#N/A,#N/A,Prodly,#N/A,#N/A,false,false,#N/A
d94984cf-b854-415e-bb71-616123c2122c,0b1a2991-fee3-4caa-928a-de5c51300fd4,Archibald,Melisenda,#N/A,#N/A,#N/A,#N/A,#N/A,#N/A,#N/A,#N/A,#N/A,1 Met Life Stadium Drive,East Rutherford,NJ,7073,USA,#N/A,#N/A,#N/A,(893) 971-3458,#N/A,#N/A,#N/A,#N/A,#N/A,jjoannow@prodly.co.invalid,CEO,#N/A,#N/A,#N/A,#N/A,"Background: Chairman and Chief Executive Officer (2015 to present); President and Chief Executive Officer (2012-2015); President and Chief Executive Officer of Carlson, Inc., a worldwide hospitality and travel company (2008-2012); President and Chief Executive Officer of Carlson Wagonlit Travel, a business travel management company (2004-2008); senior executive positions with Vivendi Universal, a global media and telecommunications company (1999-2004).",false,#N/A,#N/A,#N/A,#N/A,false,#N/A,#N/A,false,#N/A,#N/A,#N/A,#N/A,Prodly,#N/A,#N/A,false,false,#N/A
f15713e7-045c-463f-8630-b9231d183a7b,e555c464-726d-429a-b793-02b41a502538,Cass,Denny,#N/A,#N/A,#N/A,#N/A,#N/A,#N/A,#N/A,#N/A,#N/A,14 Ross Road,Marple,#N/A,SK6 4HJ,UK,#N/A,#N/A,#N/A,88 0017 4455,#N/A,#N/A,#N/A,#N/A,#N/A,jjoannow@prodly.co.invalid,CEO,#N/A,#N/A,#N/A,#N/A,#N/A,false,#N/A,#N/A,#N/A,#N/A,false,#N/A,#N/A,false,#N/A,#N/A,#N/A,#N/A,Prodly,#N/A,#N/A,false,false,#N/A
d08c9261-ff77-4d1b-9b10-766e1e280490,83dc89fc-8868-49a6-8638-db4d191b4c50,Wilbert,Hali,#N/A,#N/A,#N/A,#N/A,#N/A,#N/A,#N/A,#N/A,#N/A,#N/A,#N/A,#N/A,#N/A,#N/A,#N/A,#N/A,#N/A,+33 0 1 42 14 20 00,#N/A,#N/A,#N/A,#N/A,#N/A,jjoannow@prodly.co.invalid,CEO,#N/A,#N/A,#N/A,#N/A,#N/A,false,#N/A,#N/A,#N/A,#N/A,false,#N/A,#N/A,false,#N/A,#N/A,#N/A,#N/A,Prodly,#N/A,#N/A,false,false,#N/A
4ed722e3-eab3-48ea-a9c8-0b54554b967a,9012b860-a22c-4bc3-8153-993c20d04218,Hagan,Elbertine,#N/A,54 McLaren Street,North Sydney,NSW,2060,Australia,#N/A,#N/A,#N/A,54 McLaren Street,North Sydney,NSW,2060,Australia,#N/A,#N/A,#N/A,(02) 6052 6150,(02) 6052 6150,0429 888 809,#N/A,#N/A,(02) 6052 6150,jjoannow@prodly.co.invalid,"VP, Consulting",Operations,#N/A,#N/A,#N/A,#N/A,false,#N/A,#N/A,#N/A,#N/A,false,#N/A,#N/A,false,#N/A,#N/A,#N/A,#N/A,Prodly,#N/A,#N/A,false,false,#N/A
856aca84-4d52-4300-8da4-85dbcfd5e710,710fe2fe-521a-4718-bd07-70d4ff925556,Cammy,Audrie,#N/A,#N/A,#N/A,#N/A,2347,#N/A,#N/A,#N/A,#N/A,26 Dalgarno Street,CARODA,NSW,#N/A,Australia,#N/A,#N/A,#N/A,(03) 5338 4059,#N/A,#N/A,#N/A,#N/A,#N/A,jjoannow@prodly.co.invalid,CFO,#N/A,#N/A,#N/A,#N/A,#N/A,false,#N/A,#N/A,#N/A,#N/A,false,#N/A,#N/A,false,#N/A,#N/A,#N/A,#N/A,Prodly,#N/A,#N/A,false,false,#N/A
3f743ec1-9b9b-405a-b33d-a42fb9ea9f29,c9da821e-eb47-4e5f-ab4b-2d75ca27137b,Louis,Jocelyn,#N/A,#N/A,#N/A,#N/A,#N/A,#N/A,#N/A,#N/A,#N/A,#N/A,#N/A,#N/A,#N/A,#N/A,#N/A,#N/A,#N/A,(553) 589-9669,#N/A,#N/A,#N/A,#N/A,#N/A,jjoannow@prodly.co.invalid,COO,#N/A,#N/A,#N/A,#N/A,"John Mulligan is executive vice president and chief operating officer for Target and a member of its executive leadership team. His responsibilities include stores, Target’s global supply chain, merchandising operations, properties and flight services.",false,#N/A,#N/A,#N/A,#N/A,false,#N/A,#N/A,false,#N/A,#N/A,#N/A,#N/A,Prodly,#N/A,#N/A,false,false,#N/A
bf8ac12b-dd14-466a-8282-196edc5b53af,63488cc8-bb96-4b19-a250-1e86771ba2d6,Northrop,Kania,#N/A,#N/A,#N/A,#N/A,#N/A,#N/A,#N/A,#N/A,#N/A,#N/A,#N/A,#N/A,#N/A,#N/A,#N/A,#N/A,#N/A,(417)579-6040,#N/A,#N/A,#N/A,#N/A,#N/A,jjoannow@prodly.co.invalid,COO,#N/A,#N/A,#N/A,#N/A,#N/A,false,#N/A,#N/A,#N/A,#N/A,false,#N/A,#N/A,false,#N/A,#N/A,#N/A,#N/A,Prodly,#N/A,#N/A,false,false,#N/A
4ffd5d9e-4bde-415e-a111-ebf44bd8f63f,63a2522c-da85-4079-a621-fd46a49cd78b,Sam,Karalee,#N/A,#N/A,#N/A,#N/A,#N/A,#N/A,#N/A,#N/A,#N/A,#N/A,#N/A,#N/A,#N/A,#N/A,#N/A,#N/A,#N/A,(803) 709-7634,#N/A,#N/A,#N/A,#N/A,#N/A,jjoannow@prodly.co.invalid,CEO - International and Global Marketing Officer,#N/A,#N/A,#N/A,#N/A,"As CEO – AT&T International, Lee leads the strategy, marketing, and operations of providing mobile services to more than 13 million consumers and businesses in Mexico and pay-TV services to more than 13 million subscribers across 11 countries and territories in Latin America and the Caribbean.",false,#N/A,#N/A,#N/A,#N/A,false,#N/A,#N/A,false,#N/A,#N/A,#N/A,#N/A,Prodly,#N/A,#N/A,false,false,#N/A
e2b707a9-45f8-4269-9a27-fdee4d53c8cf,96f71fc6-a2ff-454d-a3ed-d3b3813f52f9,Ban,Giselle,#N/A,#N/A,#N/A,#N/A,#N/A,#N/A,#N/A,#N/A,#N/A,#N/A,#N/A,#N/A,#N/A,#N/A,#N/A,#N/A,#N/A,+81 725 925939,#N/A,#N/A,#N/A,#N/A,#N/A,jjoannow@prodly.co.invalid,"Vice President, IT",#N/A,#N/A,#N/A,#N/A,#N/A,false,#N/A,#N/A,#N/A,#N/A,false,#N/A,#N/A,false,#N/A,#N/A,#N/A,#N/A,Prodly,#N/A,#N/A,false,false,#N/A
ea813f35-4e23-4f91-8361-eee21a64ed5e,65c49a71-2fcd-438b-9c70-afeb68e149a2,Riccardo,Jeannette,#N/A,#N/A,#N/A,#N/A,#N/A,#N/A,#N/A,#N/A,#N/A,#N/A,#N/A,#N/A,#N/A,#N/A,#N/A,#N/A,#N/A,(685) 472-0008,#N/A,#N/A,#N/A,#N/A,#N/A,jjoannow@prodly.co.invalid,Chief Legal Officer,#N/A,#N/A,#N/A,#N/A,"Mark Howard is executive vice president and chief legal officer for Nationwide. In this role, he leads the company’s trial, legal, government relations, compliance, corporate citizenship, and corporate governance functions.",false,#N/A,#N/A,#N/A,#N/A,false,#N/A,#N/A,false,#N/A,#N/A,#N/A,#N/A,Prodly,#N/A,#N/A,false,false,#N/A
040dee9f-9a20-4541-ae54-46bf24a46b35,8ebefa0e-6518-4f34-8143-deed57b50916,Bryce,Catherin,#N/A,#N/A,#N/A,#N/A,#N/A,#N/A,#N/A,#N/A,#N/A,100 Art Rooney Avenue,Pittsburgh,PA,15212,USA,#N/A,#N/A,#N/A,(228) 983-3203,#N/A,#N/A,#N/A,#N/A,#N/A,jjoannow@prodly.co.invalid,"SVP, Marketing",#N/A,#N/A,#N/A,#N/A,"Michael Morrison is Senior Vice President, Marketing for Andeavor. Mr. Morrison joined Andeavor in 2016, bringing more than 30 years of experience in the downstream business to his role.",false,#N/A,#N/A,#N/A,#N/A,false,#N/A,#N/A,false,#N/A,#N/A,#N/A,#N/A,Prodly,#N/A,#N/A,false,false,#N/A
5c8b4732-0612-438a-824e-fab7dc8fe2b9,d25f9e87-c125-482b-93bb-ce34d731180f,Joshuah,Bekki,#N/A,#N/A,#N/A,#N/A,#N/A,#N/A,#N/A,#N/A,#N/A,2001 Blake Street,Denver,CO,80205,USA,#N/A,#N/A,#N/A,(436) 105-2913,#N/A,#N/A,#N/A,#N/A,#N/A,jjoannow@prodly.co.invalid,CEO,#N/A,#N/A,#N/A,#N/A,"Allen was named President and Chief Executive Officer in August 2009. He was appointed President and Chief Operating Officer of the company and a member of the Deere & Company Board of Directors in June 2009. Previously, he served as President, Worldwide Construction & Forestry Division and was responsible for the global operations of John Deere Power Systems. He was also responsible for Deere's intelligent mobile equipment technologies and for Deere's advanced technology and engineering. He has served as a senior officer of the company since 2001, with additional responsibilities in human resources, industrial relations, and John Deere Credit's global operations.",false,#N/A,#N/A,#N/A,#N/A,false,#N/A,#N/A,false,#N/A,#N/A,#N/A,#N/A,Prodly,#N/A,#N/A,false,false,#N/A
c21a1f21-bf0c-47a3-afa5-2d2465a11337,2aaa3f1b-0810-40c9-a48e-691cc50d9dac,Wylie,Jeana,#N/A,#N/A,#N/A,#N/A,#N/A,#N/A,#N/A,#N/A,#N/A,#N/A,#N/A,#N/A,#N/A,#N/A,#N/A,#N/A,#N/A,(402)952-5054,#N/A,#N/A,#N/A,#N/A,#N/A,jjoannow@prodly.co.invalid,COO,#N/A,#N/A,#N/A,#N/A,#N/A,false,#N/A,#N/A,#N/A,#N/A,false,#N/A,#N/A,false,#N/A,#N/A,#N/A,#N/A,Prodly,#N/A,#N/A,false,false,#N/A
de318a94-bb58-41b1-b295-a98c59385a0a,6320c506-ff02-4baf-8f16-c6a8a19f8565,Innis,Eada,#N/A,347-359 Milperra Road,Bankstown Airport,NSW,2041,Australia,#N/A,#N/A,#N/A,347-359 Milperra Road,Bankstown Airport,NSW,2041,Australia,#N/A,#N/A,#N/A,(02) 8975 6304,(02) 8975 6304,0420 299 648,#N/A,#N/A,(02) 8975 6304,jjoannow@prodly.co.invalid,"Director, Customer Service",Operations,#N/A,#N/A,#N/A,#N/A,false,#N/A,#N/A,#N/A,#N/A,false,#N/A,#N/A,false,#N/A,#N/A,#N/A,#N/A,Prodly,#N/A,#N/A,false,false,#N/A
d7d104c3-0692-41ca-91a6-8be25858c61d,9cc34213-1502-44f3-8ed1-609b175b2f72,Kristopher,Raynell,#N/A,#N/A,#N/A,#N/A,3293,#N/A,#N/A,#N/A,#N/A,32 Railway Street,GLENTHOMPSON,VIC,#N/A,Australia,#N/A,#N/A,#N/A,(03) 5338 4022,#N/A,#N/A,#N/A,#N/A,#N/A,jjoannow@prodly.co.invalid,CEO,#N/A,#N/A,#N/A,#N/A,#N/A,false,#N/A,#N/A,#N/A,#N/A,false,#N/A,#N/A,false,#N/A,#N/A,#N/A,#N/A,Prodly,#N/A,#N/A,false,false,#N/A
bc19a266-08a7-4d3b-8b6b-bfe7c14a50c3,a0f757d5-43be-4aa2-955d-23e04ae22f35,Milo,Bess,#N/A,57 Clifton Dr,Bacchus Marsh,VIC,3340,Australia,#N/A,#N/A,#N/A,57 Clifton Dr,Bacchus Marsh,VIC,3340,Australia,#N/A,#N/A,#N/A,(03) 6329 8385,(03) 6329 8385,0427 173 220,#N/A,#N/A,(03) 6329 8385,jjoannow@prodly.co.invalid,"VP, Purchasing",Finance,#N/A,#N/A,#N/A,#N/A,false,#N/A,#N/A,#N/A,#N/A,false,#N/A,#N/A,false,#N/A,#N/A,#N/A,#N/A,Prodly,#N/A,#N/A,false,false,#N/A
22378e54-402e-4321-a488-043bd4887949,269f82ea-422b-48a2-bc48-586d44eca005,Jermain,Bridgette,#N/A,#N/A,#N/A,#N/A,#N/A,#N/A,#N/A,#N/A,#N/A,14 Ross Road,Marple,#N/A,SK6 4HJ,UK,#N/A,#N/A,#N/A,84 0017 4455,#N/A,#N/A,#N/A,#N/A,#N/A,jjoannow@prodly.co.invalid,CEO,#N/A,#N/A,#N/A,#N/A,#N/A,false,#N/A,#N/A,#N/A,#N/A,false,#N/A,#N/A,false,#N/A,#N/A,#N/A,#N/A,Prodly,#N/A,#N/A,false,false,#N/A
c12cf163-1a96-40e3-b1cb-f6031a9e6966,3ece893c-ab24-42eb-a466-e7fc2e4faee5,Frans,Mikaela,#N/A,#N/A,#N/A,#N/A,#N/A,#N/A,#N/A,#N/A,#N/A,#N/A,#N/A,#N/A,#N/A,#N/A,#N/A,#N/A,#N/A,(741) 456-5110,#N/A,#N/A,#N/A,#N/A,#N/A,jjoannow@prodly.co.invalid,CFO,#N/A,#N/A,#N/A,#N/A,#N/A,false,#N/A,#N/A,#N/A,#N/A,false,#N/A,#N/A,false,#N/A,#N/A,#N/A,#N/A,Prodly,#N/A,#N/A,false,false,#N/A
e93608cf-185d-4fc1-b11b-f4a4fd352816,52aa2d52-b22b-4d4d-b272-e956119dd30c,Carl,Grete,#N/A,#N/A,#N/A,#N/A,2454,#N/A,#N/A,#N/A,#N/A,32 Railway Street,KALANG,NSW,#N/A,Australia,#N/A,#N/A,#N/A,(03) 5338 4067,#N/A,#N/A,#N/A,#N/A,#N/A,jjoannow@prodly.co.invalid,CEO,#N/A,#N/A,#N/A,#N/A,#N/A,false,#N/A,#N/A,#N/A,#N/A,false,#N/A,#N/A,false,#N/A,#N/A,#N/A,#N/A,Prodly,#N/A,#N/A,false,false,#N/A
75d39993-eca2-4e89-9cf5-85e65dae615a,20c03afe-1d26-4cb2-af84-c989196cf6ab,Benioff,Marc,Mr.,"The Landmark @ One Market, Suite 300",San Francisco,CA,94105,USA,#N/A,#N/A,#N/A,"The Landmark @ One Market, Suite 300",San Francisco,CA,94105,USA,#N/A,#N/A,#N/A,(415) 901-7000,(415) 901-7040,#N/A,#N/A,#N/A,#N/A,jjoannow@prodly.co.invalid,Executive Officer,#N/A,#N/A,#N/A,#N/A,"Marc R. Benioff is chairman and CEO of salesforce.com. He founded the company in March 1999 with the idea to create an information utility that would make traditional enterprise software technology and business models obsolete. A veteran of 25 years in the software industry, he is now regarded as a pioneer of ""The End Of Software,"" demonstrating how on-demand applications can replace traditional software to deliver immediate benefit at reduced risk. In May 2003, Benioff was appointed by President George W. Bush as co-chair of the President's Information Technology Advisory Committee (PITAC), a bi-partisan organization of business leaders and academics charged to advise The President on how to maintain the United States' preeminent position in information technology.",false,#N/A,#N/A,#N/A,#N/A,false,#N/A,#N/A,false,#N/A,#N/A,#N/A,#N/A,#N/A,#N/A,#N/A,false,false,#N/A
a2b1bacd-570d-4903-9d6c-d02ec1b945c8,1bac11c4-df72-4d6a-8148-7c89a264a601,Morgen,Darlene,Ms.,#N/A,#N/A,#N/A,#N/A,#N/A,#N/A,#N/A,#N/A,3401 E Bromley Ln,Brighton,Colorado,80601,USA,#N/A,#N/A,#N/A,(719) 568-9547,#N/A,#N/A,#N/A,#N/A,#N/A,jjoannow@prodly.co.invalid,Client,#N/A,#N/A,#N/A,1991-05-03,#N/A,false,#N/A,#N/A,#N/A,#N/A,false,#N/A,#N/A,false,#N/A,#N/A,#N/A,#N/A,Prodly,#N/A,#N/A,false,false,#N/A
55bd1a36-6717-4604-98a0-d1b6817a6d63,4dffeb4d-d4f6-464c-9b57-cda36636f156,Grenville,Rowena,#N/A,#N/A,#N/A,#N/A,#N/A,#N/A,#N/A,#N/A,#N/A,#N/A,#N/A,#N/A,#N/A,#N/A,#N/A,#N/A,#N/A,(525) 695-8965,#N/A,#N/A,#N/A,#N/A,#N/A,jjoannow@prodly.co.invalid,COO,#N/A,#N/A,#N/A,#N/A,#N/A,false,#N/A,#N/A,#N/A,#N/A,false,#N/A,#N/A,false,#N/A,#N/A,#N/A,#N/A,Prodly,#N/A,#N/A,false,false,#N/A
204d9ec1-beb5-44e0-af3a-b45a5746702a,b18f2036-f373-4189-a9f3-2227c8ef8b7c,OldLastName,Acme,#N/A,#N/A,#N/A,#N/A,#N/A,#N/A,#N/A,#N/A,#N/A,#N/A,#N/A,#N/A,#N/A,#N/A,#N/A,#N/A,#N/A,7193039700,#N/A,#N/A,#N/A,#N/A,#N/A,aog@acme.co.invalid,#N/A,#N/A,#N/A,#N/A,#N/A,#N/A,false,#N/A,#N/A,#N/A,#N/A,false,#N/A,#N/A,false,#N/A,#N/A,#N/A,#N/A,Prodly Demo TSO,#N/A,#N/A,false,false,A
ee59bfa2-b6fd-4352-a158-cf03865ebd69,e5fcb320-af81-4efe-85d9-643034e2d899,Elnar,Anni,#N/A,#N/A,#N/A,#N/A,#N/A,#N/A,#N/A,#N/A,#N/A,14 Ross Road,Marple,#N/A,SK6 4HJ,UK,#N/A,#N/A,#N/A,79 0017 4455,#N/A,#N/A,#N/A,#N/A,#N/A,jjoannow@prodly.co.invalid,CEO,#N/A,#N/A,#N/A,#N/A,#N/A,false,#N/A,#N/A,#N/A,#N/A,false,#N/A,#N/A,false,#N/A,#N/A,#N/A,#N/A,Prodly,#N/A,#N/A,false,false,#N/A
3455b661-3246-490b-86ce-48b5203d04eb,b491c743-48bf-492e-b0a6-6e7d3d442969,Amery,Shandy,#N/A,#N/A,#N/A,#N/A,#N/A,#N/A,#N/A,#N/A,#N/A,#N/A,#N/A,#N/A,#N/A,#N/A,#N/A,#N/A,#N/A,(699) 549-2460,#N/A,#N/A,#N/A,#N/A,#N/A,jjoannow@prodly.co.invalid,CEO,#N/A,#N/A,#N/A,#N/A,"Sean M. O'Connor joined the company in October 2002 as Chief Executive Officer and was appointed as President in October 2015. In December 2002, he was elected to the Board of Directors. From 1994 until 2002, Mr. O'Connor was Chief Executive Officer of Standard New York Securities, a division of Standard Bank.",false,#N/A,#N/A,#N/A,#N/A,false,#N/A,#N/A,false,#N/A,#N/A,#N/A,#N/A,Prodly,#N/A,#N/A,false,false,#N/A
041a4aa3-8b2b-448e-9a3f-cc2e43d7ae07,96f71fc6-a2ff-454d-a3ed-d3b3813f52f9,Shepperd,Bibbie,#N/A,#N/A,#N/A,#N/A,#N/A,#N/A,#N/A,#N/A,#N/A,#N/A,#N/A,#N/A,#N/A,#N/A,#N/A,#N/A,#N/A,+81 725 925939,#N/A,#N/A,#N/A,#N/A,#N/A,jjoannow@prodly.co.invalid,COO,#N/A,#N/A,#N/A,1979-08-24,#N/A,false,#N/A,#N/A,#N/A,#N/A,false,#N/A,#N/A,false,#N/A,#N/A,#N/A,#N/A,Prodly,#N/A,#N/A,false,false,#N/A
4c332c03-e6b8-4b84-9589-4b9f874d1583,24ae2c90-1f81-4419-94a5-ea1dc5431a2b,Pattin,Seana,#N/A,#N/A,#N/A,#N/A,2454,#N/A,#N/A,#N/A,#N/A,26 Dalgarno Street,KALANG,NSW,#N/A,Australia,#N/A,#N/A,#N/A,(03) 5338 3984,#N/A,#N/A,#N/A,#N/A,#N/A,jjoannow@prodly.co.invalid,CFO,#N/A,#N/A,#N/A,#N/A,#N/A,false,#N/A,#N/A,#N/A,#N/A,false,#N/A,#N/A,false,#N/A,#N/A,#N/A,#N/A,Prodly,#N/A,#N/A,false,false,#N/A
09da616f-e203-4c63-b949-1c69bc0f9b52,ad8f7837-d32f-413c-b3c4-b90bb36895cc,Flynn,Clarey,#N/A,#N/A,#N/A,#N/A,#N/A,#N/A,#N/A,#N/A,#N/A,#N/A,#N/A,#N/A,#N/A,#N/A,#N/A,#N/A,#N/A,(514) 388-6168,#N/A,#N/A,#N/A,#N/A,#N/A,jjoannow@prodly.co.invalid,CEO,#N/A,#N/A,#N/A,#N/A,"Tim Cook is the CEO of Apple and serves on its Board of Directors. Before being named CEO in August 2011, Tim was Apple’s Chief Operating Officer and was responsible for all of the company’s worldwide sales and operations, including end-to-end management of Apple’s supply chain, sales activities, and service and support in all markets and countries. He also headed Apple’s Macintosh division and played a key role in the continued development of strategic reseller and supplier relationships, ensuring flexibility in response to an increasingly demanding marketplace.",false,#N/A,#N/A,#N/A,#N/A,false,#N/A,#N/A,false,#N/A,#N/A,#N/A,#N/A,Prodly,#N/A,#N/A,false,false,#N/A
67b17daf-e17a-4392-b4da-fddbfbf164e0,e612b72c-01f9-4c49-a2bc-e0582274b24b,Urbano,Katrina,#N/A,#N/A,#N/A,#N/A,#N/A,#N/A,#N/A,#N/A,#N/A,24 Willie Mays Plaza,San Francisco,CA,94107,USA,#N/A,#N/A,#N/A,(560) 700-3572,#N/A,#N/A,#N/A,#N/A,#N/A,jjoannow@prodly.co.invalid,Chief Legal Officer,#N/A,#N/A,#N/A,#N/A,#N/A,false,#N/A,#N/A,#N/A,#N/A,false,#N/A,#N/A,false,#N/A,#N/A,#N/A,#N/A,Prodly,#N/A,#N/A,false,false,#N/A
adcc24af-2e41-452c-b650-3d19a922ca46,c0d8f6b6-44a7-40f9-a219-ddba28b10ecc,Brendan,Grazia,#N/A,#N/A,#N/A,#N/A,#N/A,#N/A,#N/A,#N/A,#N/A,#N/A,#N/A,#N/A,#N/A,#N/A,#N/A,#N/A,#N/A,(841) 618-5498,#N/A,#N/A,#N/A,#N/A,#N/A,jjoannow@prodly.co.invalid,CHRO,#N/A,#N/A,#N/A,1981-01-24,"For the last five years, Johnson has been a member of Textron’s executive leadership team, leading the company’s worldwide human resources function as well as corporate communications, corporate real estate, community affairs and the company's aviation department. Johnson’s 20-year career with Textron has included a number of human resources roles with increasing levels of responsibility within several of its businesses.",false,#N/A,#N/A,#N/A,#N/A,false,#N/A,#N/A,false,#N/A,#N/A,#N/A,#N/A,Prodly,#N/A,#N/A,false,false,#N/A
f5177c18-2bf4-4ad1-9332-c84878f7b09f,c7717326-09af-4348-b090-e4be2dac6029,Abey,Wynnie,#N/A,#N/A,#N/A,#N/A,#N/A,#N/A,#N/A,#N/A,#N/A,#N/A,#N/A,#N/A,#N/A,#N/A,#N/A,#N/A,#N/A,+44 20 5678 9900,#N/A,#N/A,#N/A,#N/A,#N/A,jjoannow@prodly.co.invalid,CIO,#N/A,#N/A,#N/A,#N/A,#N/A,false,#N/A,#N/A,#N/A,#N/A,false,#N/A,#N/A,false,#N/A,#N/A,#N/A,#N/A,Prodly,#N/A,#N/A,false,false,#N/A
1a095910-8118-4f19-876c-bebcbc67ee56,51b706db-46cb-4f9e-88c2-0ff80ad8062f,Cyrus,Trudey,#N/A,#N/A,#N/A,#N/A,2347,#N/A,#N/A,#N/A,#N/A,88 Bailey Street,CARODA,NSW,#N/A,Australia,#N/A,#N/A,#N/A,(03) 5338 4003,#N/A,#N/A,#N/A,#N/A,#N/A,jjoannow@prodly.co.invalid,SVP,#N/A,#N/A,#N/A,#N/A,#N/A,false,#N/A,#N/A,#N/A,#N/A,false,#N/A,#N/A,false,#N/A,#N/A,#N/A,#N/A,Prodly,#N/A,#N/A,false,false,#N/A
bbd74fef-67b4-4726-830a-ca15a7d9a164,24ae2c90-1f81-4419-94a5-ea1dc5431a2b,Kalvin,Lissie,#N/A,#N/A,#N/A,#N/A,3293,#N/A,#N/A,#N/A,#N/A,32 Railway Street,GLENTHOMPSON,VIC,#N/A,Australia,#N/A,#N/A,#N/A,(03) 5338 3983,#N/A,#N/A,#N/A,#N/A,#N/A,jjoannow@prodly.co.invalid,CEO,#N/A,#N/A,#N/A,#N/A,#N/A,false,#N/A,#N/A,#N/A,#N/A,false,#N/A,#N/A,false,#N/A,#N/A,#N/A,#N/A,Prodly,#N/A,#N/A,false,false,#N/A
80bc8f0c-667e-470a-9619-5ce5ce8606ca,aeb8d549-4aaf-45c9-bd83-ba0ccb3cce35,Townsend,Blondelle,#N/A,#N/A,#N/A,#N/A,#N/A,#N/A,#N/A,#N/A,#N/A,110 Bishopsgate,London,#N/A,EC2N 4AY,United Kingdom,#N/A,#N/A,#N/A,(735) 868-6124,#N/A,#N/A,#N/A,#N/A,#N/A,jjoannow@prodly.co.invalid,EVP and CCO,#N/A,#N/A,#N/A,1978-04-16,"D’Arcy F. Rudnay serves as Executive Vice President and Chief Communications Officer for Comcast Corporation. In this role, she reports to and serves as the communications counsel to the Chairman and CEO. She works closely with other members of the executive team and leads the management of the company’s brand, reputation and strategic communications activities across Comcast Corporation.",false,#N/A,#N/A,#N/A,#N/A,false,#N/A,#N/A,false,#N/A,#N/A,#N/A,#N/A,Prodly,#N/A,#N/A,false,false,#N/A
b5d1a61c-8257-469e-84e6-5c2dad6a6e8a,a83fe1c6-0c86-4ba1-8db3-9603508e114a,Tallie,Ginnie,#N/A,#N/A,#N/A,#N/A,#N/A,#N/A,#N/A,#N/A,#N/A,39 Crown Street,London,#N/A,SW6 0EP,UK,#N/A,#N/A,#N/A,88 6365 8742,#N/A,#N/A,#N/A,#N/A,#N/A,jjoannow@prodly.co.invalid,SVP,#N/A,#N/A,#N/A,#N/A,#N/A,false,#N/A,#N/A,#N/A,#N/A,false,#N/A,#N/A,false,#N/A,#N/A,#N/A,#N/A,Prodly,#N/A,#N/A,false,false,#N/A
3d88ea3c-a4fa-49bb-99e3-b75750a7f567,af8d1a59-ad75-4b1b-9818-efc4c2e19b8f,Maxy,Aleen,#N/A,#N/A,#N/A,#N/A,#N/A,#N/A,#N/A,#N/A,#N/A,1701 Bryant Street,Denver,CO,80204,USA,#N/A,#N/A,#N/A,(323) 574-0765,#N/A,#N/A,#N/A,#N/A,#N/A,jjoannow@prodly.co.invalid,EVP and President of Global Operations,#N/A,#N/A,#N/A,#N/A,"John Albert Elway Jr. (born June 28, 1960) is a former American football quarterback and current executive vice president of football operations and general manager of the Denver Broncos of the National Football League (NFL).

Elway played college football at Stanford and his entire 16-year professional career with the Denver Broncos. At the time of his retirement in early 1999, Elway recorded the most victories by a starting quarterback and statistically was the second most prolific passer in NFL history. He was also a prolific rusher of the ball, being one of only two players ever to score a rushing touchdown in four different Super Bowls (the other being Thurman Thomas) and the only quarterback to do so.[1][2",false,#N/A,#N/A,#N/A,#N/A,false,#N/A,#N/A,false,#N/A,#N/A,#N/A,#N/A,Prodly,#N/A,#N/A,false,false,#N/A
73db9076-7dcd-49ed-85c5-3c2d43b83edc,d06a901f-acfb-4ce5-8392-4058ad32485b,Alfie,Mellisa,#N/A,#N/A,#N/A,#N/A,#N/A,#N/A,#N/A,#N/A,#N/A,#N/A,#N/A,#N/A,#N/A,#N/A,#N/A,#N/A,#N/A,(312)659-4517,#N/A,#N/A,#N/A,#N/A,#N/A,jjoannow@prodly.co.invalid,CTO,#N/A,#N/A,#N/A,#N/A,#N/A,false,#N/A,#N/A,#N/A,#N/A,false,#N/A,#N/A,false,#N/A,#N/A,#N/A,#N/A,Prodly,#N/A,#N/A,false,false,#N/A
e075b531-9364-4165-b80e-9c9bc299ff17,9b63c39c-860e-49d1-b10c-555d25dca149,Bald,Lianne,#N/A,#N/A,#N/A,#N/A,#N/A,#N/A,#N/A,#N/A,#N/A,#N/A,#N/A,#N/A,#N/A,#N/A,#N/A,#N/A,#N/A,(259) 569-1856,#N/A,#N/A,#N/A,#N/A,#N/A,jjoannow@prodly.co.invalid,"EVP, Deputy General Counsel & Corporate Secretary",#N/A,#N/A,#N/A,#N/A,"Jessica L. Mayer is executive vice president, deputy general counsel & corporate secretary at Cardinal Health.",false,#N/A,#N/A,#N/A,#N/A,false,#N/A,#N/A,false,#N/A,#N/A,#N/A,#N/A,Prodly,#N/A,#N/A,false,false,#N/A
67e07c47-31a7-4cb7-bf0e-7c491bfe003d,e5fcb320-af81-4efe-85d9-643034e2d899,Dana,Alla,#N/A,#N/A,#N/A,#N/A,#N/A,#N/A,#N/A,#N/A,#N/A,39 Crown Street,London,#N/A,SW6 0EP,UK,#N/A,#N/A,#N/A,78 6365 8742,#N/A,#N/A,#N/A,#N/A,#N/A,jjoannow@prodly.co.invalid,SVP,#N/A,#N/A,#N/A,#N/A,#N/A,false,#N/A,#N/A,#N/A,#N/A,false,#N/A,#N/A,false,#N/A,#N/A,#N/A,#N/A,Prodly,#N/A,#N/A,false,false,#N/A
fc00d86f-f5f5-4d10-92f5-696b1ea41664,820ddc74-222e-4f6c-86b0-c2bb1fe06fcc,Filberto,Shara,#N/A,#N/A,#N/A,#N/A,3293,#N/A,#N/A,#N/A,#N/A,32 Railway Street,GLENTHOMPSON,VIC,#N/A,Australia,#N/A,#N/A,#N/A,(03) 5338 4016,#N/A,#N/A,#N/A,#N/A,#N/A,jjoannow@prodly.co.invalid,CEO,#N/A,#N/A,#N/A,#N/A,#N/A,false,#N/A,#N/A,#N/A,#N/A,false,#N/A,#N/A,false,#N/A,#N/A,#N/A,#N/A,Prodly,#N/A,#N/A,false,false,#N/A
192d5d79-1984-4b49-99ca-df4c75ddfaf1,7d260df7-02d6-4d22-8aef-ba7349f852ae,Heriberto,Lavinia,#N/A,#N/A,#N/A,#N/A,3293,#N/A,#N/A,#N/A,#N/A,88 Bailey Street,GLENTHOMPSON,VIC,#N/A,Australia,#N/A,#N/A,#N/A,(03) 5338 4024,#N/A,#N/A,#N/A,#N/A,#N/A,jjoannow@prodly.co.invalid,SVP,#N/A,#N/A,#N/A,#N/A,#N/A,false,#N/A,#N/A,#N/A,#N/A,false,#N/A,#N/A,false,#N/A,#N/A,#N/A,#N/A,Prodly,#N/A,#N/A,false,false,#N/A
b189d114-a815-4d99-a9a1-ea601ff616bb,366f30ac-06fa-4d07-bd6a-526f628d72f9,Hershel,Bernadina,#N/A,#N/A,#N/A,#N/A,#N/A,#N/A,#N/A,#N/A,#N/A,100 Park Boulevard,San Diego,CA,92101,USA,#N/A,#N/A,#N/A,(325) 346-9713,#N/A,#N/A,#N/A,#N/A,#N/A,jjoannow@prodly.co.invalid,CFO,#N/A,#N/A,#N/A,#N/A,"Shawn M. Guertin is Executive Vice President, Chief Financial Officer and Chief Enterprise Risk Officer of Aetna, a Fortune 50 diversified health care benefits company. Mr. Guertin is responsible for financial reporting, investor relations, mergers and acquisitions, treasury and capital planning, actuarial, risk management, tax, budgeting and planning, and procurement and real estate.",false,#N/A,#N/A,#N/A,#N/A,false,#N/A,#N/A,false,#N/A,#N/A,#N/A,#N/A,Prodly,#N/A,#N/A,false,false,#N/A
a455c8c7-4baa-45e0-8c37-7d766ba978a5,b31cc650-8ca5-4641-86fc-37d3bfcaac76,Codi,Kirsti,#N/A,#N/A,#N/A,#N/A,#N/A,#N/A,#N/A,#N/A,#N/A,1265 Lombardi Avenue,Green Bay,WI,54304,USA,#N/A,#N/A,#N/A,(929) 722-8396,#N/A,#N/A,#N/A,#N/A,#N/A,jjoannow@prodly.co.invalid,Director of Business Research,#N/A,#N/A,#N/A,#N/A,"Chris Wheat is the Director of Business Research for the JPMorgan Chase Institute. Prior to joining JPMCI, he served as the Director of Analytics at a financial technology startup, where he led the development of advanced analytics algorithms. He previously was an Assistant Professor at the MIT Sloan School of Management and at the Center for Urban Entrepreneurship and Economic Development at Rutgers Business School.",false,#N/A,#N/A,#N/A,#N/A,false,#N/A,#N/A,false,#N/A,#N/A,#N/A,#N/A,Prodly,#N/A,#N/A,false,false,#N/A
fd8ab42d-8213-4f8e-9f1a-6364a66908e0,3c66b37b-b0b5-47a9-bf58-0c9686d72d93,Hollis,Novelia,#N/A,#N/A,#N/A,#N/A,#N/A,#N/A,#N/A,#N/A,#N/A,#N/A,#N/A,#N/A,#N/A,#N/A,#N/A,#N/A,#N/A,(223) 112-7164,#N/A,#N/A,#N/A,#N/A,#N/A,jjoannow@prodly.co.invalid,President and CEO,#N/A,#N/A,#N/A,1982-02-24,#N/A,false,#N/A,#N/A,#N/A,#N/A,false,#N/A,#N/A,false,#N/A,#N/A,#N/A,#N/A,Prodly,#N/A,#N/A,false,false,#N/A
4b0cb05c-babf-4b5b-9349-bd16ef9dcddb,b09060e7-20a3-4d9f-9123-ffb1a3dfd34a,Gallagher,Loralyn,#N/A,#N/A,#N/A,#N/A,#N/A,#N/A,#N/A,#N/A,#N/A,1701 Bryant Street,Denver,CO,80204,USA,#N/A,#N/A,#N/A,(816) 380-9517,#N/A,#N/A,#N/A,#N/A,#N/A,jjoannow@prodly.co.invalid,CEO,#N/A,#N/A,#N/A,1982-06-13,"Chairman and Chief Executive Officer since January 1, 2013. President and Chief Operating Officer from May 2012 through December 2012. Executive Vice President, Marine Systems, from May 2010 to May 2012. Senior Vice President, Planning and Development, from 2005 to May 2010. Vice President, Strategic Planning from 2002 to 2005. Ms. Novakovic currently serves as a director of Abbott Laboratories.",false,#N/A,#N/A,#N/A,#N/A,false,#N/A,#N/A,false,#N/A,#N/A,#N/A,#N/A,Prodly,#N/A,#N/A,false,false,#N/A
1cfaed67-7b9a-4332-9be0-b4b10d8d871a,24c37fae-9e9b-4767-a679-98a2d77ecdba,Jerrie,Brook,#N/A,#N/A,#N/A,#N/A,3293,#N/A,#N/A,#N/A,#N/A,88 Bailey Street,GLENTHOMPSON,VIC,#N/A,Australia,#N/A,#N/A,#N/A,(03) 5338 4060,#N/A,#N/A,#N/A,#N/A,#N/A,jjoannow@prodly.co.invalid,SVP,#N/A,#N/A,#N/A,#N/A,#N/A,false,#N/A,#N/A,#N/A,#N/A,false,#N/A,#N/A,false,#N/A,#N/A,#N/A,#N/A,Prodly,#N/A,#N/A,false,false,#N/A
480ac07f-9162-404b-86bd-ba76b93234b4,65c49a71-2fcd-438b-9c70-afeb68e149a2,Kenn,Faith,#N/A,#N/A,#N/A,#N/A,#N/A,#N/A,#N/A,#N/A,#N/A,#N/A,#N/A,#N/A,#N/A,#N/A,#N/A,#N/A,#N/A,(887) 302-4392,#N/A,#N/A,#N/A,#N/A,#N/A,jjoannow@prodly.co.invalid,CFO,#N/A,#N/A,#N/A,1980-03-24,"Mark Thresher is executive vice president, chief financial officer of Nationwide. In addition to finance, Mark leads Nationwide’s corporate strategy, Nationwide’s investment operations and Nationwide Realty Investments, and he is the chair of the Nationwide Bank board of directors.",false,#N/A,#N/A,#N/A,#N/A,false,#N/A,#N/A,false,#N/A,#N/A,#N/A,#N/A,Prodly,#N/A,#N/A,false,false,#N/A
b08c871f-f5f0-4903-81de-39b12ba8cf59,58fcb992-01d9-44fc-af97-1bdec9cada6b,Toiboid,Ardella,#N/A,#N/A,#N/A,#N/A,2454,#N/A,#N/A,#N/A,#N/A,32 Railway Street,KALANG,NSW,#N/A,Australia,#N/A,#N/A,#N/A,(03) 5338 3911,#N/A,#N/A,#N/A,#N/A,#N/A,jjoannow@prodly.co.invalid,CEO,#N/A,#N/A,#N/A,#N/A,#N/A,false,#N/A,#N/A,#N/A,#N/A,false,#N/A,#N/A,false,#N/A,#N/A,#N/A,#N/A,Prodly,#N/A,#N/A,false,false,#N/A
bc00c663-daec-40b3-8010-318c91715339,7d260df7-02d6-4d22-8aef-ba7349f852ae,Maurice,Hyacinth,#N/A,#N/A,#N/A,#N/A,2347,#N/A,#N/A,#N/A,#N/A,26 Dalgarno Street,CARODA,NSW,#N/A,Australia,#N/A,#N/A,#N/A,(03) 5338 4026,#N/A,#N/A,#N/A,#N/A,#N/A,jjoannow@prodly.co.invalid,CFO,#N/A,#N/A,#N/A,#N/A,#N/A,false,#N/A,#N/A,#N/A,#N/A,false,#N/A,#N/A,false,#N/A,#N/A,#N/A,#N/A,Prodly,#N/A,#N/A,false,false,#N/A
97180b95-afb2-42ec-90f5-a6c6a3b8717c,082acf9c-8891-420c-a3fd-66f6c6097e3c,Kimbell,Angie,#N/A,4/81 Doncaster Av,Kensington,NSW,1465,Australia,#N/A,#N/A,#N/A,4/81 Doncaster Av,Kensington,NSW,1465,Australia,#N/A,#N/A,#N/A,(02) 7174 8332,(02) 7174 8332,0415 565 463,#N/A,#N/A,(02) 7174 8332,jjoannow@prodly.co.invalid,Asset Manager,Finance,#N/A,#N/A,#N/A,#N/A,false,#N/A,#N/A,#N/A,#N/A,false,#N/A,#N/A,false,#N/A,#N/A,#N/A,#N/A,Prodly,#N/A,#N/A,false,false,#N/A
6b58e27d-5c69-436a-9c7a-bf8c5cb01066,c0d8f6b6-44a7-40f9-a219-ddba28b10ecc,Neddy,Babb,#N/A,#N/A,#N/A,#N/A,#N/A,#N/A,#N/A,#N/A,#N/A,#N/A,#N/A,#N/A,#N/A,#N/A,#N/A,#N/A,#N/A,(804) 805-3806,#N/A,#N/A,#N/A,#N/A,#N/A,jjoannow@prodly.co.invalid,CEO,#N/A,#N/A,#N/A,#N/A,"Umpleby joined Solar Turbines Incorporated in San Diego, California as an associate engineer in 1980.  Solar Turbines is a wholly owned Caterpillar subsidiary and a leading manufacturer of industrial gas turbine systems.",false,#N/A,#N/A,#N/A,#N/A,false,#N/A,#N/A,false,#N/A,#N/A,#N/A,#N/A,Prodly,#N/A,#N/A,false,false,#N/A
7afccfaa-9e6b-4e5e-800a-30a123dc517b,b18f660b-73bf-4e7e-8c43-3545c94f2a1b,Lutero,Page,#N/A,#N/A,#N/A,#N/A,#N/A,#N/A,#N/A,#N/A,#N/A,1101 Russell Street,Baltimore,MD,21230,USA,#N/A,#N/A,#N/A,(536) 303-3293,#N/A,#N/A,#N/A,#N/A,#N/A,jjoannow@prodly.co.invalid,Global General Counsel,#N/A,#N/A,#N/A,#N/A,"David G. Leitch is global general counsel for Bank of America, responsible for overseeing the company’s legal functions around the world. Based in Charlotte, he is a member of the bank’s executive management team.learn",false,#N/A,#N/A,#N/A,#N/A,false,#N/A,#N/A,false,#N/A,#N/A,#N/A,#N/A,Prodly,#N/A,#N/A,false,false,#N/A
24b6f1cb-d014-4747-9936-73947d75aff8,0bbebd9e-980f-4489-bb4b-cd92c88314a3,Seth,Charyl,#N/A,#N/A,#N/A,#N/A,#N/A,#N/A,#N/A,#N/A,#N/A,#N/A,#N/A,#N/A,#N/A,#N/A,#N/A,#N/A,#N/A,(614)472-2796,#N/A,#N/A,#N/A,#N/A,#N/A,jjoannow@prodly.co.invalid,CFO,#N/A,#N/A,#N/A,#N/A,#N/A,false,#N/A,#N/A,#N/A,#N/A,false,#N/A,#N/A,false,#N/A,#N/A,#N/A,#N/A,Prodly,#N/A,#N/A,false,false,#N/A
f639bb26-ca85-4476-9328-4798d2104dd3,b31cc650-8ca5-4641-86fc-37d3bfcaac76,Byrann,Salomi,#N/A,#N/A,#N/A,#N/A,#N/A,#N/A,#N/A,#N/A,#N/A,#N/A,#N/A,#N/A,#N/A,#N/A,#N/A,#N/A,#N/A,(319)461-4463,#N/A,#N/A,#N/A,#N/A,#N/A,jjoannow@prodly.co.invalid,CSO,#N/A,#N/A,#N/A,#N/A,#N/A,false,#N/A,#N/A,#N/A,#N/A,false,#N/A,#N/A,false,#N/A,#N/A,#N/A,#N/A,Prodly,#N/A,#N/A,false,false,#N/A
4a9d3456-ffd5-460b-be8c-364cc13f70f0,d25f9e87-c125-482b-93bb-ce34d731180f,Norbert,Thekla,#N/A,#N/A,#N/A,#N/A,#N/A,#N/A,#N/A,#N/A,#N/A,#N/A,#N/A,#N/A,#N/A,#N/A,#N/A,#N/A,#N/A,202-555-0109,#N/A,#N/A,#N/A,#N/A,#N/A,jjoannow@prodly.co.invalid,CTO,#N/A,#N/A,#N/A,#N/A,#N/A,false,#N/A,#N/A,#N/A,#N/A,false,#N/A,#N/A,false,#N/A,#N/A,#N/A,#N/A,Prodly,#N/A,#N/A,false,false,#N/A
9a41073b-13c9-41d9-8a87-b2f1a47a8d4e,b8676e86-873e-41ee-b619-01b3a56c8f33,Bartie,Winifred,#N/A,#N/A,#N/A,#N/A,#N/A,#N/A,#N/A,#N/A,#N/A,#N/A,#N/A,#N/A,#N/A,#N/A,#N/A,#N/A,#N/A,(425)742-4489,#N/A,#N/A,#N/A,#N/A,#N/A,jjoannow@prodly.co.invalid,SVP - Global Sales,#N/A,#N/A,#N/A,#N/A,#N/A,false,#N/A,#N/A,#N/A,#N/A,false,#N/A,#N/A,false,#N/A,#N/A,#N/A,#N/A,Prodly,#N/A,#N/A,false,false,#N/A
febcc20a-7adf-47c2-b053-4bec4e16b572,8e14703e-fd10-4fda-adbc-831517c9454c,Gene,Juanita,#N/A,#N/A,#N/A,#N/A,#N/A,#N/A,#N/A,#N/A,#N/A,110 Bishopsgate,London,#N/A,EC2N 4AY,United Kingdom,#N/A,#N/A,#N/A,(361) 614-9413,#N/A,#N/A,#N/A,#N/A,#N/A,jjoannow@prodly.co.invalid,CEO,#N/A,#N/A,#N/A,1994-04-21,"Leads the company in driving a unique combination of organic growth, financial returns and an attractive yield",false,#N/A,#N/A,#N/A,#N/A,false,#N/A,#N/A,false,#N/A,#N/A,#N/A,#N/A,Prodly,#N/A,#N/A,false,false,#N/A
c61db6ae-f3ad-46f0-b1f9-60b00136a76b,0b42366e-682c-4195-bfa4-2d3fcaef7c5c,Rabi,Gusta,#N/A,#N/A,#N/A,#N/A,#N/A,#N/A,#N/A,#N/A,#N/A,100 Alfred Lerner Way,Cleveland,OH,44114,USA,#N/A,#N/A,#N/A,(579) 426-7877,#N/A,#N/A,#N/A,#N/A,#N/A,jjoannow@prodly.co.invalid,CEO,#N/A,#N/A,#N/A,#N/A,"Robert Niblock has served as chairman and chief executive officer of Lowe’s Companies, Inc., since January 2005. In 2011, he reassumed the title of president, after having served in that role from 2003 to 2006.",false,#N/A,#N/A,#N/A,#N/A,false,#N/A,#N/A,false,#N/A,#N/A,#N/A,#N/A,Prodly,#N/A,#N/A,false,false,#N/A
60472003-17b4-4293-81c0-e9c2ffb3afdd,d06a901f-acfb-4ce5-8392-4058ad32485b,Cyrille,Lenna,#N/A,#N/A,#N/A,#N/A,#N/A,#N/A,#N/A,#N/A,#N/A,#N/A,#N/A,#N/A,#N/A,#N/A,#N/A,#N/A,#N/A,(915) 353-3701,#N/A,#N/A,#N/A,#N/A,#N/A,jjoannow@prodly.co.invalid,"Group President, Prepared Foods",#N/A,#N/A,#N/A,#N/A,#N/A,false,#N/A,#N/A,#N/A,#N/A,false,#N/A,#N/A,false,#N/A,#N/A,#N/A,#N/A,Prodly,#N/A,#N/A,false,false,#N/A
6e9176df-b440-491c-937b-3817611c1b6c,ec932bc1-25e3-4572-845a-5c2262116a17,Sergio,Noelani,#N/A,#N/A,#N/A,#N/A,#N/A,#N/A,#N/A,#N/A,#N/A,1000 Elysian Park Avenue,Los Angeles,CA,90012,USA,#N/A,#N/A,#N/A,(670) 588-0519,#N/A,#N/A,#N/A,#N/A,#N/A,jjoannow@prodly.co.invalid,EVP adn General Counsel,#N/A,#N/A,#N/A,#N/A,"Gerd joined the Law Department of Jacobs Kaffee Deutschland GmbH in 1985, prior to its acquisition in 1990 by Altria Group, Inc. (formerly Philip Morris Companies Inc.). Gerd held a number of senior positions within the German Law Department, including Chief Counsel for the combined operations of Kraft and Jacobs Suchard, covering legal and regulatory affairs. In 2000, he was appointed Vice President & Chief Counsel for Kraft’s Central and Eastern Europe, Middle East and Africa Region, headquartered in Vienna.",false,#N/A,#N/A,#N/A,#N/A,false,#N/A,#N/A,false,#N/A,#N/A,#N/A,#N/A,Prodly,#N/A,#N/A,false,false,#N/A
c29b416f-bd4f-4f4c-b159-55a4b020a685,20284815-0924-4bf1-8ad5-42311d6ade31,Alva,Linnet,#N/A,#N/A,#N/A,#N/A,#N/A,#N/A,#N/A,#N/A,#N/A,#N/A,#N/A,#N/A,#N/A,#N/A,#N/A,#N/A,#N/A,(826) 246-3244,#N/A,#N/A,#N/A,#N/A,#N/A,jjoannow@prodly.co.invalid,"Executive Vice President, External Affairs",#N/A,#N/A,#N/A,#N/A,#N/A,false,#N/A,#N/A,#N/A,#N/A,false,#N/A,#N/A,false,#N/A,#N/A,#N/A,#N/A,Prodly,#N/A,#N/A,false,false,#N/A
8d566ab5-58b7-4296-9050-bb701e4bc4b7,dd3330be-ca21-4cb4-8acb-59e3a29631ed,Hirsch,Sybilla,#N/A,18 McMahon Dr,Ballan,VIC,3342,Australia,#N/A,#N/A,#N/A,18 McMahon Dr,Ballan,VIC,3342,Australia,#N/A,#N/A,#N/A,(03) 8810 8036,(03) 8810 8036,0430 759 149,#N/A,#N/A,(03) 8810 8036,jjoannow@prodly.co.invalid,"Director, Consulting",Opera,#N/A,#N/A,#N/A,#N/A,false,#N/A,#N/A,#N/A,#N/A,false,#N/A,#N/A,false,#N/A,#N/A,#N/A,#N/A,Prodly,#N/A,#N/A,false,false,#N/A
c7475d63-6da9-473f-bc90-6e19915ac572,1b4f20e0-7e2c-4549-89af-b8d3914ab8cb,Miner,Catherin,#N/A,#N/A,#N/A,#N/A,#N/A,#N/A,#N/A,#N/A,#N/A,#N/A,#N/A,#N/A,#N/A,#N/A,#N/A,#N/A,#N/A,(671) 747-3643,#N/A,#N/A,#N/A,#N/A,#N/A,jjoannow@prodly.co.invalid,SVP and General Counsel,#N/A,#N/A,#N/A,1981-02-24,"Mr. Weitzel was elected as a director of Enterprise GP and as a member of its Capital Projects Committee in November 2016 and has served as Senior Vice President, General Counsel and Secretary since April 2016. He served as Senior Vice President, Deputy General Counsel and Secretary from January 2015 to April 2016. He is responsible for all legal functions of the Company, including securities, litigation, employment, mergers and acquisitions, and commercial transactions.",false,#N/A,#N/A,#N/A,#N/A,false,#N/A,#N/A,false,#N/A,#N/A,#N/A,#N/A,Prodly,#N/A,#N/A,false,false,#N/A
dd8c3aa5-02f0-4405-bf59-c8e67b961111,67426f85-bf8c-4abf-b75e-2c60defdf66c,Abramo,Binnie,#N/A,#N/A,#N/A,#N/A,3293,#N/A,#N/A,#N/A,#N/A,32 Railway Street,GLENTHOMPSON,VIC,#N/A,Australia,#N/A,#N/A,#N/A,(03) 5338 4013,#N/A,#N/A,#N/A,#N/A,#N/A,jjoannow@prodly.co.invalid,CEO,#N/A,#N/A,#N/A,#N/A,#N/A,false,#N/A,#N/A,#N/A,#N/A,false,#N/A,#N/A,false,#N/A,#N/A,#N/A,#N/A,Prodly,#N/A,#N/A,false,false,#N/A
a7d82980-3c55-4483-b1c9-80e476cc0556,665a4387-ede2-4ce4-a726-000ff3d2d922,Demott,Jenn,#N/A,#N/A,#N/A,#N/A,#N/A,#N/A,#N/A,#N/A,#N/A,#N/A,#N/A,#N/A,#N/A,#N/A,#N/A,#N/A,#N/A,011 49 69 3576 6843,#N/A,#N/A,#N/A,#N/A,#N/A,jjoannow@prodly.co.invalid,"Vice President, IT",#N/A,#N/A,#N/A,#N/A,#N/A,false,#N/A,#N/A,#N/A,#N/A,false,#N/A,#N/A,false,#N/A,#N/A,#N/A,#N/A,Prodly,#N/A,#N/A,false,false,#N/A
279282b4-db19-4c37-8500-c288da374a89,d731c096-ead3-472a-a729-b3b396f91530,Toiboid,Candra,#N/A,#N/A,#N/A,#N/A,#N/A,#N/A,#N/A,#N/A,#N/A,39 Crown Street,London,#N/A,SW6 0EP,UK,#N/A,#N/A,#N/A,81 0017 4455,#N/A,#N/A,#N/A,#N/A,#N/A,jjoannow@prodly.co.invalid,SVP,#N/A,#N/A,#N/A,#N/A,#N/A,false,#N/A,#N/A,#N/A,#N/A,false,#N/A,#N/A,false,#N/A,#N/A,#N/A,#N/A,Prodly,#N/A,#N/A,false,false,#N/A
eefa0e2c-b46c-4c85-9dfe-3ccc1536d881,a757a03e-2ada-4533-ad05-fd33f887c8bb,Minor,Geoff,#N/A,150 Chestnut Street,Toronto,Ontario,L4B 1Y3,Canada,#N/A,#N/A,#N/A,150 Chestnut Street,Toronto,Ontario,L4B 1Y3,Canada,#N/A,#N/A,#N/A,(415) 555-1212,#N/A,#N/A,#N/A,#N/A,#N/A,jjoannow@prodly.co.invalid,President,#N/A,#N/A,#N/A,#N/A,#N/A,false,#N/A,#N/A,#N/A,#N/A,false,#N/A,#N/A,false,#N/A,#N/A,#N/A,#N/A,#N/A,#N/A,#N/A,false,false,#N/A
5f64ecd4-a7b8-400a-a2ed-c7a705bb1657,d53be6fe-9499-48b8-aff2-fb8a854294fe,Hillel,Eve,#N/A,4/81 Doncaster Av,Kensington,NSW,1465,Australia,#N/A,#N/A,#N/A,4/81 Doncaster Av,Kensington,NSW,1465,Australia,#N/A,#N/A,#N/A,(02) 6817 6366,(02) 6817 6366,0411 837 195,#N/A,#N/A,(02) 6817 6366,jjoannow@prodly.co.invalid,CFO,Finance,#N/A,#N/A,#N/A,#N/A,false,#N/A,#N/A,#N/A,#N/A,false,#N/A,#N/A,false,#N/A,#N/A,#N/A,#N/A,Prodly,#N/A,#N/A,false,false,#N/A
cd1cdaeb-2caa-450a-8baa-10fee0fa0dc9,38bf9300-9c15-4194-be3f-40a09810853a,Andrej,Steffi,#N/A,#N/A,#N/A,#N/A,#N/A,#N/A,#N/A,#N/A,#N/A,4 Yawkey Way,Boston,MA,2215,USA,#N/A,#N/A,#N/A,(774) 410-8130,#N/A,#N/A,#N/A,#N/A,#N/A,jjoannow@prodly.co.invalid,"SVP, Chief Digital Officer",#N/A,#N/A,#N/A,#N/A,"Kevin Bandy is Cisco's Chief Digital Officer. He has a bold vision, coupled with a diverse set of abilities—a combination of global channel development, entrepreneurship, and operational excellence—that he is using to drive the digital transformation of Cisco and our customers.",false,#N/A,#N/A,#N/A,#N/A,false,#N/A,#N/A,false,#N/A,#N/A,#N/A,#N/A,Prodly,#N/A,#N/A,false,false,#N/A
f5bc16ee-7ee5-43e6-889e-0c579607bf84,aeb8d549-4aaf-45c9-bd83-ba0ccb3cce35,Ermin,Madelle,#N/A,#N/A,#N/A,#N/A,#N/A,#N/A,#N/A,#N/A,#N/A,4 Yawkey Way,Boston,MA,2215,USA,#N/A,#N/A,#N/A,(199) 586-3991,#N/A,#N/A,#N/A,#N/A,#N/A,jjoannow@prodly.co.invalid,CEO,#N/A,#N/A,#N/A,#N/A,"Brian L. Roberts is Chairman and CEO of Comcast Corporation. Under his leadership, Comcast has grown into a global Fortune 50 company uniquely positioned at the intersection of media and technology with two primary businesses, Comcast Cable and NBCUniversal.",false,#N/A,#N/A,#N/A,#N/A,false,#N/A,#N/A,false,#N/A,#N/A,#N/A,#N/A,Prodly,#N/A,#N/A,false,false,#N/A
c303acfe-80d4-4e3b-9fab-d88d32735857,ec4fe2b0-83be-4a18-8a3b-0262fd09ea76,Josiah,Marga,#N/A,57 Clifton Dr,Bacchus Marsh,VIC,3340,Australia,#N/A,#N/A,#N/A,57 Clifton Dr,Bacchus Marsh,VIC,3340,Australia,#N/A,#N/A,#N/A,(03) 7668 7869,(03) 7668 7869,0423 170 220,#N/A,#N/A,(03) 7668 7869,jjoannow@prodly.co.invalid,Sales Executive,Sales,#N/A,#N/A,#N/A,#N/A,false,#N/A,#N/A,#N/A,#N/A,false,#N/A,#N/A,false,#N/A,#N/A,#N/A,#N/A,Prodly,#N/A,#N/A,false,false,#N/A
92785636-1ecc-4586-8672-c9859e2ed665,9b63c39c-860e-49d1-b10c-555d25dca149,Whitman,Linnell,#N/A,#N/A,#N/A,#N/A,#N/A,#N/A,#N/A,#N/A,#N/A,#N/A,#N/A,#N/A,#N/A,#N/A,#N/A,#N/A,#N/A,(534) 959-3670,#N/A,#N/A,#N/A,#N/A,#N/A,jjoannow@prodly.co.invalid,CEO,#N/A,#N/A,#N/A,#N/A,"George S. Barrett is chairman and chief executive officer of Cardinal Health, a company ranked among the top 25 on the Fortune 500 and dedicated to improving the cost-effectiveness of health care.",false,#N/A,#N/A,#N/A,#N/A,false,#N/A,#N/A,false,#N/A,#N/A,#N/A,#N/A,Prodly,#N/A,#N/A,false,false,#N/A
01e6451b-59db-44fb-a6ed-2e1ea2dcaddb,0b1a2991-fee3-4caa-928a-de5c51300fd4,Rudd,Damara,#N/A,#N/A,#N/A,#N/A,#N/A,#N/A,#N/A,#N/A,#N/A,#N/A,#N/A,#N/A,#N/A,#N/A,#N/A,#N/A,#N/A,(858) 454-9754,#N/A,#N/A,#N/A,#N/A,#N/A,jjoannow@prodly.co.invalid,General Counsel,#N/A,#N/A,#N/A,#N/A,"Mr. Nelsen joined Best Buy in 2005. He most recently served as senior vice president, commercial, and as general counsel for Best Buy International, managing the company’s legal responsibilities outside of the United States, including oversight of its international transactions and local law compliance. He also oversaw the company’s equity-related investments on a global basis, providing assessment, financial analysis, strategic rational and recommendations of equity investment opportunities.",false,#N/A,#N/A,#N/A,#N/A,false,#N/A,#N/A,false,#N/A,#N/A,#N/A,#N/A,Prodly,#N/A,#N/A,false,false,#N/A
cfbb2888-479b-4caf-8a95-04eac4fb7296,bae55ba3-ea80-48c6-b152-4ea7f82bfd53,Raoul,Zaria,#N/A,#N/A,#N/A,#N/A,#N/A,#N/A,#N/A,#N/A,#N/A,#N/A,#N/A,#N/A,#N/A,#N/A,#N/A,#N/A,#N/A,0383 7228120,#N/A,#N/A,#N/A,#N/A,#N/A,jjoannow@prodly.co.invalid,CIO,#N/A,#N/A,#N/A,#N/A,#N/A,false,#N/A,#N/A,#N/A,#N/A,false,#N/A,#N/A,false,#N/A,#N/A,#N/A,#N/A,Prodly,#N/A,#N/A,false,false,#N/A
62f58b09-c0e9-47cc-bbe6-1303214aeb7e,e5fcb320-af81-4efe-85d9-643034e2d899,Paul,Kaylyn,#N/A,#N/A,#N/A,#N/A,#N/A,#N/A,#N/A,#N/A,#N/A,#N/A,#N/A,#N/A,#N/A,#N/A,#N/A,#N/A,#N/A,011 49 69 3576 6843,#N/A,#N/A,#N/A,#N/A,#N/A,jjoannow@prodly.co.invalid,CIO,#N/A,#N/A,#N/A,#N/A,#N/A,false,#N/A,#N/A,#N/A,#N/A,false,#N/A,#N/A,false,#N/A,#N/A,#N/A,#N/A,Prodly,#N/A,#N/A,false,false,#N/A
6d80e73d-3210-44fe-9e7d-f25c945093b6,01344150-6523-4ab5-a6bd-5f4f4994885f,Mendy,Caro,#N/A,#N/A,#N/A,#N/A,#N/A,#N/A,#N/A,#N/A,#N/A,#N/A,#N/A,#N/A,#N/A,#N/A,#N/A,#N/A,#N/A,(276) 822-2096,#N/A,#N/A,#N/A,#N/A,#N/A,jjoannow@prodly.co.invalid,CTO,#N/A,#N/A,#N/A,#N/A,#N/A,false,#N/A,#N/A,#N/A,#N/A,false,#N/A,#N/A,false,#N/A,#N/A,#N/A,#N/A,Prodly,#N/A,#N/A,false,false,#N/A
928261b0-d26c-4e9b-a8b0-3e6ffd1708f4,a3521d73-bf15-45e3-93de-13e9ca957c9c,Conan,Jocelyn,Mrs.,#N/A,#N/A,#N/A,#N/A,#N/A,#N/A,#N/A,#N/A,1234 Hilltop Road,Broomfield,Colorado,80020,USA,#N/A,#N/A,#N/A,(720) 848-5892,#N/A,#N/A,#N/A,#N/A,#N/A,jjoannow@prodly.co.invalid,Client,#N/A,#N/A,#N/A,1990-08-18,#N/A,false,#N/A,#N/A,#N/A,#N/A,false,#N/A,#N/A,false,#N/A,#N/A,#N/A,#N/A,Prodly,#N/A,#N/A,false,false,#N/A
71c99afe-0e68-45a2-b92f-688a91e0893e,eb8cb615-f1be-41cb-8293-0a1b08473ad4,Roman,Dianemarie,#N/A,#N/A,#N/A,#N/A,#N/A,#N/A,#N/A,#N/A,#N/A,#N/A,#N/A,#N/A,#N/A,#N/A,#N/A,#N/A,#N/A,(838) 384-2150,#N/A,#N/A,#N/A,#N/A,#N/A,jjoannow@prodly.co.invalid,"Senior EVP, Chief Administrative Officer",#N/A,#N/A,#N/A,#N/A,#N/A,false,#N/A,#N/A,#N/A,#N/A,false,#N/A,#N/A,false,#N/A,#N/A,#N/A,#N/A,Prodly,#N/A,#N/A,false,false,#N/A
df405fe7-fde7-43d6-9997-6a1d917445ba,0bbebd9e-980f-4489-bb4b-cd92c88314a3,Ryon,Annalee,#N/A,#N/A,#N/A,#N/A,#N/A,#N/A,#N/A,#N/A,#N/A,1 East 161st Street,Bronx,NY,10451,USA,#N/A,#N/A,#N/A,(716) 558-5530,#N/A,#N/A,#N/A,#N/A,#N/A,jjoannow@prodly.co.invalid,CEO,#N/A,#N/A,#N/A,#N/A,"Michael L. Tipsord was unanimously elected Chairman of the Board on June 13, 2016. He is also President and CEO. His State Farm career started in 1988. Since then, he has held numerous leadership team positions, always driving State Farm to offer increased value to our customers while growing the business.",false,#N/A,#N/A,#N/A,#N/A,false,#N/A,#N/A,false,#N/A,#N/A,#N/A,#N/A,Prodly,#N/A,#N/A,false,false,#N/A
315417bb-da17-40b8-9cf4-988cc90f2892,1562ae0b-10ff-48c4-aadc-8994d1e273ae,Bank,Rheba,#N/A,#N/A,#N/A,#N/A,2454,#N/A,#N/A,#N/A,#N/A,88 Bailey Street,KALANG,NSW,#N/A,Australia,#N/A,#N/A,#N/A,(03) 5338 3973,#N/A,#N/A,#N/A,#N/A,#N/A,jjoannow@prodly.co.invalid,SVP,#N/A,#N/A,#N/A,#N/A,#N/A,false,#N/A,#N/A,#N/A,#N/A,false,#N/A,#N/A,false,#N/A,#N/A,#N/A,#N/A,Prodly,#N/A,#N/A,false,false,#N/A
f55d4533-e525-49df-8781-14992751067b,821fe8c7-12dc-44e2-86e9-f621f3088d0b,Jeffrey,Fedora,#N/A,#N/A,#N/A,#N/A,#N/A,#N/A,#N/A,#N/A,#N/A,#N/A,#N/A,#N/A,#N/A,#N/A,#N/A,#N/A,#N/A,(954) 660-2022,#N/A,#N/A,#N/A,#N/A,#N/A,jjoannow@prodly.co.invalid,CEO,#N/A,#N/A,#N/A,#N/A,#N/A,false,#N/A,#N/A,#N/A,#N/A,false,#N/A,#N/A,false,#N/A,#N/A,#N/A,#N/A,Prodly,#N/A,#N/A,false,false,#N/A
dfbcdbd3-e8e1-46be-8dab-43b2541f2289,2a22faa3-d4ca-4f26-9f87-5bc6f4d5603a,Augie,Dulce,#N/A,#N/A,#N/A,#N/A,2454,#N/A,#N/A,#N/A,#N/A,88 Bailey Street,KALANG,NSW,#N/A,Australia,#N/A,#N/A,#N/A,(03) 5338 3952,#N/A,#N/A,#N/A,#N/A,#N/A,jjoannow@prodly.co.invalid,SVP,#N/A,#N/A,#N/A,#N/A,#N/A,false,#N/A,#N/A,#N/A,#N/A,false,#N/A,#N/A,false,#N/A,#N/A,#N/A,#N/A,Prodly,#N/A,#N/A,false,false,#N/A
9deb5c3b-f3d8-4f42-8e6d-84301b8b2e5c,9e1650cb-2855-4a0d-a897-d0fc6f5cb30a,El,Silva,#N/A,#N/A,#N/A,#N/A,#N/A,#N/A,#N/A,#N/A,#N/A,#N/A,#N/A,#N/A,#N/A,#N/A,#N/A,#N/A,#N/A,(108) 720-4715,#N/A,#N/A,#N/A,#N/A,#N/A,jjoannow@prodly.co.invalid,CLO,#N/A,#N/A,#N/A,#N/A,"Kim M. Rivera is the Chief Legal Officer & General Counsel for HP Inc. In this role, she manages the worldwide legal department, responsible for all aspects of legal, government affairs, compliance and ethics.",false,#N/A,#N/A,#N/A,#N/A,false,#N/A,#N/A,false,#N/A,#N/A,#N/A,#N/A,Prodly,#N/A,#N/A,false,false,#N/A
c9d7a877-eaf3-43f6-abb5-43ffc137ba03,83dc89fc-8868-49a6-8638-db4d191b4c50,Meredeth,Guillemette,#N/A,#N/A,#N/A,#N/A,#N/A,#N/A,#N/A,#N/A,#N/A,39 Crown Street,London,#N/A,SW6 0EP,UK,#N/A,#N/A,#N/A,86 6365 8742,#N/A,#N/A,#N/A,#N/A,#N/A,jjoannow@prodly.co.invalid,SVP,#N/A,#N/A,#N/A,#N/A,#N/A,false,#N/A,#N/A,#N/A,#N/A,false,#N/A,#N/A,false,#N/A,#N/A,#N/A,#N/A,Prodly,#N/A,#N/A,false,false,#N/A
3a0d62f2-1eaa-45b9-93c4-8a347cf4810d,95e92fce-4b5c-4931-a868-bba192e83b93,Kelley,Xylina,#N/A,#N/A,#N/A,#N/A,#N/A,#N/A,#N/A,#N/A,#N/A,#N/A,#N/A,#N/A,#N/A,#N/A,#N/A,#N/A,#N/A,(442) 344-4953,#N/A,#N/A,#N/A,#N/A,#N/A,jjoannow@prodly.co.invalid,CEO,#N/A,#N/A,#N/A,1983-01-24,#N/A,false,#N/A,#N/A,#N/A,#N/A,false,#N/A,#N/A,false,#N/A,#N/A,#N/A,#N/A,Prodly,#N/A,#N/A,false,false,#N/A
3e570e8d-d12f-497f-8ed8-d1022d30954b,eb8cb615-f1be-41cb-8293-0a1b08473ad4,Gawain,Hermione,#N/A,#N/A,#N/A,#N/A,#N/A,#N/A,#N/A,#N/A,#N/A,#N/A,#N/A,#N/A,#N/A,#N/A,#N/A,#N/A,#N/A,(215) 335-6011,#N/A,#N/A,#N/A,#N/A,#N/A,jjoannow@prodly.co.invalid,"Senior EVP, Wholesale Banking",#N/A,#N/A,#N/A,#N/A,#N/A,false,#N/A,#N/A,#N/A,#N/A,false,#N/A,#N/A,false,#N/A,#N/A,#N/A,#N/A,Prodly,#N/A,#N/A,false,false,#N/A
d169c852-84ad-4706-96cc-ab07739f87cd,4a0f32f7-4233-45a1-94bd-75faf566aa17,Tadeo,Heda,#N/A,#N/A,#N/A,#N/A,3293,#N/A,#N/A,#N/A,#N/A,26 Dalgarno Street,GLENTHOMPSON,VIC,#N/A,Australia,#N/A,#N/A,#N/A,(03) 5338 4071,#N/A,#N/A,#N/A,#N/A,#N/A,jjoannow@prodly.co.invalid,CFO,#N/A,#N/A,#N/A,#N/A,#N/A,false,#N/A,#N/A,#N/A,#N/A,false,#N/A,#N/A,false,#N/A,#N/A,#N/A,#N/A,Prodly,#N/A,#N/A,false,false,#N/A
2af3fb94-41fa-432a-bbd3-6d71e1650aad,37d17b99-4830-49dd-b4a3-bf975a4ccd67,Reinhard,Darda,#N/A,#N/A,#N/A,#N/A,3293,#N/A,#N/A,#N/A,#N/A,32 Railway Street,GLENTHOMPSON,VIC,#N/A,Australia,#N/A,#N/A,#N/A,(03) 5338 3989,#N/A,#N/A,#N/A,#N/A,#N/A,jjoannow@prodly.co.invalid,CEO,#N/A,#N/A,#N/A,#N/A,#N/A,false,#N/A,#N/A,#N/A,#N/A,false,#N/A,#N/A,false,#N/A,#N/A,#N/A,#N/A,Prodly,#N/A,#N/A,false,false,#N/A
fdfb487a-5bd1-4250-b929-45638bdd314e,65348251-9e23-4124-ae6c-95098e9d91a2,Guillermo,Carlye,#N/A,#N/A,#N/A,#N/A,#N/A,#N/A,#N/A,#N/A,#N/A,#N/A,#N/A,#N/A,#N/A,#N/A,#N/A,#N/A,#N/A,(522) 169-8148,#N/A,#N/A,#N/A,#N/A,#N/A,jjoannow@prodly.co.invalid,"EVP, General Counsel & Secretary",#N/A,#N/A,#N/A,#N/A,#N/A,false,#N/A,#N/A,#N/A,#N/A,false,#N/A,#N/A,false,#N/A,#N/A,#N/A,#N/A,Prodly,#N/A,#N/A,false,false,#N/A
2a879271-2a9f-40b8-aa9c-f7a53bda2fb6,73729ff8-9a1a-45f3-bd8c-493be8b824c1,Mortimer,Arlana,#N/A,#N/A,#N/A,#N/A,#N/A,#N/A,#N/A,#N/A,#N/A,#N/A,#N/A,#N/A,#N/A,#N/A,#N/A,#N/A,#N/A,(633) 209-5550,#N/A,#N/A,#N/A,#N/A,#N/A,jjoannow@prodly.co.invalid,EVP Retail Operations,#N/A,#N/A,#N/A,#N/A,"Susan began her career in Albertsons Denver Division while still in high school and worked her way up in the ranks proving her ability to lead, to execute and to bring teams together in one assignment after another in her 30+ years in the retail grocery business. Since March of 2015, Susan has led the Denver Division team after having successfully led our Boise-based Intermountain Division for the two prior years.",false,#N/A,#N/A,#N/A,#N/A,false,#N/A,#N/A,false,#N/A,#N/A,#N/A,#N/A,Prodly,#N/A,#N/A,false,false,#N/A
dea4f261-d065-4f7b-8b1b-7cc9bab6d89c,186db819-ed86-469b-a20e-2ec477c643d2,Ansel,Debbie,#N/A,#N/A,#N/A,#N/A,#N/A,#N/A,#N/A,#N/A,#N/A,#N/A,#N/A,#N/A,#N/A,#N/A,#N/A,#N/A,#N/A,(036) 886-8178,#N/A,#N/A,#N/A,#N/A,#N/A,jjoannow@prodly.co.invalid,CFO,#N/A,#N/A,#N/A,#N/A,#N/A,false,#N/A,#N/A,#N/A,#N/A,false,#N/A,#N/A,false,#N/A,#N/A,#N/A,#N/A,Prodly,#N/A,#N/A,false,false,#N/A
dd00b580-3478-46ff-af99-366c313b51ba,a0f757d5-43be-4aa2-955d-23e04ae22f35,Lem,Blake,#N/A,#N/A,#N/A,#N/A,2347,#N/A,#N/A,#N/A,#N/A,26 Dalgarno Street,CARODA,NSW,#N/A,Australia,#N/A,#N/A,#N/A,(03) 5338 3924,#N/A,#N/A,#N/A,#N/A,#N/A,jjoannow@prodly.co.invalid,CFO,#N/A,#N/A,#N/A,#N/A,#N/A,false,#N/A,#N/A,#N/A,#N/A,false,#N/A,#N/A,false,#N/A,#N/A,#N/A,#N/A,Prodly,#N/A,#N/A,false,false,#N/A
074ecd7d-a337-4ff2-acb8-9e91833251aa,1c9016e4-816b-4e62-a1b0-c1f5c8fa1188,Bordie,Eleanore,#N/A,#N/A,#N/A,#N/A,#N/A,#N/A,#N/A,#N/A,#N/A,#N/A,#N/A,#N/A,#N/A,#N/A,#N/A,#N/A,#N/A,(402)952-5053,#N/A,#N/A,#N/A,#N/A,#N/A,jjoannow@prodly.co.invalid,CSO,#N/A,#N/A,#N/A,#N/A,#N/A,false,#N/A,#N/A,#N/A,#N/A,false,#N/A,#N/A,false,#N/A,#N/A,#N/A,#N/A,Prodly,#N/A,#N/A,false,false,#N/A
e7c05661-cbb4-4f81-9dbe-a4de24f48454,24ae2c90-1f81-4419-94a5-ea1dc5431a2b,Mylo,Marie-Ann,#N/A,200 Elizabeth Street,Melbourne,VIC,3000,Australia,#N/A,#N/A,#N/A,200 Elizabeth Street,Melbourne,VIC,3000,Australia,#N/A,#N/A,#N/A,(03) 6107 6358,(03) 6107 6358,0412 887 527,#N/A,#N/A,(03) 6107 6358,jjoannow@prodly.co.invalid,CFO,C-Level,#N/A,#N/A,#N/A,#N/A,false,#N/A,#N/A,#N/A,#N/A,false,#N/A,#N/A,false,#N/A,#N/A,#N/A,#N/A,Prodly,#N/A,#N/A,false,false,#N/A
1ade0a5f-c225-46a4-836d-60c3c2b54f1e,2aaa3f1b-0810-40c9-a48e-691cc50d9dac,Guy,Lilllie,#N/A,#N/A,#N/A,#N/A,#N/A,#N/A,#N/A,#N/A,#N/A,#N/A,#N/A,#N/A,#N/A,#N/A,#N/A,#N/A,#N/A,(986) 889-3591,#N/A,#N/A,#N/A,#N/A,#N/A,jjoannow@prodly.co.invalid,Group VP,#N/A,#N/A,#N/A,#N/A,#N/A,false,#N/A,#N/A,#N/A,#N/A,false,#N/A,#N/A,false,#N/A,#N/A,#N/A,#N/A,Prodly,#N/A,#N/A,false,false,#N/A
2679beb8-3ac1-4bdf-97df-471be1ed675c,b491c743-48bf-492e-b0a6-6e7d3d442969,Sterling,Emmeline,#N/A,#N/A,#N/A,#N/A,#N/A,#N/A,#N/A,#N/A,#N/A,201 Sussex Street,Sydney,NSW,2000,Australia,#N/A,#N/A,#N/A,(581) 384-1645,#N/A,#N/A,#N/A,#N/A,#N/A,jjoannow@prodly.co.invalid,COO,#N/A,#N/A,#N/A,1995-10-13,"Xuong Nguyen was appointed as Chief Operating Officer of the Company in October 2015. Prior to that he served as Executive Vice President of the FCM Division of INTL FCStone Financial Inc., a subsidiary of the Company, as well as Chief Operating Officer of additional subsidiaries of the Company.",false,#N/A,#N/A,#N/A,#N/A,false,#N/A,#N/A,false,#N/A,#N/A,#N/A,#N/A,Prodly,#N/A,#N/A,false,false,#N/A
f282769a-4a6b-4bfb-8394-fd8a002e0abd,a68e7eb7-7624-4b12-851c-d0163e8e9347,Cordy,Melisent,#N/A,#N/A,#N/A,#N/A,#N/A,#N/A,#N/A,#N/A,#N/A,#N/A,#N/A,#N/A,#N/A,#N/A,#N/A,#N/A,#N/A,(841) 252-5470,#N/A,#N/A,#N/A,#N/A,#N/A,jjoannow@prodly.co.invalid,CEO,#N/A,#N/A,#N/A,#N/A,#N/A,false,#N/A,#N/A,#N/A,#N/A,false,#N/A,#N/A,false,#N/A,#N/A,#N/A,#N/A,Prodly,#N/A,#N/A,false,false,#N/A
98d860fc-3943-4604-be47-944a9700e9bb,65c49a71-2fcd-438b-9c70-afeb68e149a2,Padriac,Juliann,#N/A,#N/A,#N/A,#N/A,#N/A,#N/A,#N/A,#N/A,#N/A,#N/A,New York,NY,#N/A,USA,#N/A,#N/A,#N/A,(930) 686-2865,#N/A,#N/A,#N/A,#N/A,#N/A,jjoannow@prodly.co.invalid,CEO,#N/A,#N/A,#N/A,#N/A,"Steve serves on the boards of the Nationwide Children’s Hospital, OhioHealth, American Electric Power, and Catalyst. He also is a member of the Columbus Downtown Development Corporation & Capitol South and the Columbus Partnership, organizations focused on economic development and downtown Columbus revitalization. Steve also previously served as a board member of the National Urban League, the Insurance Information Institute, the Insurance Institute for Highway Safety and the Columbus Metropolitan Library, trustee for Grand View College in Des Moines, Iowa, and as co-chair for the United Way of Central Ohio Alexis de Tocqueville Vingt-Cinq Society campaign. Steve and his wife, Cindy, served as co-chairs of the 2012 United Way of Central Ohio campaign.",false,#N/A,#N/A,#N/A,#N/A,false,#N/A,#N/A,false,#N/A,#N/A,#N/A,#N/A,Prodly,#N/A,#N/A,false,false,#N/A
3ada34b1-c2d0-40dd-bd55-ad5ebfc95ebd,1f0ebca3-5492-47f2-a61e-8a8f0bf1ee82,Robert,Guenna,#N/A,#N/A,#N/A,#N/A,#N/A,#N/A,#N/A,#N/A,#N/A,39 Crown Street,London,#N/A,SW6 0EP,UK,#N/A,#N/A,#N/A,077 6365 8742,#N/A,#N/A,#N/A,#N/A,#N/A,jjoannow@prodly.co.invalid,SVP,#N/A,#N/A,#N/A,#N/A,#N/A,false,#N/A,#N/A,#N/A,#N/A,false,#N/A,#N/A,false,#N/A,#N/A,#N/A,#N/A,Prodly,#N/A,#N/A,false,false,#N/A
0e011ffb-1912-4c32-b9b0-311e2ddc23c9,194a8c6e-181d-40bb-84ff-36775a792b3d,Brock,Merla,#N/A,#N/A,#N/A,#N/A,#N/A,#N/A,#N/A,#N/A,#N/A,#N/A,#N/A,#N/A,#N/A,#N/A,#N/A,#N/A,#N/A,202-555-0104,#N/A,#N/A,#N/A,#N/A,#N/A,jjoannow@prodly.co.invalid,COO,#N/A,#N/A,#N/A,#N/A,#N/A,false,#N/A,#N/A,#N/A,#N/A,false,#N/A,#N/A,false,#N/A,#N/A,#N/A,#N/A,Prodly,#N/A,#N/A,false,false,#N/A
ed74db3e-ce25-4cd5-a9e6-7e8788f822ab,b18f660b-73bf-4e7e-8c43-3545c94f2a1b,Falito,Jodie,#N/A,#N/A,#N/A,#N/A,#N/A,#N/A,#N/A,#N/A,#N/A,#N/A,#N/A,#N/A,#N/A,#N/A,#N/A,#N/A,#N/A,202-555-0105,#N/A,#N/A,#N/A,#N/A,#N/A,jjoannow@prodly.co.invalid,CEO,#N/A,#N/A,#N/A,#N/A,#N/A,false,#N/A,#N/A,#N/A,#N/A,false,#N/A,#N/A,false,#N/A,#N/A,#N/A,#N/A,Prodly,#N/A,#N/A,false,false,#N/A
c6254f7d-4335-4d4b-9b51-6e85099789f1,957363ed-f7e7-4432-a639-c868929084aa,Phineas,Priscella,#N/A,#N/A,#N/A,#N/A,#N/A,#N/A,#N/A,#N/A,#N/A,#N/A,#N/A,#N/A,#N/A,#N/A,#N/A,#N/A,#N/A,(276)956-8750,#N/A,#N/A,#N/A,#N/A,#N/A,jjoannow@prodly.co.invalid,COO,#N/A,#N/A,#N/A,#N/A,#N/A,false,#N/A,#N/A,#N/A,#N/A,false,#N/A,#N/A,false,#N/A,#N/A,#N/A,#N/A,Prodly,#N/A,#N/A,false,false,#N/A
a9c6f550-2b58-47da-a3c3-c27526b6d6b4,c23c5a54-9c08-4c1b-894a-9fde70dac4c3,Rik,Vita,#N/A,#N/A,#N/A,#N/A,#N/A,#N/A,#N/A,#N/A,#N/A,#N/A,#N/A,#N/A,#N/A,#N/A,#N/A,#N/A,#N/A,(875) 989-4323,#N/A,#N/A,#N/A,#N/A,#N/A,jjoannow@prodly.co.invalid,"SVP, General Counsel",#N/A,#N/A,#N/A,1975-01-24,"Prior to his appointment as Senior Vice President and General Counsel of PMI, from 1988 to 2003 Mr. Firestone held positions in the law departments of Philip Morris Companies Inc. and Philip Morris International Inc.",false,#N/A,#N/A,#N/A,#N/A,false,#N/A,#N/A,false,#N/A,#N/A,#N/A,#N/A,Prodly,#N/A,#N/A,false,false,#N/A
980a2157-c5b1-48d4-8c3f-5bc60dfd6a53,3f1019f9-8981-40f5-a60f-3c5c43ec63da,Chrisy,Klarika,#N/A,#N/A,#N/A,#N/A,2347,#N/A,#N/A,#N/A,#N/A,88 Bailey Street,CARODA,NSW,#N/A,Australia,#N/A,#N/A,#N/A,(03) 5338 4018,#N/A,#N/A,#N/A,#N/A,#N/A,jjoannow@prodly.co.invalid,SVP,#N/A,#N/A,#N/A,#N/A,#N/A,false,#N/A,#N/A,#N/A,#N/A,false,#N/A,#N/A,false,#N/A,#N/A,#N/A,#N/A,Prodly,#N/A,#N/A,false,false,#N/A
b20dffde-7e80-4646-88bb-ff34806d4521,b8676e86-873e-41ee-b619-01b3a56c8f33,Anatol,Dee Dee,#N/A,#N/A,#N/A,#N/A,#N/A,#N/A,#N/A,#N/A,#N/A,#N/A,#N/A,#N/A,#N/A,#N/A,#N/A,#N/A,#N/A,(249) 826-9818,#N/A,#N/A,#N/A,#N/A,#N/A,jjoannow@prodly.co.invalid,EVP & General Counsel,#N/A,#N/A,#N/A,#N/A,"Ms. Seeger has been Executive Vice President and General Counsel of the Company since July 2014. Ms. Seeger joined American Express from McKesson Corporation, a health care services company, where she served as Executive Vice President, General Counsel and Chief Compliance Officer since 2006.",false,#N/A,#N/A,#N/A,#N/A,false,#N/A,#N/A,false,#N/A,#N/A,#N/A,#N/A,Prodly,#N/A,#N/A,false,false,#N/A
f096492e-271a-483c-9558-a83d2bc137fc,366f30ac-06fa-4d07-bd6a-526f628d72f9,Stanly,Antonietta,#N/A,#N/A,#N/A,#N/A,#N/A,#N/A,#N/A,#N/A,#N/A,#N/A,#N/A,#N/A,#N/A,#N/A,#N/A,#N/A,#N/A,(440)475-1488,#N/A,#N/A,#N/A,#N/A,#N/A,jjoannow@prodly.co.invalid,CEO,#N/A,#N/A,#N/A,#N/A,#N/A,false,#N/A,#N/A,#N/A,#N/A,false,#N/A,#N/A,false,#N/A,#N/A,#N/A,#N/A,Prodly,#N/A,#N/A,false,false,#N/A
229d1e5c-6237-4a7b-ac9e-5535fec168db,b01c9288-d7bf-4228-add5-32807ee563b8,Vidovik,Lauraine,#N/A,#N/A,#N/A,#N/A,#N/A,#N/A,#N/A,#N/A,#N/A,#N/A,#N/A,#N/A,#N/A,#N/A,#N/A,#N/A,#N/A,(402)952-5052,#N/A,#N/A,#N/A,#N/A,#N/A,jjoannow@prodly.co.invalid,CEO,#N/A,#N/A,#N/A,#N/A,#N/A,false,#N/A,#N/A,#N/A,#N/A,false,#N/A,#N/A,false,#N/A,#N/A,#N/A,#N/A,Prodly,#N/A,#N/A,false,false,#N/A
d5e9f087-965a-4fc8-82ff-b49a83c0bd2e,687ec0e4-c6b9-4e70-a0f4-f1094656bbb6,Oran,Shawna,#N/A,#N/A,#N/A,#N/A,#N/A,#N/A,#N/A,#N/A,#N/A,#N/A,#N/A,#N/A,#N/A,#N/A,#N/A,#N/A,#N/A,(142) 419-0687,#N/A,#N/A,#N/A,#N/A,#N/A,jjoannow@prodly.co.invalid,CEO,#N/A,#N/A,#N/A,#N/A,#N/A,false,#N/A,#N/A,#N/A,#N/A,false,#N/A,#N/A,false,#N/A,#N/A,#N/A,#N/A,Prodly,#N/A,#N/A,false,false,#N/A
db3c4e4a-1c6f-44c4-b571-2343e0f600c6,0983f854-45ad-4c2e-a205-63920f102444,Russ,Frederica,#N/A,#N/A,#N/A,#N/A,3293,#N/A,#N/A,#N/A,#N/A,88 Bailey Street,GLENTHOMPSON,VIC,#N/A,Australia,#N/A,#N/A,#N/A,(03) 5338 4042,#N/A,#N/A,#N/A,#N/A,#N/A,jjoannow@prodly.co.invalid,SVP,#N/A,#N/A,#N/A,#N/A,#N/A,false,#N/A,#N/A,#N/A,#N/A,false,#N/A,#N/A,false,#N/A,#N/A,#N/A,#N/A,Prodly,#N/A,#N/A,false,false,#N/A
ee065413-0a5b-45e0-94d4-648979f73f22,1243404d-ee73-4286-94cd-8d6a57821109,Glenden,Alena,#N/A,#N/A,#N/A,#N/A,2347,#N/A,#N/A,#N/A,#N/A,26 Dalgarno Street,CARODA,NSW,#N/A,Australia,#N/A,#N/A,#N/A,(03) 5338 4041,#N/A,#N/A,#N/A,#N/A,#N/A,jjoannow@prodly.co.invalid,CFO,#N/A,#N/A,#N/A,#N/A,#N/A,false,#N/A,#N/A,#N/A,#N/A,false,#N/A,#N/A,false,#N/A,#N/A,#N/A,#N/A,Prodly,#N/A,#N/A,false,false,#N/A
de378907-eaae-48a0-a86d-3d43ac1f8628,d023f5b9-1c83-466d-b922-630f7ec2dceb,Georg,Gavrielle,#N/A,#N/A,#N/A,#N/A,#N/A,#N/A,#N/A,#N/A,#N/A,#N/A,#N/A,#N/A,#N/A,#N/A,#N/A,#N/A,#N/A,+81 725 925939,#N/A,#N/A,#N/A,#N/A,#N/A,jjoannow@prodly.co.invalid,"Vice President, IT",#N/A,#N/A,#N/A,#N/A,#N/A,false,#N/A,#N/A,#N/A,#N/A,false,#N/A,#N/A,false,#N/A,#N/A,#N/A,#N/A,Prodly,#N/A,#N/A,false,false,#N/A
317199cf-8db8-45e9-aafc-142d0ff295dc,58fcb992-01d9-44fc-af97-1bdec9cada6b,Ruggiero,Steffi,#N/A,348 St Kilda Road,Melbourne,VIC,3004,Australia,#N/A,#N/A,#N/A,348 St Kilda Road,Melbourne,VIC,3004,Australia,#N/A,#N/A,#N/A,(03) 6276 7738,(03) 6276 7738,0430 276 516,#N/A,#N/A,(03) 6276 7738,jjoannow@prodly.co.invalid,Chief Marketing Officer,Marketing,#N/A,#N/A,#N/A,#N/A,false,#N/A,#N/A,#N/A,#N/A,false,#N/A,#N/A,false,#N/A,#N/A,#N/A,#N/A,Prodly,#N/A,#N/A,false,false,#N/A
af70fce9-af54-410f-93f9-5d012096511b,3c66b37b-b0b5-47a9-bf58-0c9686d72d93,Jimmie,Raphaela,#N/A,#N/A,#N/A,#N/A,#N/A,#N/A,#N/A,#N/A,#N/A,#N/A,#N/A,#N/A,#N/A,#N/A,#N/A,#N/A,#N/A,(116) 278-7739,#N/A,#N/A,#N/A,#N/A,#N/A,jjoannow@prodly.co.invalid,President - Latin America Group,#N/A,#N/A,#N/A,#N/A,#N/A,false,#N/A,#N/A,#N/A,#N/A,false,#N/A,#N/A,false,#N/A,#N/A,#N/A,#N/A,Prodly,#N/A,#N/A,false,false,#N/A
475c9962-9ac6-43e8-9230-17df0a76e936,58fcb992-01d9-44fc-af97-1bdec9cada6b,Juan,Elysha,#N/A,#N/A,#N/A,#N/A,2347,#N/A,#N/A,#N/A,#N/A,26 Dalgarno Street,CARODA,NSW,#N/A,Australia,#N/A,#N/A,#N/A,(03) 5338 3912,#N/A,#N/A,#N/A,#N/A,#N/A,jjoannow@prodly.co.invalid,CFO,#N/A,#N/A,#N/A,#N/A,#N/A,false,#N/A,#N/A,#N/A,#N/A,false,#N/A,#N/A,false,#N/A,#N/A,#N/A,#N/A,Prodly,#N/A,#N/A,false,false,#N/A
8be67a53-899d-4896-93f1-7c317450541e,e555c464-726d-429a-b793-02b41a502538,Anselm,Ketty,#N/A,#N/A,#N/A,#N/A,#N/A,#N/A,#N/A,#N/A,#N/A,39 Crown Street,London,#N/A,SW6 0EP,UK,#N/A,#N/A,#N/A,87 6365 8742,#N/A,#N/A,#N/A,#N/A,#N/A,jjoannow@prodly.co.invalid,SVP,#N/A,#N/A,#N/A,#N/A,#N/A,false,#N/A,#N/A,#N/A,#N/A,false,#N/A,#N/A,false,#N/A,#N/A,#N/A,#N/A,Prodly,#N/A,#N/A,false,false,#N/A
2fc10a51-fdb2-4d20-b70d-0b9754070a02,dc879b26-eef5-4a42-9f54-2f6391bb5444,Griffy,Ethelind,#N/A,#N/A,#N/A,#N/A,3293,#N/A,#N/A,#N/A,#N/A,26 Dalgarno Street,GLENTHOMPSON,VIC,#N/A,Australia,#N/A,#N/A,#N/A,(03) 5338 3963,#N/A,#N/A,#N/A,#N/A,#N/A,jjoannow@prodly.co.invalid,CFO,#N/A,#N/A,#N/A,#N/A,#N/A,false,#N/A,#N/A,#N/A,#N/A,false,#N/A,#N/A,false,#N/A,#N/A,#N/A,#N/A,Prodly,#N/A,#N/A,false,false,#N/A
c029b691-c45d-464b-bbc1-3b32788ad183,ab7ee815-3a11-44cc-b064-55d63536825e,Erroll,Evaleen,#N/A,#N/A,#N/A,#N/A,#N/A,#N/A,#N/A,#N/A,#N/A,#N/A,#N/A,#N/A,#N/A,#N/A,#N/A,#N/A,#N/A,202-555-0107,#N/A,#N/A,#N/A,#N/A,#N/A,jjoannow@prodly.co.invalid,CTO,#N/A,#N/A,#N/A,#N/A,#N/A,false,#N/A,#N/A,#N/A,#N/A,false,#N/A,#N/A,false,#N/A,#N/A,#N/A,#N/A,Prodly,#N/A,#N/A,false,false,#N/A
ed612650-fdad-4382-99b3-d8f3e366a9d2,989094de-5598-4d5a-9c5f-2e1aa671f77c,Olav,Shana,#N/A,#N/A,#N/A,#N/A,#N/A,#N/A,#N/A,#N/A,#N/A,1 East 161st Street,Bronx,NY,10451,USA,#N/A,#N/A,#N/A,(509) 890-9439,#N/A,#N/A,#N/A,#N/A,#N/A,jjoannow@prodly.co.invalid,CFO,#N/A,#N/A,#N/A,#N/A,#N/A,false,#N/A,#N/A,#N/A,#N/A,false,#N/A,#N/A,false,#N/A,#N/A,#N/A,#N/A,Prodly,#N/A,#N/A,false,false,#N/A
2b7518c6-15be-4367-9d2a-5052952f07f5,b09060e7-20a3-4d9f-9123-ffb1a3dfd34a,Andrej,Bette,#N/A,#N/A,#N/A,#N/A,#N/A,#N/A,#N/A,#N/A,#N/A,#N/A,#N/A,#N/A,#N/A,#N/A,#N/A,#N/A,#N/A,(484)576-8706,#N/A,#N/A,#N/A,#N/A,#N/A,jjoannow@prodly.co.invalid,CSO,#N/A,#N/A,#N/A,#N/A,#N/A,false,#N/A,#N/A,#N/A,#N/A,false,#N/A,#N/A,false,#N/A,#N/A,#N/A,#N/A,Prodly,#N/A,#N/A,false,false,#N/A
dbc538a8-863b-44ca-b8fc-fef76027fc0b,1b4f20e0-7e2c-4549-89af-b8d3914ab8cb,Brewer,Lizette,#N/A,#N/A,#N/A,#N/A,#N/A,#N/A,#N/A,#N/A,#N/A,#N/A,#N/A,#N/A,#N/A,#N/A,#N/A,#N/A,#N/A,(385) 941-5704,#N/A,#N/A,#N/A,#N/A,#N/A,jjoannow@prodly.co.invalid,SVP,#N/A,#N/A,#N/A,1975-03-24,"Mr. Chovanec was elected Senior Vice President in June 2014. He heads the Company’s Fundamentals/Supply Appraisal Team which was formed in 2010 and is responsible for the evaluation of the key supply and demand trends around the Company’s five business lines: Natural Gas, Natural Gas Liquids, Crude Oil, Refined Products and Petrochemicals. These analyses are used in our commercial activities and in evaluating capital investment opportunities.",false,#N/A,#N/A,#N/A,#N/A,false,#N/A,#N/A,false,#N/A,#N/A,#N/A,#N/A,Prodly,#N/A,#N/A,false,false,#N/A
d7449243-44bb-4679-b0fd-264d9c87e1ee,0983f854-45ad-4c2e-a205-63920f102444,Heindrick,Roxana,#N/A,#N/A,#N/A,#N/A,2454,#N/A,#N/A,#N/A,#N/A,32 Railway Street,KALANG,NSW,#N/A,Australia,#N/A,#N/A,#N/A,(03) 5338 4043,#N/A,#N/A,#N/A,#N/A,#N/A,jjoannow@prodly.co.invalid,CEO,#N/A,#N/A,#N/A,#N/A,#N/A,false,#N/A,#N/A,#N/A,#N/A,false,#N/A,#N/A,false,#N/A,#N/A,#N/A,#N/A,Prodly,#N/A,#N/A,false,false,#N/A
6e6e6153-5162-4eae-aff1-d9a6cfb4c572,d023f5b9-1c83-466d-b922-630f7ec2dceb,Urbano,Pauli,#N/A,#N/A,#N/A,#N/A,#N/A,#N/A,#N/A,#N/A,#N/A,#N/A,#N/A,#N/A,#N/A,#N/A,#N/A,#N/A,#N/A,+81 725 925939,#N/A,#N/A,#N/A,#N/A,#N/A,jjoannow@prodly.co.invalid,CIO,#N/A,#N/A,#N/A,#N/A,#N/A,false,#N/A,#N/A,#N/A,#N/A,false,#N/A,#N/A,false,#N/A,#N/A,#N/A,#N/A,Prodly,#N/A,#N/A,false,false,#N/A
0cfeac2d-012a-4b86-affd-93e307cdbf09,ec1db4a3-33fa-446f-a7aa-4dfca9d8017d,Earlie,Lucienne,#N/A,#N/A,#N/A,#N/A,#N/A,#N/A,#N/A,#N/A,#N/A,#N/A,#N/A,#N/A,#N/A,#N/A,#N/A,#N/A,#N/A,011 49 69 3576 6843,#N/A,#N/A,#N/A,#N/A,#N/A,jjoannow@prodly.co.invalid,COO,#N/A,#N/A,#N/A,#N/A,#N/A,false,#N/A,#N/A,#N/A,#N/A,false,#N/A,#N/A,false,#N/A,#N/A,#N/A,#N/A,Prodly,#N/A,#N/A,false,false,#N/A
cb431bd7-7b75-47ef-ac4c-90e236e73e64,d25f9e87-c125-482b-93bb-ce34d731180f,Ty,Dael,#N/A,#N/A,#N/A,#N/A,#N/A,#N/A,#N/A,#N/A,#N/A,2001 Blake Street,Denver,CO,80205,USA,#N/A,#N/A,#N/A,(590) 978-4167,#N/A,#N/A,#N/A,#N/A,#N/A,jjoannow@prodly.co.invalid,"SVP, Chief Administrative Officer",#N/A,#N/A,#N/A,#N/A,"Marc A. Howze is Senior Vice President and Chief Administrative Officer, Deere & Company, a position he was appointed to in November 2016. In this role, he has responsibility for the primary administrative activities of the company, including Human Resources, Labor Relations, Public Affairs, Communications, Brand Management, and Security.",false,#N/A,#N/A,#N/A,#N/A,false,#N/A,#N/A,false,#N/A,#N/A,#N/A,#N/A,Prodly,#N/A,#N/A,false,false,#N/A
f1d383e8-bb15-4a86-8d7b-8aa1a454e691,0231da6a-f192-45c1-90b5-d11ea138fd7b,Haven,Nadean,#N/A,#N/A,#N/A,#N/A,#N/A,#N/A,#N/A,#N/A,#N/A,#N/A,#N/A,#N/A,#N/A,#N/A,#N/A,#N/A,#N/A,(525) 285-5100,#N/A,#N/A,#N/A,#N/A,#N/A,jjoannow@prodly.co.invalid,CHRO,#N/A,#N/A,#N/A,#N/A,"Tim Huval joined Humana as Senior Vice President and Chief Human Resources Officer, where he leads all aspects of human resources, including talent acquisition, inclusion and diversity, learning, succession management, engagement, compensation and benefits, health and well‐being, enterprise solutions, and business services – procurement, facilities, real estate, and safety and security.",false,#N/A,#N/A,#N/A,#N/A,false,#N/A,#N/A,false,#N/A,#N/A,#N/A,#N/A,Prodly,#N/A,#N/A,false,false,#N/A
5436dcff-7299-4811-b597-c0a542a5919f,63488cc8-bb96-4b19-a250-1e86771ba2d6,Patricio,Dinnie,#N/A,#N/A,#N/A,#N/A,#N/A,#N/A,#N/A,#N/A,#N/A,24 Willie Mays Plaza,San Francisco,CA,94107,USA,#N/A,#N/A,#N/A,(408) 638-5768,#N/A,#N/A,#N/A,#N/A,#N/A,jjoannow@prodly.co.invalid,"Charman, Walt Disney International",#N/A,#N/A,#N/A,#N/A,#N/A,false,#N/A,#N/A,#N/A,#N/A,false,#N/A,#N/A,false,#N/A,#N/A,#N/A,#N/A,Prodly,#N/A,#N/A,false,false,#N/A
b41103c2-ccb7-45f8-9fb9-0e5883c594c6,39ca738a-3930-4a69-a083-9baebe0bd47e,Brannon,Kaye,#N/A,#N/A,#N/A,#N/A,2454,#N/A,#N/A,#N/A,#N/A,88 Bailey Street,KALANG,NSW,#N/A,Australia,#N/A,#N/A,#N/A,(03) 5338 3931,#N/A,#N/A,#N/A,#N/A,#N/A,jjoannow@prodly.co.invalid,SVP,#N/A,#N/A,#N/A,#N/A,#N/A,false,#N/A,#N/A,#N/A,#N/A,false,#N/A,#N/A,false,#N/A,#N/A,#N/A,#N/A,Prodly,#N/A,#N/A,false,false,#N/A
d77d8183-c1da-490f-8a46-3fd81ea08050,01d60599-0870-4bce-a802-e1079d380e84,Theodoric,Tanhya,#N/A,#N/A,#N/A,#N/A,#N/A,#N/A,#N/A,#N/A,#N/A,#N/A,#N/A,#N/A,#N/A,#N/A,#N/A,#N/A,#N/A,(908) 616-8890,#N/A,#N/A,#N/A,#N/A,#N/A,jjoannow@prodly.co.invalid,"EVP, Legal & Government Affairs, General Counsel, Corporate Secretary",#N/A,#N/A,#N/A,1976-01-24,"Paula Johnson is executive vice president, Legal and Government affairs, general counsel, and corporate secretary for Phillips 66, a diversified energy manufacturing and logistics company. She has nearly 25 years of legal experience.",false,#N/A,#N/A,#N/A,#N/A,false,#N/A,#N/A,false,#N/A,#N/A,#N/A,#N/A,Prodly,#N/A,#N/A,false,false,#N/A
c1057ba5-c338-444e-b354-351d8f6f8790,01d60599-0870-4bce-a802-e1079d380e84,Rees,Willow,#N/A,#N/A,#N/A,#N/A,#N/A,#N/A,#N/A,#N/A,#N/A,#N/A,#N/A,#N/A,#N/A,#N/A,#N/A,#N/A,#N/A,202-555-0112,#N/A,#N/A,#N/A,#N/A,#N/A,jjoannow@prodly.co.invalid,CSO,#N/A,#N/A,#N/A,#N/A,#N/A,false,#N/A,#N/A,#N/A,#N/A,false,#N/A,#N/A,false,#N/A,#N/A,#N/A,#N/A,Prodly,#N/A,#N/A,false,false,#N/A
591e9cc2-8153-4c9c-8ae6-19900a281394,29ca5f3e-f69b-43c5-96db-f0fcb2934ade,Mill,Morganne,#N/A,#N/A,#N/A,#N/A,#N/A,#N/A,#N/A,#N/A,#N/A,#N/A,#N/A,#N/A,#N/A,#N/A,#N/A,#N/A,#N/A,(625) 767-8981,#N/A,#N/A,#N/A,#N/A,#N/A,jjoannow@prodly.co.invalid,"SVP, Chief communications Officer",#N/A,#N/A,#N/A,#N/A,#N/A,false,#N/A,#N/A,#N/A,#N/A,false,#N/A,#N/A,false,#N/A,#N/A,#N/A,#N/A,Prodly,#N/A,#N/A,false,false,#N/A
55255eb1-9f33-4964-a08e-0e4a87101eff,39a37eb5-2b43-45df-b870-c05664e05692,Martino,Felipa,#N/A,#N/A,#N/A,#N/A,#N/A,#N/A,#N/A,#N/A,#N/A,#N/A,#N/A,#N/A,#N/A,#N/A,#N/A,#N/A,#N/A,(677) 222-6736,#N/A,#N/A,#N/A,#N/A,#N/A,jjoannow@prodly.co.invalid,"EVP, Secretary and General Counsel",#N/A,#N/A,#N/A,#N/A,"Augusto P. Aragone serves as Executive Vice President, Secretary and General Counsel for Ingram Micro Inc., a leader in delivering the full spectrum of global technology and supply-chain solutions to businesses around the world.",false,#N/A,#N/A,#N/A,#N/A,false,#N/A,#N/A,false,#N/A,#N/A,#N/A,#N/A,Prodly,#N/A,#N/A,false,false,#N/A
db1affb1-9bf9-43cb-abb7-95c4cb553990,194a8c6e-181d-40bb-84ff-36775a792b3d,Gay,Madge,#N/A,#N/A,#N/A,#N/A,#N/A,#N/A,#N/A,#N/A,#N/A,#N/A,#N/A,#N/A,#N/A,#N/A,#N/A,#N/A,#N/A,(881) 619-2143,#N/A,#N/A,#N/A,#N/A,#N/A,jjoannow@prodly.co.invalid,Vice President-Transportation,#N/A,#N/A,#N/A,#N/A,#N/A,false,#N/A,#N/A,#N/A,#N/A,false,#N/A,#N/A,false,#N/A,#N/A,#N/A,#N/A,Prodly,#N/A,#N/A,false,false,#N/A
82256e4e-dcfd-48e6-bedb-6c74d96d52e6,820ddc74-222e-4f6c-86b0-c2bb1fe06fcc,Brian,Betty,#N/A,200 George Street,Sydney,NSW,2000,Australia,#N/A,#N/A,#N/A,200 George Street,Sydney,NSW,2000,Australia,#N/A,#N/A,#N/A,(02) 6152 6755,(02) 6152 6755,0414 654 584,#N/A,#N/A,(02) 6152 6755,jjoannow@prodly.co.invalid,Business Analyst,IT,#N/A,#N/A,#N/A,#N/A,false,#N/A,#N/A,#N/A,#N/A,false,#N/A,#N/A,false,#N/A,#N/A,#N/A,#N/A,Prodly,#N/A,#N/A,false,false,#N/A
c7f4119e-81d7-4b3e-91be-dbbc097b9e17,d53be6fe-9499-48b8-aff2-fb8a854294fe,Fairleigh,Ekaterina,#N/A,#N/A,#N/A,#N/A,2454,#N/A,#N/A,#N/A,#N/A,88 Bailey Street,KALANG,NSW,#N/A,Australia,#N/A,#N/A,#N/A,(03) 5338 3943,#N/A,#N/A,#N/A,#N/A,#N/A,jjoannow@prodly.co.invalid,SVP,#N/A,#N/A,#N/A,#N/A,#N/A,false,#N/A,#N/A,#N/A,#N/A,false,#N/A,#N/A,false,#N/A,#N/A,#N/A,#N/A,Prodly,#N/A,#N/A,false,false,#N/A
1e87d8d3-9902-43d4-ae8f-e8a042464f6d,71741663-e680-4352-8de9-d7f0fad54026,Steven,Carlie,#N/A,#N/A,#N/A,#N/A,#N/A,#N/A,#N/A,#N/A,#N/A,#N/A,#N/A,#N/A,#N/A,#N/A,#N/A,#N/A,#N/A,(552) 456-2839,#N/A,#N/A,#N/A,#N/A,#N/A,jjoannow@prodly.co.invalid,"EVP, Chief Adminstrative Officer & General Counsel",#N/A,#N/A,#N/A,#N/A,"Hilary Krane brings global expertise in corporate law, mergers and acquisitions, brand protection, and government affairs to her role as EVP, Chief Administrative Officer & General Counsel for NIKE, Inc. Krane joined the company from Levi Strauss & Company, where she held various roles including Senior Vice President, General Counsel and Corporate Affairs.",false,#N/A,#N/A,#N/A,#N/A,false,#N/A,#N/A,false,#N/A,#N/A,#N/A,#N/A,Prodly,#N/A,#N/A,false,false,#N/A
9f59cbb7-fd03-4229-a3df-e891a1dd895b,e8b1df73-2693-4997-b345-adf992fbb341,Batholomew,Roseanna,#N/A,#N/A,#N/A,#N/A,#N/A,#N/A,#N/A,#N/A,#N/A,#N/A,#N/A,#N/A,#N/A,#N/A,#N/A,#N/A,#N/A,(402)952-5051,#N/A,#N/A,#N/A,#N/A,#N/A,jjoannow@prodly.co.invalid,CFO,#N/A,#N/A,#N/A,#N/A,#N/A,false,#N/A,#N/A,#N/A,#N/A,false,#N/A,#N/A,false,#N/A,#N/A,#N/A,#N/A,Prodly,#N/A,#N/A,false,false,#N/A
291b1af4-84aa-4179-a443-86a2108f87d9,60135a75-1be6-4d4c-a56d-f11b48cf1a8d,Riordan,Gretna,#N/A,#N/A,#N/A,#N/A,3293,#N/A,#N/A,#N/A,#N/A,32 Railway Street,GLENTHOMPSON,VIC,#N/A,Australia,#N/A,#N/A,#N/A,(03) 5338 3980,#N/A,#N/A,#N/A,#N/A,#N/A,jjoannow@prodly.co.invalid,CEO,#N/A,#N/A,#N/A,#N/A,#N/A,false,#N/A,#N/A,#N/A,#N/A,false,#N/A,#N/A,false,#N/A,#N/A,#N/A,#N/A,Prodly,#N/A,#N/A,false,false,#N/A
85208f79-3d83-48ea-91d5-6b33cb9c436d,83dc89fc-8868-49a6-8638-db4d191b4c50,Ruggiero,Amanda,#N/A,#N/A,#N/A,#N/A,#N/A,#N/A,#N/A,#N/A,#N/A,#N/A,#N/A,#N/A,#N/A,#N/A,#N/A,#N/A,#N/A,+33 0 1 42 14 20 00,#N/A,#N/A,#N/A,#N/A,#N/A,jjoannow@prodly.co.invalid,COO,#N/A,#N/A,#N/A,#N/A,#N/A,false,#N/A,#N/A,#N/A,#N/A,false,#N/A,#N/A,false,#N/A,#N/A,#N/A,#N/A,Prodly,#N/A,#N/A,false,false,#N/A
d717289d-dd04-4366-905e-d69d110c2d62,fe981786-e62e-4e7c-9912-0f705b23f2af,Johan,Charita,#N/A,350 Collins Street,Melbourne,VIC,3000,Australia,#N/A,#N/A,#N/A,350 Collins Street,Melbourne,VIC,3000,Australia,#N/A,#N/A,#N/A,(03) 7239 6429,(03) 7239 6429,0416 296 502,#N/A,#N/A,(03) 7239 6429,jjoannow@prodly.co.invalid,Director-Human Resources,HR,#N/A,#N/A,#N/A,#N/A,false,#N/A,#N/A,#N/A,#N/A,false,#N/A,#N/A,false,#N/A,#N/A,#N/A,#N/A,Prodly,#N/A,#N/A,false,false,#N/A
15bd79c5-0ffc-464a-9dd1-18fad795e69f,ec4fe2b0-83be-4a18-8a3b-0262fd09ea76,Marlow,Edyth,#N/A,57 Clifton Dr,Bacchus Marsh,VIC,3340,Australia,#N/A,#N/A,#N/A,57 Clifton Dr,Bacchus Marsh,VIC,3340,Australia,#N/A,#N/A,#N/A,(03) 8727 8630,(03) 8727 8630,0430 586 857,#N/A,#N/A,(03) 8727 8630,jjoannow@prodly.co.invalid,Head of Partner Relations,Sales,#N/A,#N/A,#N/A,#N/A,false,#N/A,#N/A,#N/A,#N/A,false,#N/A,#N/A,false,#N/A,#N/A,#N/A,#N/A,Prodly,#N/A,#N/A,false,false,#N/A
d4c3b5a0-669d-4fcf-b2b3-247e7b3ab14b,b31cc650-8ca5-4641-86fc-37d3bfcaac76,Linc,Cinderella,#N/A,#N/A,#N/A,#N/A,#N/A,#N/A,#N/A,#N/A,#N/A,1265 Lombardi Avenue,Green Bay,WI,54304,USA,#N/A,#N/A,#N/A,(174) 392-7361,#N/A,#N/A,#N/A,#N/A,#N/A,jjoannow@prodly.co.invalid,CEO,#N/A,#N/A,#N/A,1973-07-24,"Diana Farrell is the founding President and Chief Executive Officer of the JPMorgan Chase Institute. Previously, Diana was the Global Head of the McKinsey Center for Government, providing research, proprietary data and other tools to support government leaders focused on improving performance.",false,#N/A,#N/A,#N/A,#N/A,false,#N/A,#N/A,false,#N/A,#N/A,#N/A,#N/A,Prodly,#N/A,#N/A,false,false,#N/A
0594220f-920b-4d5c-814d-eefb111cacff,ab96b432-45f8-4254-bdab-fffc68af26e7,Ase,Christen,#N/A,#N/A,#N/A,#N/A,#N/A,#N/A,#N/A,#N/A,#N/A,#N/A,#N/A,#N/A,#N/A,#N/A,#N/A,#N/A,#N/A,+41 22 343 80 14,#N/A,#N/A,#N/A,#N/A,#N/A,jjoannow@prodly.co.invalid,"Vice President, IT",#N/A,#N/A,#N/A,1977-01-24,#N/A,false,#N/A,#N/A,#N/A,#N/A,false,#N/A,#N/A,false,#N/A,#N/A,#N/A,#N/A,Prodly,#N/A,#N/A,false,false,#N/A
1d763582-9b1b-49c8-af94-9a77938528d3,838737cb-ca38-4df7-892f-df722e0f1e7b,Nikolaos,Babbette,#N/A,#N/A,#N/A,#N/A,#N/A,#N/A,#N/A,#N/A,#N/A,97 Gordon Terrace,BARTON BENDISH,#N/A,PE33 1YD,UK,#N/A,#N/A,#N/A,070 4352 5277,#N/A,#N/A,#N/A,#N/A,#N/A,jjoannow@prodly.co.invalid,CFO,#N/A,#N/A,#N/A,#N/A,#N/A,false,#N/A,#N/A,#N/A,#N/A,false,#N/A,#N/A,false,#N/A,#N/A,#N/A,#N/A,Prodly,#N/A,#N/A,false,false,#N/A
7cb8708e-2c24-459c-9793-e135abbf0012,f048b26f-43df-4442-922a-f0f648d7051d,Berkie,Bernie,#N/A,#N/A,#N/A,#N/A,#N/A,#N/A,#N/A,#N/A,#N/A,#N/A,#N/A,#N/A,#N/A,#N/A,#N/A,#N/A,#N/A,(552) 244-3176,#N/A,#N/A,#N/A,#N/A,#N/A,jjoannow@prodly.co.invalid,SVP General Counsel,#N/A,#N/A,#N/A,#N/A,"Prior to taking this role in 2017, Anne was Honeywell’s Vice President, Corporate Development and Global Head of M&A, leading acquisition and divestiture activities for 16 years. During her tenure, Honeywell made around 100 acquisitions, representing approximately $15 billion in revenues and divested about 70 businesses, representing close to $9 billion of non-core revenues.",false,#N/A,#N/A,#N/A,#N/A,false,#N/A,#N/A,false,#N/A,#N/A,#N/A,#N/A,Prodly,#N/A,#N/A,false,false,#N/A
aa8f00ba-2420-4d52-adf4-eae2051e40c6,fe83115d-1b24-4ca4-951f-9dbf397747e6,Gregor,Jennie,#N/A,#N/A,#N/A,#N/A,#N/A,#N/A,#N/A,#N/A,#N/A,39 Crown Street,London,#N/A,SW6 0EP,UK,#N/A,#N/A,#N/A,077 6365 8742,#N/A,#N/A,#N/A,#N/A,#N/A,jjoannow@prodly.co.invalid,SVP,#N/A,#N/A,#N/A,#N/A,#N/A,false,#N/A,#N/A,#N/A,#N/A,false,#N/A,#N/A,false,#N/A,#N/A,#N/A,#N/A,Prodly,#N/A,#N/A,false,false,#N/A
fd17123a-8519-4a98-a18a-f1dcc6a916ea,24c37fae-9e9b-4767-a679-98a2d77ecdba,Dallas,Janetta,#N/A,#N/A,#N/A,#N/A,2454,#N/A,#N/A,#N/A,#N/A,32 Railway Street,KALANG,NSW,#N/A,Australia,#N/A,#N/A,#N/A,(03) 5338 4061,#N/A,#N/A,#N/A,#N/A,#N/A,jjoannow@prodly.co.invalid,CEO,#N/A,#N/A,#N/A,#N/A,#N/A,false,#N/A,#N/A,#N/A,#N/A,false,#N/A,#N/A,false,#N/A,#N/A,#N/A,#N/A,Prodly,#N/A,#N/A,false,false,#N/A
8d4514cf-81a3-47e0-af82-b20f6782e7f6,4b80d5c3-49f6-48da-83f2-8ba3d7b52d80,Benedick,Frances,#N/A,#N/A,#N/A,#N/A,#N/A,#N/A,#N/A,#N/A,#N/A,#N/A,#N/A,#N/A,#N/A,#N/A,#N/A,#N/A,#N/A,(559) 986-2778,#N/A,#N/A,#N/A,#N/A,#N/A,jjoannow@prodly.co.invalid,CHRO,#N/A,#N/A,#N/A,#N/A,"Ruth Fattori is Executive Vice President and Chief Human Resources Officer of PepsiCo. In its global portfolio of food and beverage brands, PepsiCo has 22 different brands that generate more than $1 billion each in estimated annual retail sales.",false,#N/A,#N/A,#N/A,#N/A,false,#N/A,#N/A,false,#N/A,#N/A,#N/A,#N/A,Prodly,#N/A,#N/A,false,false,#N/A
54e9f3bc-325f-4864-9842-5911546f6616,fe83115d-1b24-4ca4-951f-9dbf397747e6,Patsy,Dorine,#N/A,#N/A,#N/A,#N/A,#N/A,#N/A,#N/A,#N/A,#N/A,14 Ross Road,Marple,#N/A,SK6 4HJ,UK,#N/A,#N/A,#N/A,078 0017 4455,#N/A,#N/A,#N/A,#N/A,#N/A,jjoannow@prodly.co.invalid,CEO,#N/A,#N/A,#N/A,#N/A,#N/A,false,#N/A,#N/A,#N/A,#N/A,false,#N/A,#N/A,false,#N/A,#N/A,#N/A,#N/A,Prodly,#N/A,#N/A,false,false,#N/A
4fb6c65e-a0ff-4a3d-a2d9-d6fdd971a80c,d8b37903-170a-46f1-a891-24eb1dafc178,Prent,Guinna,#N/A,#N/A,#N/A,#N/A,#N/A,#N/A,#N/A,#N/A,#N/A,#N/A,#N/A,#N/A,#N/A,#N/A,#N/A,#N/A,#N/A,(484)576-8706,#N/A,#N/A,#N/A,#N/A,#N/A,jjoannow@prodly.co.invalid,CSO,#N/A,#N/A,#N/A,#N/A,#N/A,false,#N/A,#N/A,#N/A,#N/A,false,#N/A,#N/A,false,#N/A,#N/A,#N/A,#N/A,Prodly,#N/A,#N/A,false,false,#N/A
6176bba8-c98a-48c1-b9b4-e7439b7be6d7,fe981786-e62e-4e7c-9912-0f705b23f2af,Clem,Cherice,#N/A,40 Toirram Cr,Cranbourne,VIC,3977,Australia,#N/A,#N/A,#N/A,40 Toirram Cr,Cranbourne,VIC,3977,Australia,#N/A,#N/A,#N/A,(03) 7431 6574,(03) 7431 6574,0418 891 451,#N/A,#N/A,(03) 7431 6574,jjoannow@prodly.co.invalid,Director of Public Relations,Marketing,#N/A,#N/A,#N/A,#N/A,false,#N/A,#N/A,#N/A,#N/A,false,#N/A,#N/A,false,#N/A,#N/A,#N/A,#N/A,Prodly,#N/A,#N/A,false,false,#N/A
b282a49f-a2aa-424c-9a1f-e3d1a130474b,9012b860-a22c-4bc3-8153-993c20d04218,Bart,Gale,#N/A,#N/A,#N/A,#N/A,2454,#N/A,#N/A,#N/A,#N/A,32 Railway Street,KALANG,NSW,#N/A,Australia,#N/A,#N/A,#N/A,(03) 5338 4052,#N/A,#N/A,#N/A,#N/A,#N/A,jjoannow@prodly.co.invalid,CEO,#N/A,#N/A,#N/A,#N/A,#N/A,false,#N/A,#N/A,#N/A,#N/A,false,#N/A,#N/A,false,#N/A,#N/A,#N/A,#N/A,Prodly,#N/A,#N/A,false,false,#N/A
dad15b2c-7976-4c03-8595-66b0b9288886,fe981786-e62e-4e7c-9912-0f705b23f2af,Egon,Jerrie,#N/A,#N/A,#N/A,#N/A,2454,#N/A,#N/A,#N/A,#N/A,26 Dalgarno Street,KALANG,NSW,#N/A,Australia,#N/A,#N/A,#N/A,(03) 5338 3993,#N/A,#N/A,#N/A,#N/A,#N/A,jjoannow@prodly.co.invalid,CFO,#N/A,#N/A,#N/A,#N/A,#N/A,false,#N/A,#N/A,#N/A,#N/A,false,#N/A,#N/A,false,#N/A,#N/A,#N/A,#N/A,Prodly,#N/A,#N/A,false,false,#N/A
ffebe4a5-d62d-431b-b47c-6e7715155307,af271580-40f5-4d49-b1ea-03b49850606f,Eugene,Gabriela,#N/A,#N/A,#N/A,#N/A,2347,#N/A,#N/A,#N/A,#N/A,88 Bailey Street,CARODA,NSW,#N/A,Australia,#N/A,#N/A,#N/A,(03) 5338 4000,#N/A,#N/A,#N/A,#N/A,#N/A,jjoannow@prodly.co.invalid,SVP,#N/A,#N/A,#N/A,#N/A,#N/A,false,#N/A,#N/A,#N/A,#N/A,false,#N/A,#N/A,false,#N/A,#N/A,#N/A,#N/A,Prodly,#N/A,#N/A,false,false,#N/A
79d399dd-bcbc-4151-af12-2a2f3328cab9,b01c9288-d7bf-4228-add5-32807ee563b8,Redford,Jeana,#N/A,#N/A,#N/A,#N/A,#N/A,#N/A,#N/A,#N/A,#N/A,#N/A,#N/A,#N/A,#N/A,#N/A,#N/A,#N/A,#N/A,(535) 474-3781,#N/A,#N/A,#N/A,#N/A,#N/A,jjoannow@prodly.co.invalid,CEO,#N/A,#N/A,#N/A,#N/A,"David Cordani became President and CEO of Cigna in 2009 and has spearheaded its transformation into a leading global health service company, doubling the size of the company in six years. He is a prominent voice addressing key health challenges, such as the empowering of individuals to manage their own health, innovating new health delivery models focused on patients’ health improvements, and partnering with physicians to focus on wellness, and improving clinical quality.",false,#N/A,#N/A,#N/A,#N/A,false,#N/A,#N/A,false,#N/A,#N/A,#N/A,#N/A,Prodly,#N/A,#N/A,false,false,#N/A
181a7b4e-94b9-4d06-a302-236bb062e09d,2aaa3f1b-0810-40c9-a48e-691cc50d9dac,Woody,Jenna,#N/A,#N/A,#N/A,#N/A,#N/A,#N/A,#N/A,#N/A,#N/A,24 Willie Mays Plaza,San Francisco,CA,94107,USA,#N/A,#N/A,#N/A,(225) 640-7769,#N/A,#N/A,#N/A,#N/A,#N/A,jjoannow@prodly.co.invalid,Chief Digital Officer,#N/A,#N/A,#N/A,#N/A,#N/A,false,#N/A,#N/A,#N/A,#N/A,false,#N/A,#N/A,false,#N/A,#N/A,#N/A,#N/A,Prodly,#N/A,#N/A,false,false,#N/A
17e74ad7-28d7-4d8d-bf5a-9ea41922e623,838737cb-ca38-4df7-892f-df722e0f1e7b,Leigh,Caresse,#N/A,#N/A,#N/A,#N/A,#N/A,#N/A,#N/A,#N/A,#N/A,#N/A,#N/A,#N/A,#N/A,#N/A,#N/A,#N/A,#N/A,011 49 69 3576 6843,#N/A,#N/A,#N/A,#N/A,#N/A,jjoannow@prodly.co.invalid,"Vice President, IT",#N/A,#N/A,#N/A,#N/A,#N/A,false,#N/A,#N/A,#N/A,#N/A,false,#N/A,#N/A,false,#N/A,#N/A,#N/A,#N/A,Prodly,#N/A,#N/A,false,false,#N/A
fcc7de29-8445-49a1-a3e8-71b80c559cb3,ec1db4a3-33fa-446f-a7aa-4dfca9d8017d,Gibbie,Mommy,#N/A,#N/A,#N/A,#N/A,#N/A,#N/A,#N/A,#N/A,#N/A,39 Crown Street,London,#N/A,SW6 0EP,UK,#N/A,#N/A,#N/A,077 6365 8742,#N/A,#N/A,#N/A,#N/A,#N/A,jjoannow@prodly.co.invalid,SVP,#N/A,#N/A,#N/A,#N/A,#N/A,false,#N/A,#N/A,#N/A,#N/A,false,#N/A,#N/A,false,#N/A,#N/A,#N/A,#N/A,Prodly,#N/A,#N/A,false,false,#N/A
0cb59902-b7d1-4993-9ce8-9a6f168be968,a757a03e-2ada-4533-ad05-fd33f887c8bb,White,Carole,#N/A,#N/A,#N/A,#N/A,#N/A,#N/A,#N/A,#N/A,#N/A,150 Chestnut Street,Toronto,Ontario,L4B 1Y3,Canada,#N/A,#N/A,#N/A,(415) 555-1212,#N/A,#N/A,#N/A,#N/A,#N/A,jjoannow@prodly.co.invalid,VP Sales,#N/A,#N/A,Employee Referral,#N/A,Carole White is looking at moving forward with our products and will act as the champion for us.,false,#N/A,#N/A,#N/A,#N/A,false,#N/A,#N/A,false,#N/A,#N/A,#N/A,#N/A,#N/A,#N/A,#N/A,false,false,#N/A
a7e7328c-13a5-4f1e-a26a-bd2771c47109,217f512a-ace2-4a1b-9a0c-005f95f1aa95,Hillyer,Ivory,#N/A,#N/A,#N/A,#N/A,#N/A,#N/A,#N/A,#N/A,#N/A,2001 Blake Street,Denver,CO,80205,USA,#N/A,#N/A,#N/A,(239) 553-2559,#N/A,#N/A,#N/A,#N/A,#N/A,jjoannow@prodly.co.invalid,CEO,#N/A,#N/A,#N/A,#N/A,"As CEO of Delta Air Lines, Ed Bastian’s primary responsibility is to champion the company’s employee-driven, customer-focused culture and inspire the spirit of innovation that is the foundation of Delta’s success.",false,#N/A,#N/A,#N/A,#N/A,false,#N/A,#N/A,false,#N/A,#N/A,#N/A,#N/A,Prodly,#N/A,#N/A,false,false,#N/A
56ce2d07-53be-4e77-8230-8e8e0ea59cf9,b08ff41e-a88c-4474-b658-d4bfa83df38d,Godfrey,Charleen,#N/A,#N/A,#N/A,#N/A,#N/A,#N/A,#N/A,#N/A,#N/A,#N/A,#N/A,#N/A,#N/A,#N/A,#N/A,#N/A,#N/A,(897) 729-9607,#N/A,#N/A,#N/A,#N/A,#N/A,jjoannow@prodly.co.invalid,CEO,#N/A,#N/A,#N/A,#N/A,"Ian C. Read leads Pfizer, one of the world’s premier innovative biopharmaceutical companies, which brings therapies to patients that significantly improve their lives. These include medicines, vaccines and many of the world’s best-known consumer health care products",false,#N/A,#N/A,#N/A,#N/A,false,#N/A,#N/A,false,#N/A,#N/A,#N/A,#N/A,Prodly,#N/A,#N/A,false,false,#N/A
3572a17d-b4b0-42b3-8dc4-0d394237589f,6320c506-ff02-4baf-8f16-c6a8a19f8565,Maurise,Harlene,#N/A,#N/A,#N/A,#N/A,3293,#N/A,#N/A,#N/A,#N/A,88 Bailey Street,GLENTHOMPSON,VIC,#N/A,Australia,#N/A,#N/A,#N/A,(03) 5338 4048,#N/A,#N/A,#N/A,#N/A,#N/A,jjoannow@prodly.co.invalid,SVP,#N/A,#N/A,#N/A,#N/A,#N/A,false,#N/A,#N/A,#N/A,#N/A,false,#N/A,#N/A,false,#N/A,#N/A,#N/A,#N/A,Prodly,#N/A,#N/A,false,false,#N/A
ff267d06-7502-4fc9-9b02-2db3ef7c4ea1,e555c464-726d-429a-b793-02b41a502538,Lambert,Mildred,#N/A,#N/A,#N/A,#N/A,#N/A,#N/A,#N/A,#N/A,#N/A,#N/A,#N/A,#N/A,#N/A,#N/A,#N/A,#N/A,#N/A,+44 20 5678 9900,#N/A,#N/A,#N/A,#N/A,#N/A,jjoannow@prodly.co.invalid,CEO,#N/A,#N/A,#N/A,#N/A,#N/A,false,#N/A,#N/A,#N/A,#N/A,false,#N/A,#N/A,false,#N/A,#N/A,#N/A,#N/A,Prodly,#N/A,#N/A,false,false,#N/A
97f1bd3b-8e13-4d55-ba6a-9cea30cd3cef,01d60599-0870-4bce-a802-e1079d380e84,Mannie,Cass,#N/A,#N/A,#N/A,#N/A,#N/A,#N/A,#N/A,#N/A,#N/A,1 Met Life Stadium Drive,East Rutherford,NJ,7073,USA,#N/A,#N/A,#N/A,(753) 983-6203,#N/A,#N/A,#N/A,#N/A,#N/A,jjoannow@prodly.co.invalid,CFO,#N/A,#N/A,#N/A,#N/A,"Kevin J. Mitchell is executive vice president, Finance, and chief financial officer for Phillips 66, a diversified energy manufacturing and logistics company. Reporting to the chairman and CEO, Mitchell leads the company’s treasury, accounting, auditing, tax and information technology operations.",false,#N/A,#N/A,#N/A,#N/A,false,#N/A,#N/A,false,#N/A,#N/A,#N/A,#N/A,Prodly,#N/A,#N/A,false,false,#N/A
34520f3e-ecb5-4a96-86ff-3e3033a94d8e,d855bf74-e885-4ce8-82cc-3149e020b3cf,Wilt,Irita,#N/A,#N/A,#N/A,#N/A,2454,#N/A,#N/A,#N/A,#N/A,88 Bailey Street,KALANG,NSW,#N/A,Australia,#N/A,#N/A,#N/A,(03) 5338 3934,#N/A,#N/A,#N/A,#N/A,#N/A,jjoannow@prodly.co.invalid,SVP,#N/A,#N/A,#N/A,#N/A,#N/A,false,#N/A,#N/A,#N/A,#N/A,false,#N/A,#N/A,false,#N/A,#N/A,#N/A,#N/A,Prodly,#N/A,#N/A,false,false,#N/A
61c86424-6bf0-4a9a-ae02-3d8644ddcd68,b491c743-48bf-492e-b0a6-6e7d3d442969,Valle,Robenia,#N/A,#N/A,#N/A,#N/A,#N/A,#N/A,#N/A,#N/A,#N/A,#N/A,#N/A,#N/A,#N/A,#N/A,#N/A,#N/A,#N/A,(440)475-1490,#N/A,#N/A,#N/A,#N/A,#N/A,jjoannow@prodly.co.invalid,CFO,#N/A,#N/A,#N/A,#N/A,#N/A,false,#N/A,#N/A,#N/A,#N/A,false,#N/A,#N/A,false,#N/A,#N/A,#N/A,#N/A,Prodly,#N/A,#N/A,false,false,#N/A
abd2f29a-30fb-40e5-a3be-a6cd443a09be,79885fd4-1421-42ea-a120-91ac20fcb953,Ole,Gabi,#N/A,6 Geraldine St,Valley View,SA,5093,Australia,#N/A,#N/A,#N/A,6 Geraldine St,Valley View,SA,5093,Australia,#N/A,#N/A,#N/A,(08) 6410 7387,(08) 6410 7387,0429 752 539,#N/A,#N/A,(08) 6410 7387,jjoannow@prodly.co.invalid,"SVP, Sales",Sales,#N/A,#N/A,#N/A,#N/A,false,#N/A,#N/A,#N/A,#N/A,false,#N/A,#N/A,false,#N/A,#N/A,#N/A,#N/A,Prodly,#N/A,#N/A,false,false,#N/A
c8221205-6567-4b3e-99c4-f8b42b9143b7,37afb168-f0e8-423a-a651-bf9649ca6220,Rufus,Kellen,#N/A,#N/A,#N/A,#N/A,#N/A,#N/A,#N/A,#N/A,#N/A,1 AT&T Way,Arlington,TX,76011,USA,#N/A,#N/A,#N/A,(864) 301-5588,#N/A,#N/A,#N/A,#N/A,#N/A,jjoannow@prodly.co.invalid,CEO,#N/A,#N/A,#N/A,#N/A,"Mr. Donald H. Layton, also known as Don, ACIS, LLBm has been the Chief Executive Officer at Federal Home Loan Mortgage Corporation since May 21, 2012. Mr. Layton has been a Senior Advisor of NewOak Capital LLC since March 2010. He has over 35 years of experience in financial services and as a corporate leader. Mr. Layton served as the Head of Finance and Risk Management at JPMorgan Chase & Co. since June 2004 and its Head of Technology since July 2003.",false,#N/A,#N/A,#N/A,#N/A,false,#N/A,#N/A,false,#N/A,#N/A,#N/A,#N/A,Prodly,#N/A,#N/A,false,false,#N/A
658b327c-db88-4710-b0ec-043ec50b64cb,360f9b04-cd03-42d9-a9d0-cc05ee0c2e92,Zedekiah,Hannis,#N/A,#N/A,#N/A,#N/A,#N/A,#N/A,#N/A,#N/A,#N/A,#N/A,#N/A,#N/A,#N/A,#N/A,#N/A,#N/A,#N/A,(650) 974-1346,#N/A,#N/A,#N/A,#N/A,#N/A,jjoannow@prodly.co.invalid,Director,#N/A,#N/A,#N/A,#N/A,#N/A,false,#N/A,#N/A,#N/A,#N/A,false,#N/A,#N/A,false,#N/A,#N/A,#N/A,#N/A,Prodly,#N/A,#N/A,false,false,#N/A
468c3549-772e-4d4b-8437-5d6a9ab75dbf,e2705254-9a30-42a3-ac3d-f0403ba3e71d,Lock,Siana,#N/A,#N/A,#N/A,#N/A,#N/A,#N/A,#N/A,#N/A,#N/A,4 Yawkey Way,Boston,MA,2215,USA,#N/A,#N/A,#N/A,(778) 479-5445,#N/A,#N/A,#N/A,#N/A,#N/A,jjoannow@prodly.co.invalid,General Counsel & Coperate Secretary,#N/A,#N/A,#N/A,#N/A,"Rohan Weerasinghe joined Citi as General Counsel and Corporate Secretary in June 2012. A member of Citi's Operating Committee, Rohan oversees Citi's global legal team, including business-unit general counsels, regional general counsels and corporate deputy general counsels.",false,#N/A,#N/A,#N/A,#N/A,false,#N/A,#N/A,false,#N/A,#N/A,#N/A,#N/A,Prodly,#N/A,#N/A,false,false,#N/A
1261197b-9492-4f99-8074-42881613d30b,d023f5b9-1c83-466d-b922-630f7ec2dceb,Ximenez,Rhody,#N/A,#N/A,#N/A,#N/A,#N/A,#N/A,#N/A,#N/A,#N/A,#N/A,#N/A,#N/A,#N/A,#N/A,#N/A,#N/A,#N/A,+81 725 925939,#N/A,#N/A,#N/A,#N/A,#N/A,jjoannow@prodly.co.invalid,"Vice President, IT",#N/A,#N/A,#N/A,#N/A,#N/A,false,#N/A,#N/A,#N/A,#N/A,false,#N/A,#N/A,false,#N/A,#N/A,#N/A,#N/A,Prodly,#N/A,#N/A,false,false,#N/A
f292decf-96ed-4726-96db-d9a87813c7d6,df29e9b2-8e18-42f6-87ae-96ff28699745,Skelly,Chanda,#N/A,#N/A,#N/A,#N/A,#N/A,#N/A,#N/A,#N/A,#N/A,#N/A,#N/A,#N/A,#N/A,#N/A,#N/A,#N/A,#N/A,(754) 593-2809,#N/A,#N/A,#N/A,#N/A,#N/A,jjoannow@prodly.co.invalid,CEO,#N/A,#N/A,#N/A,#N/A,#N/A,false,#N/A,#N/A,#N/A,#N/A,false,#N/A,#N/A,false,#N/A,#N/A,#N/A,#N/A,Prodly,#N/A,#N/A,false,false,#N/A
d68f2622-751f-440d-8419-87eab93f46ad,95e92fce-4b5c-4931-a868-bba192e83b93,Felix,Alexi,#N/A,#N/A,#N/A,#N/A,#N/A,#N/A,#N/A,#N/A,#N/A,#N/A,#N/A,#N/A,#N/A,#N/A,#N/A,#N/A,#N/A,(500) 955-7981,#N/A,#N/A,#N/A,#N/A,#N/A,jjoannow@prodly.co.invalid,Director,#N/A,#N/A,#N/A,#N/A,#N/A,false,#N/A,#N/A,#N/A,#N/A,false,#N/A,#N/A,false,#N/A,#N/A,#N/A,#N/A,Prodly,#N/A,#N/A,false,false,#N/A
7874d712-7da7-4b3b-b660-5f3a3ef897fa,838737cb-ca38-4df7-892f-df722e0f1e7b,Felic,Trina,#N/A,#N/A,#N/A,#N/A,#N/A,#N/A,#N/A,#N/A,#N/A,#N/A,#N/A,#N/A,#N/A,#N/A,#N/A,#N/A,#N/A,011 49 69 3576 6843,#N/A,#N/A,#N/A,#N/A,#N/A,jjoannow@prodly.co.invalid,CEO,#N/A,#N/A,#N/A,#N/A,#N/A,false,#N/A,#N/A,#N/A,#N/A,false,#N/A,#N/A,false,#N/A,#N/A,#N/A,#N/A,Prodly,#N/A,#N/A,false,false,#N/A
2a653c53-e111-49c8-b6bc-bd4091ed8834,e9e56bd1-faa0-4ccf-a7e8-de78485381d1,Cullie,Bill,#N/A,#N/A,#N/A,#N/A,3293,#N/A,#N/A,#N/A,#N/A,32 Railway Street,GLENTHOMPSON,VIC,#N/A,Australia,#N/A,#N/A,#N/A,(03) 5338 4010,#N/A,#N/A,#N/A,#N/A,#N/A,jjoannow@prodly.co.invalid,CEO,#N/A,#N/A,#N/A,#N/A,#N/A,false,#N/A,#N/A,#N/A,#N/A,false,#N/A,#N/A,false,#N/A,#N/A,#N/A,#N/A,Prodly,#N/A,#N/A,false,false,#N/A
ba7d9b62-be8a-4f9c-942f-0da28d3a0da9,3eb93a27-766c-4684-a107-d9a48d366b9e,Grantham,Patti,#N/A,#N/A,#N/A,#N/A,#N/A,#N/A,#N/A,#N/A,#N/A,39 Crown Street,London,#N/A,SW6 0EP,UK,#N/A,#N/A,#N/A,077 6365 8742,#N/A,#N/A,#N/A,#N/A,#N/A,jjoannow@prodly.co.invalid,SVP,#N/A,#N/A,#N/A,#N/A,#N/A,false,#N/A,#N/A,#N/A,#N/A,false,#N/A,#N/A,false,#N/A,#N/A,#N/A,#N/A,Prodly,#N/A,#N/A,false,false,#N/A
68935cf6-3ccf-46c3-b3eb-cf7631798362,65c49a71-2fcd-438b-9c70-afeb68e149a2,Gilbert,Mimi,#N/A,#N/A,#N/A,#N/A,#N/A,#N/A,#N/A,#N/A,#N/A,#N/A,#N/A,#N/A,#N/A,#N/A,#N/A,#N/A,#N/A,(402)952-5054,#N/A,#N/A,#N/A,#N/A,#N/A,jjoannow@prodly.co.invalid,CTO,#N/A,#N/A,#N/A,#N/A,#N/A,false,#N/A,#N/A,#N/A,#N/A,false,#N/A,#N/A,false,#N/A,#N/A,#N/A,#N/A,Prodly,#N/A,#N/A,false,false,#N/A
84592b2a-b16c-48a9-a216-de44df4a2d40,e8b1df73-2693-4997-b345-adf992fbb341,Thatcher,Ashlan,#N/A,#N/A,#N/A,#N/A,#N/A,#N/A,#N/A,#N/A,#N/A,#N/A,#N/A,#N/A,#N/A,#N/A,#N/A,#N/A,#N/A,(228) 684-4406,#N/A,#N/A,#N/A,#N/A,#N/A,jjoannow@prodly.co.invalid,CEO,#N/A,#N/A,#N/A,#N/A,#N/A,false,#N/A,#N/A,#N/A,#N/A,false,#N/A,#N/A,false,#N/A,#N/A,#N/A,#N/A,Prodly,#N/A,#N/A,false,false,#N/A
205ddee9-0920-4a9a-b021-1a10508c2282,0b42366e-682c-4195-bfa4-2d3fcaef7c5c,Jerrie,Adah,#N/A,#N/A,#N/A,#N/A,#N/A,#N/A,#N/A,#N/A,#N/A,100 Art Rooney Avenue,Pittsburgh,PA,15212,USA,#N/A,#N/A,#N/A,(309) 703-9727,#N/A,#N/A,#N/A,#N/A,#N/A,jjoannow@prodly.co.invalid,Chief Legal Officer and Secretary,#N/A,#N/A,#N/A,#N/A,Bill McCanless has served as chief legal officer and secretary since 2015. He is responsible for the company’s legal function as well as advising the chairman and board of directors on corporate governance matters,false,#N/A,#N/A,#N/A,#N/A,false,#N/A,#N/A,false,#N/A,#N/A,#N/A,#N/A,Prodly,#N/A,#N/A,false,false,#N/A
01aafcfd-cdaf-474d-b498-de971356baac,269f82ea-422b-48a2-bc48-586d44eca005,Raffaello,Nikolia,#N/A,#N/A,#N/A,#N/A,#N/A,#N/A,#N/A,#N/A,#N/A,#N/A,#N/A,#N/A,#N/A,#N/A,#N/A,#N/A,#N/A,+33 0 1 42 14 20 00,#N/A,#N/A,#N/A,#N/A,#N/A,jjoannow@prodly.co.invalid,COO,#N/A,#N/A,#N/A,#N/A,#N/A,false,#N/A,#N/A,#N/A,#N/A,false,#N/A,#N/A,false,#N/A,#N/A,#N/A,#N/A,Prodly,#N/A,#N/A,false,false,#N/A
ff4c0a0c-6290-4a09-9b1a-2731cdfc5f44,a0f757d5-43be-4aa2-955d-23e04ae22f35,Zacharias,Justina,#N/A,348 St Kilda Road,Melbourne,VIC,3004,Australia,#N/A,#N/A,#N/A,348 St Kilda Road,Melbourne,VIC,3004,Australia,#N/A,#N/A,#N/A,(03) 6638 7322,(03) 6638 7322,0415 580 870,#N/A,#N/A,(03) 6638 7322,jjoannow@prodly.co.invalid,CEO,CEO,#N/A,#N/A,#N/A,#N/A,false,#N/A,#N/A,#N/A,#N/A,false,#N/A,#N/A,false,#N/A,#N/A,#N/A,#N/A,Prodly,#N/A,#N/A,false,false,#N/A
5b0524d9-7049-48b0-ae06-618d97549ed2,df29e9b2-8e18-42f6-87ae-96ff28699745,Car,Nerta,#N/A,#N/A,#N/A,#N/A,#N/A,#N/A,#N/A,#N/A,#N/A,#N/A,#N/A,#N/A,#N/A,#N/A,#N/A,#N/A,#N/A,(652) 154-3164,#N/A,#N/A,#N/A,#N/A,#N/A,jjoannow@prodly.co.invalid,Contract Manager,#N/A,#N/A,#N/A,#N/A,#N/A,false,#N/A,#N/A,#N/A,#N/A,false,#N/A,#N/A,false,#N/A,#N/A,#N/A,#N/A,Prodly,#N/A,#N/A,false,false,#N/A
1694d87b-fa3d-4c24-99ac-d1202154fc3f,a83fe1c6-0c86-4ba1-8db3-9603508e114a,Burton,Tuesday,#N/A,#N/A,#N/A,#N/A,#N/A,#N/A,#N/A,#N/A,#N/A,#N/A,#N/A,#N/A,#N/A,#N/A,#N/A,#N/A,#N/A,011 49 69 3576 6843,#N/A,#N/A,#N/A,#N/A,#N/A,jjoannow@prodly.co.invalid,CIO,#N/A,#N/A,#N/A,#N/A,#N/A,false,#N/A,#N/A,#N/A,#N/A,false,#N/A,#N/A,false,#N/A,#N/A,#N/A,#N/A,Prodly,#N/A,#N/A,false,false,#N/A
06cd536c-8bfb-49f5-876b-047d5be36aa0,e555c464-726d-429a-b793-02b41a502538,Che,Merla,#N/A,#N/A,#N/A,#N/A,#N/A,#N/A,#N/A,#N/A,#N/A,97 Gordon Terrace,BARTON BENDISH,#N/A,PE33 1YD,UK,#N/A,#N/A,#N/A,80 4352 5277,#N/A,#N/A,#N/A,#N/A,#N/A,jjoannow@prodly.co.invalid,CFO,#N/A,#N/A,#N/A,#N/A,#N/A,false,#N/A,#N/A,#N/A,#N/A,false,#N/A,#N/A,false,#N/A,#N/A,#N/A,#N/A,Prodly,#N/A,#N/A,false,false,#N/A
c7966845-1e20-4f96-b33a-88e584a2a2fa,37d17b99-4830-49dd-b4a3-bf975a4ccd67,Travers,Valma,#N/A,#N/A,#N/A,#N/A,2347,#N/A,#N/A,#N/A,#N/A,88 Bailey Street,CARODA,NSW,#N/A,Australia,#N/A,#N/A,#N/A,(03) 5338 3988,#N/A,#N/A,#N/A,#N/A,#N/A,jjoannow@prodly.co.invalid,SVP,#N/A,#N/A,#N/A,#N/A,#N/A,false,#N/A,#N/A,#N/A,#N/A,false,#N/A,#N/A,false,#N/A,#N/A,#N/A,#N/A,Prodly,#N/A,#N/A,false,false,#N/A
c2d06e85-9846-411f-aee5-7218606758b3,bae55ba3-ea80-48c6-b152-4ea7f82bfd53,Carly,Harriott,#N/A,#N/A,#N/A,#N/A,#N/A,#N/A,#N/A,#N/A,#N/A,#N/A,#N/A,#N/A,#N/A,#N/A,#N/A,#N/A,#N/A,0383 7228120,#N/A,#N/A,#N/A,#N/A,#N/A,jjoannow@prodly.co.invalid,CIO,#N/A,#N/A,#N/A,#N/A,#N/A,false,#N/A,#N/A,#N/A,#N/A,false,#N/A,#N/A,false,#N/A,#N/A,#N/A,#N/A,Prodly,#N/A,#N/A,false,false,#N/A
2ea611f4-2cb0-4c7f-aa8c-54396b85d645,0983f854-45ad-4c2e-a205-63920f102444,Rosco,Darcey,#N/A,#N/A,#N/A,#N/A,2347,#N/A,#N/A,#N/A,#N/A,26 Dalgarno Street,CARODA,NSW,#N/A,Australia,#N/A,#N/A,#N/A,(03) 5338 4044,#N/A,#N/A,#N/A,#N/A,#N/A,jjoannow@prodly.co.invalid,CFO,#N/A,#N/A,#N/A,#N/A,#N/A,false,#N/A,#N/A,#N/A,#N/A,false,#N/A,#N/A,false,#N/A,#N/A,#N/A,#N/A,Prodly,#N/A,#N/A,false,false,#N/A
4f4fd889-f59c-4ed5-ab38-d6ae81910840,fe83115d-1b24-4ca4-951f-9dbf397747e6,Alasdair,Wendy,#N/A,#N/A,#N/A,#N/A,#N/A,#N/A,#N/A,#N/A,#N/A,97 Gordon Terrace,BARTON BENDISH,#N/A,PE33 1YD,UK,#N/A,#N/A,#N/A,070 4352 5277,#N/A,#N/A,#N/A,#N/A,#N/A,jjoannow@prodly.co.invalid,CFO,#N/A,#N/A,#N/A,#N/A,#N/A,false,#N/A,#N/A,#N/A,#N/A,false,#N/A,#N/A,false,#N/A,#N/A,#N/A,#N/A,Prodly,#N/A,#N/A,false,false,#N/A
5592969b-244d-4edb-8698-bd634c647f7a,63a2522c-da85-4079-a621-fd46a49cd78b,Lambert,Giselle,#N/A,#N/A,#N/A,#N/A,#N/A,#N/A,#N/A,#N/A,#N/A,#N/A,#N/A,#N/A,#N/A,#N/A,#N/A,#N/A,#N/A,(984) 398-8169,#N/A,#N/A,#N/A,#N/A,#N/A,jjoannow@prodly.co.invalid,SEVP & General Counsel,#N/A,#N/A,#N/A,#N/A,"David joined AT&T in January 2012 as Senior Vice President and Assistant General Counsel. Prior to joining AT&T, he was a partner of Haynes and Boone, LLP, an Am Law 100 firm based in Dallas, Texas, where he specialized in complex litigation matters, antitrust, and government investigations, and was the Administrative Partner of the firm’s Dallas office. Prior to joining Haynes and Boone, David was Senior Law Clerk to United States District Judge Jerry Buchmeyer, then Chief Judge of the Northern District of Texas.",false,#N/A,#N/A,#N/A,#N/A,false,#N/A,#N/A,false,#N/A,#N/A,#N/A,#N/A,Prodly,#N/A,#N/A,false,false,#N/A
41b05c71-f1d1-4ba7-9392-b32cf2df18e9,ec1db4a3-33fa-446f-a7aa-4dfca9d8017d,Paten,Gipsy,#N/A,#N/A,#N/A,#N/A,#N/A,#N/A,#N/A,#N/A,#N/A,#N/A,#N/A,#N/A,#N/A,#N/A,#N/A,#N/A,#N/A,011 49 69 3576 6843,#N/A,#N/A,#N/A,#N/A,#N/A,jjoannow@prodly.co.invalid,"Vice President, IT",#N/A,#N/A,#N/A,#N/A,#N/A,false,#N/A,#N/A,#N/A,#N/A,false,#N/A,#N/A,false,#N/A,#N/A,#N/A,#N/A,Prodly,#N/A,#N/A,false,false,#N/A
5eed23d5-3591-4f92-a499-a6275a50860b,dc879b26-eef5-4a42-9f54-2f6391bb5444,Kevin,Gayleen,#N/A,#N/A,#N/A,#N/A,2454,#N/A,#N/A,#N/A,#N/A,88 Bailey Street,KALANG,NSW,#N/A,Australia,#N/A,#N/A,#N/A,(03) 5338 3961,#N/A,#N/A,#N/A,#N/A,#N/A,jjoannow@prodly.co.invalid,SVP,#N/A,#N/A,#N/A,#N/A,#N/A,false,#N/A,#N/A,#N/A,#N/A,false,#N/A,#N/A,false,#N/A,#N/A,#N/A,#N/A,Prodly,#N/A,#N/A,false,false,#N/A
0f3c3e79-3f94-4195-b904-3ff1c20ae43c,957363ed-f7e7-4432-a639-c868929084aa,Mario,Francesca,#N/A,#N/A,#N/A,#N/A,#N/A,#N/A,#N/A,#N/A,#N/A,#N/A,#N/A,#N/A,#N/A,#N/A,#N/A,#N/A,#N/A,(615) 569-8526,#N/A,#N/A,#N/A,#N/A,#N/A,jjoannow@prodly.co.invalid,"Executive Vice President, Chief Communications Officer",#N/A,#N/A,#N/A,1976-02-24,#N/A,false,#N/A,#N/A,#N/A,#N/A,false,#N/A,#N/A,false,#N/A,#N/A,#N/A,#N/A,Prodly,#N/A,#N/A,false,false,#N/A
63185d2f-b19f-4fcb-a620-bb29898f991b,3f1019f9-8981-40f5-a60f-3c5c43ec63da,Fletch,Fey,#N/A,#N/A,#N/A,#N/A,#N/A,#N/A,#N/A,#N/A,#N/A,#N/A,#N/A,#N/A,#N/A,#N/A,#N/A,#N/A,#N/A,+81 725 925939,#N/A,#N/A,#N/A,#N/A,#N/A,jjoannow@prodly.co.invalid,COO,#N/A,#N/A,#N/A,#N/A,#N/A,false,#N/A,#N/A,#N/A,#N/A,false,#N/A,#N/A,false,#N/A,#N/A,#N/A,#N/A,Prodly,#N/A,#N/A,false,false,#N/A
25eaf270-412d-4b37-a72f-5f24028e5832,c7717326-09af-4348-b090-e4be2dac6029,Georgie,Ines,#N/A,#N/A,#N/A,#N/A,#N/A,#N/A,#N/A,#N/A,#N/A,39 Crown Street,London,#N/A,SW6 0EP,UK,#N/A,#N/A,#N/A,81 6365 8742,#N/A,#N/A,#N/A,#N/A,#N/A,jjoannow@prodly.co.invalid,SVP,#N/A,#N/A,#N/A,#N/A,#N/A,false,#N/A,#N/A,#N/A,#N/A,false,#N/A,#N/A,false,#N/A,#N/A,#N/A,#N/A,Prodly,#N/A,#N/A,false,false,#N/A
56d46e87-b770-45b2-9d5e-3ceece6e8c43,ec4fe2b0-83be-4a18-8a3b-0262fd09ea76,Austin,Cher,#N/A,#N/A,#N/A,#N/A,3293,#N/A,#N/A,#N/A,#N/A,26 Dalgarno Street,GLENTHOMPSON,VIC,#N/A,Australia,#N/A,#N/A,#N/A,(03) 5338 3930,#N/A,#N/A,#N/A,#N/A,#N/A,jjoannow@prodly.co.invalid,CFO,#N/A,#N/A,#N/A,#N/A,#N/A,false,#N/A,#N/A,#N/A,#N/A,false,#N/A,#N/A,false,#N/A,#N/A,#N/A,#N/A,Prodly,#N/A,#N/A,false,false,#N/A
e46d8ce1-3532-411d-ab41-25ca6a2c844b,6320c506-ff02-4baf-8f16-c6a8a19f8565,Dillon,Edita,#N/A,#N/A,#N/A,#N/A,2347,#N/A,#N/A,#N/A,#N/A,26 Dalgarno Street,CARODA,NSW,#N/A,Australia,#N/A,#N/A,#N/A,(03) 5338 4050,#N/A,#N/A,#N/A,#N/A,#N/A,jjoannow@prodly.co.invalid,CFO,#N/A,#N/A,#N/A,#N/A,#N/A,false,#N/A,#N/A,#N/A,#N/A,false,#N/A,#N/A,false,#N/A,#N/A,#N/A,#N/A,Prodly,#N/A,#N/A,false,false,#N/A
c98fd0d3-0c2d-4b9c-9209-59c21dcaad59,3ece893c-ab24-42eb-a466-e7fc2e4faee5,Adham,Othella,#N/A,#N/A,#N/A,#N/A,#N/A,#N/A,#N/A,#N/A,#N/A,#N/A,#N/A,#N/A,#N/A,#N/A,#N/A,#N/A,#N/A,(425)742-4492,#N/A,#N/A,#N/A,#N/A,#N/A,jjoannow@prodly.co.invalid,COO,#N/A,#N/A,#N/A,#N/A,#N/A,false,#N/A,#N/A,#N/A,#N/A,false,#N/A,#N/A,false,#N/A,#N/A,#N/A,#N/A,Prodly,#N/A,#N/A,false,false,#N/A
68effd92-66ee-46dc-98cd-17baae418c5b,710fe2fe-521a-4718-bd07-70d4ff925556,Ozzy,Nani,#N/A,200 George Street,Sydney,NSW,2000,Australia,#N/A,#N/A,#N/A,200 George Street,Sydney,NSW,2000,Australia,#N/A,#N/A,#N/A,(02) 8435 7936,(02) 8435 7936,0418 863 793,#N/A,#N/A,(02) 8435 7936,jjoannow@prodly.co.invalid,Project Manager,Marketing,#N/A,#N/A,#N/A,#N/A,false,#N/A,#N/A,#N/A,#N/A,false,#N/A,#N/A,false,#N/A,#N/A,#N/A,#N/A,Prodly,#N/A,#N/A,false,false,#N/A
27e12ad7-4a77-45bb-9f9f-ccea75faa62c,9e1650cb-2855-4a0d-a897-d0fc6f5cb30a,Noah,Erna,#N/A,#N/A,#N/A,#N/A,#N/A,#N/A,#N/A,#N/A,#N/A,100 Alfred Lerner Way,Cleveland,OH,44114,USA,#N/A,#N/A,#N/A,(954) 631-6621,#N/A,#N/A,#N/A,#N/A,#N/A,jjoannow@prodly.co.invalid,CHRO,#N/A,#N/A,#N/A,#N/A,"Tracy Keogh has worldwide responsibility for HP's strategic human resources activities, employee communications and social responsibility initiatives. She leads all aspects of HR, including workforce development and organization effectiveness, benefits and compensation, staffing, global inclusion and diversity, and HR processes and information management.",false,#N/A,#N/A,#N/A,#N/A,false,#N/A,#N/A,false,#N/A,#N/A,#N/A,#N/A,Prodly,#N/A,#N/A,false,false,#N/A
0431c261-9f74-4ab4-9393-d4962f1c0977,e4255128-7dee-41d8-aebc-0e00f9664742,Staffard,Johnath,#N/A,#N/A,#N/A,#N/A,#N/A,#N/A,#N/A,#N/A,#N/A,#N/A,#N/A,#N/A,#N/A,#N/A,#N/A,#N/A,#N/A,(893) 633-7131,#N/A,#N/A,#N/A,#N/A,#N/A,jjoannow@prodly.co.invalid,EVP & COO,#N/A,#N/A,#N/A,#N/A,"Chris Houston leads all facets of operations, including pharmacies, call centers, client services and technology services, which helps bring safe and affordable medications within reach of patients and payers.",false,#N/A,#N/A,#N/A,#N/A,false,#N/A,#N/A,false,#N/A,#N/A,#N/A,#N/A,Prodly,#N/A,#N/A,false,false,#N/A
4f25a285-fa3d-4c1f-b058-1f6a3a33a227,a83fe1c6-0c86-4ba1-8db3-9603508e114a,Edvard,Anissa,#N/A,#N/A,#N/A,#N/A,#N/A,#N/A,#N/A,#N/A,#N/A,97 Gordon Terrace,BARTON BENDISH,#N/A,PE33 1YD,UK,#N/A,#N/A,#N/A,81 4352 5277,#N/A,#N/A,#N/A,#N/A,#N/A,jjoannow@prodly.co.invalid,CFO,#N/A,#N/A,#N/A,#N/A,#N/A,false,#N/A,#N/A,#N/A,#N/A,false,#N/A,#N/A,false,#N/A,#N/A,#N/A,#N/A,Prodly,#N/A,#N/A,false,false,#N/A
99d37045-6dd2-4641-b4e4-d0159878bc88,1f0ebca3-5492-47f2-a61e-8a8f0bf1ee82,Kristian,Timmy,#N/A,#N/A,#N/A,#N/A,#N/A,#N/A,#N/A,#N/A,#N/A,#N/A,#N/A,#N/A,#N/A,#N/A,#N/A,#N/A,#N/A,+44 20 5678 9900,#N/A,#N/A,#N/A,#N/A,#N/A,jjoannow@prodly.co.invalid,CEO,#N/A,#N/A,#N/A,1966-02-07,#N/A,false,#N/A,#N/A,#N/A,#N/A,false,#N/A,#N/A,false,#N/A,#N/A,#N/A,#N/A,Prodly,#N/A,#N/A,false,false,#N/A
30f519c5-1559-4948-bc4e-7f4d3c775faa,3eb93a27-766c-4684-a107-d9a48d366b9e,Ivor,Lurette,#N/A,#N/A,#N/A,#N/A,#N/A,#N/A,#N/A,#N/A,#N/A,#N/A,#N/A,#N/A,#N/A,#N/A,#N/A,#N/A,#N/A,011 49 69 3576 6843,#N/A,#N/A,#N/A,#N/A,#N/A,jjoannow@prodly.co.invalid,COO,#N/A,#N/A,#N/A,1979-02-24,#N/A,false,#N/A,#N/A,#N/A,#N/A,false,#N/A,#N/A,false,#N/A,#N/A,#N/A,#N/A,Prodly,#N/A,#N/A,false,false,#N/A
b8c8c403-3064-4355-821f-48dddc8e4c81,ab7ee815-3a11-44cc-b064-55d63536825e,Lesley,Gabbi,#N/A,#N/A,#N/A,#N/A,#N/A,#N/A,#N/A,#N/A,#N/A,#N/A,#N/A,#N/A,#N/A,#N/A,#N/A,#N/A,#N/A,(322) 721-5689,#N/A,#N/A,#N/A,#N/A,#N/A,jjoannow@prodly.co.invalid,Co-Chair and Trustee,#N/A,#N/A,#N/A,#N/A,"Melinda Gates shapes and approves the foundation’s strategies, reviews results, and sets the overall direction of the organization.",false,#N/A,#N/A,#N/A,#N/A,false,#N/A,#N/A,false,#N/A,#N/A,#N/A,#N/A,Prodly,#N/A,#N/A,false,false,#N/A
cf7ac99e-caf4-4ac5-b237-a09a376916f3,01344150-6523-4ab5-a6bd-5f4f4994885f,Cheston,Cathrine,#N/A,#N/A,#N/A,#N/A,#N/A,#N/A,#N/A,#N/A,#N/A,#N/A,#N/A,#N/A,#N/A,#N/A,#N/A,#N/A,#N/A,(896) 790-4797,#N/A,#N/A,#N/A,#N/A,#N/A,jjoannow@prodly.co.invalid,Corporate Auditor,#N/A,#N/A,#N/A,#N/A,#N/A,false,#N/A,#N/A,#N/A,#N/A,false,#N/A,#N/A,false,#N/A,#N/A,#N/A,#N/A,Prodly,#N/A,#N/A,false,false,#N/A
0a5980cd-72b5-423d-97f8-fb8e86c1c68f,710c9f92-3efe-4fc6-86b7-3878e44ac4a0,Fabiano,Malina,#N/A,#N/A,#N/A,#N/A,#N/A,#N/A,#N/A,#N/A,#N/A,#N/A,#N/A,#N/A,#N/A,#N/A,#N/A,#N/A,#N/A,(566) 679-7377,#N/A,#N/A,#N/A,#N/A,#N/A,jjoannow@prodly.co.invalid,Executive Vice President,#N/A,#N/A,#N/A,#N/A,#N/A,false,#N/A,#N/A,#N/A,#N/A,false,#N/A,#N/A,false,#N/A,#N/A,#N/A,#N/A,Prodly,#N/A,#N/A,false,false,#N/A
7bd12b17-155b-4a91-93c8-f93541beeb46,e4255128-7dee-41d8-aebc-0e00f9664742,Merell,Melesa,#N/A,#N/A,#N/A,#N/A,#N/A,#N/A,#N/A,#N/A,#N/A,#N/A,#N/A,#N/A,#N/A,#N/A,#N/A,#N/A,#N/A,(578) 569-5456,#N/A,#N/A,#N/A,#N/A,#N/A,jjoannow@prodly.co.invalid,"SVP, General Counsel and Corperate Secretary",#N/A,#N/A,#N/A,#N/A,"Martin is responsible for overseeing all legal, regulatory and compliance functions across the Express Scripts organization. Martin has served in various leadership roles within Legal since joining Express Scripts in 2001, most recently as Vice President and Deputy General Counsel, leading the corporate, mergers & acquisitions, litigation, and labor & employment groups, and serving as corporate secretary to the Express Scripts Board of Directors.",false,#N/A,#N/A,#N/A,#N/A,false,#N/A,#N/A,false,#N/A,#N/A,#N/A,#N/A,Prodly,#N/A,#N/A,false,false,#N/A
94c1a2b8-d9bf-4284-894f-d57f40d1a73a,14232913-25fb-45b0-9545-dc09cf9efc49,Crawford,Jaquelyn,#N/A,#N/A,#N/A,#N/A,#N/A,#N/A,#N/A,#N/A,#N/A,555 Corporate Ave.,San Francisco,CA,94105,USA,#N/A,#N/A,#N/A,(835) 840-7202,#N/A,#N/A,#N/A,#N/A,#N/A,jjoannow@prodly.co.invalid,COO,#N/A,#N/A,#N/A,1974-08-24,"Robert B. (R.B.) Harrison has been Macy’s, Inc.’s chief operations officer since September 2017, responsible for the company's systems, logistics and related operating functions. Previously, Harrison was chief omnichannel officer since January 2013, managing the development of strategies to closely integrate the company’s stores, online and mobile activities.",false,#N/A,#N/A,#N/A,#N/A,false,#N/A,#N/A,false,#N/A,#N/A,#N/A,#N/A,Prodly,#N/A,#N/A,false,false,#N/A
09f3f330-6f31-407f-93d0-106d405963f0,ab96b432-45f8-4254-bdab-fffc68af26e7,Lawrence,Danice,#N/A,#N/A,#N/A,#N/A,#N/A,#N/A,#N/A,#N/A,#N/A,14 Ross Road,Marple,#N/A,SK6 4HJ,UK,#N/A,#N/A,#N/A,85 0017 4455,#N/A,#N/A,#N/A,#N/A,#N/A,jjoannow@prodly.co.invalid,CEO,#N/A,#N/A,#N/A,#N/A,#N/A,false,#N/A,#N/A,#N/A,#N/A,false,#N/A,#N/A,false,#N/A,#N/A,#N/A,#N/A,Prodly,#N/A,#N/A,false,false,#N/A
d1246983-9dd8-4641-baf0-600a57d4af61,d731c096-ead3-472a-a729-b3b396f91530,Barri,Carilyn,#N/A,#N/A,#N/A,#N/A,#N/A,#N/A,#N/A,#N/A,#N/A,14 Ross Road,Marple,#N/A,SK6 4HJ,UK,#N/A,#N/A,#N/A,73 4352 5277,#N/A,#N/A,#N/A,#N/A,#N/A,jjoannow@prodly.co.invalid,CEO,#N/A,#N/A,#N/A,#N/A,#N/A,false,#N/A,#N/A,#N/A,#N/A,false,#N/A,#N/A,false,#N/A,#N/A,#N/A,#N/A,Prodly,#N/A,#N/A,false,false,#N/A
c8f33a99-9078-4d5b-8de6-4a6b1b9df613,269f82ea-422b-48a2-bc48-586d44eca005,Brandyn,Kath,#N/A,#N/A,#N/A,#N/A,#N/A,#N/A,#N/A,#N/A,#N/A,#N/A,#N/A,#N/A,#N/A,#N/A,#N/A,#N/A,#N/A,+33 0 1 42 14 20 00,#N/A,#N/A,#N/A,#N/A,#N/A,jjoannow@prodly.co.invalid,CIO,#N/A,#N/A,#N/A,#N/A,#N/A,false,#N/A,#N/A,#N/A,#N/A,false,#N/A,#N/A,false,#N/A,#N/A,#N/A,#N/A,Prodly,#N/A,#N/A,false,false,#N/A
