Guid,AccountId,Name,Description,StageName,Amount,Probability,CloseDate,Type,NextStep,LeadSource,IsClosed,IsWon,ForecastCategory,ForecastCategoryName,HasOpportunityLineItem,IsExcludedFromTerritory2Filter,PushCount,LastStageChangeDate,FiscalQuarter,FiscalYear,HasOpenActivity,HasOverdueTask,SBQQ__Contracted__c,SBQQ__CreateContractedPrices__c,SBQQ__OrderGroupID__c,SBQQ__Ordered__c,SBQQ__QuotePricebookId__c,SBQQ__Renewal__c,sbaa__ApprovalStatus__c,sbaa__ApprovalStep__c,sbaa__StepApproved__c,sbaa__SubmittedDate__c
a2a85793-2ff9-4331-aa8e-654daeb7833a,9cc34213-1502-44f3-8ed1-609b175b2f72,Trudoo - Cross-sell,#N/A,Proposal/Price Quote,11550.0,75.0,2025-06-18,#N/A,#N/A,#N/A,false,false,Pipeline,Pipeline,true,false,0,#N/A,2,2021,false,false,false,false,#N/A,false,#N/A,false,#N/A,#N/A,false,#N/A
c2ff4b78-b694-4c1d-8a0f-0557affaedfd,39ca738a-3930-4a69-a083-9baebe0bd47e,Gigaclub - Secondary Sale,#N/A,Closed Won,32395.00000002,100.0,2025-06-02,#N/A,#N/A,#N/A,true,true,Closed,Closed,true,false,0,#N/A,2,2021,false,false,false,false,#N/A,false,#N/A,false,#N/A,#N/A,false,#N/A
f3748eed-575b-4c7e-971e-67d83adedc79,8c27cba5-f069-462c-a6a3-898619e956b4,Realbridge - Upsell,#N/A,Qualification,75000.0,10.0,2025-06-08,#N/A,#N/A,#N/A,false,false,Pipeline,Pipeline,true,false,0,#N/A,2,2021,false,false,false,false,#N/A,false,#N/A,false,#N/A,#N/A,false,#N/A
91da7af8-f650-40d1-ba9a-acb6fb9565cd,ec4fe2b0-83be-4a18-8a3b-0262fd09ea76,Jabberstorm - Cross-sell,#N/A,Proposal/Price Quote,11250.0,75.0,2025-06-18,#N/A,#N/A,#N/A,false,false,Pipeline,Pipeline,true,false,0,#N/A,2,2021,false,false,false,false,#N/A,false,#N/A,false,#N/A,#N/A,false,#N/A
b16b1fee-6329-4676-a969-c0a628814a5c,b01c9288-d7bf-4228-add5-32807ee563b8,Quimm - SOW 2,#N/A,Value Proposition,72395.0,50.0,2025-06-04,#N/A,#N/A,#N/A,false,false,Pipeline,Pipeline,true,false,0,#N/A,2,2021,false,false,false,false,#N/A,false,#N/A,false,#N/A,#N/A,false,#N/A
b673f39e-6ae5-4357-8004-5378e4624de4,665a4387-ede2-4ce4-a726-000ff3d2d922,Eidelr-Ashpool - Secondary Sale,#N/A,Closed Won,32395.00000002,100.0,2025-06-02,#N/A,#N/A,#N/A,true,true,Closed,Closed,true,false,0,#N/A,2,2021,false,false,false,false,#N/A,false,#N/A,false,#N/A,#N/A,false,#N/A
5ee6bba3-d0bb-4d2b-a089-f8857dd850c7,e8b1df73-2693-4997-b345-adf992fbb341,Zazio - Initial Sale,#N/A,Closed Lost,72395.0,0.0,2024-11-19,#N/A,#N/A,#N/A,true,false,Omitted,Omitted,true,false,0,#N/A,4,2020,false,false,false,false,#N/A,false,#N/A,false,#N/A,#N/A,false,#N/A
630d9115-05c9-4b5b-b26e-6e7bef298a93,ad8f7837-d32f-413c-b3c4-b90bb36895cc,Wordtune - Secondary Sale,#N/A,Closed Won,32395.00000002,100.0,2025-06-02,#N/A,#N/A,#N/A,true,true,Closed,Closed,true,false,0,#N/A,2,2021,false,false,false,false,#N/A,false,#N/A,false,#N/A,#N/A,false,#N/A
559801e2-565a-49fb-86f8-d406e77fc790,d06a901f-acfb-4ce5-8392-4058ad32485b,Meevee - Additional Sale,#N/A,Qualification,34995.0,10.0,2025-04-04,#N/A,#N/A,#N/A,false,false,Pipeline,Pipeline,true,false,0,#N/A,1,2021,false,false,false,false,#N/A,false,#N/A,false,#N/A,#N/A,false,#N/A
3098d6e2-fca1-40be-90a9-bd47db27312f,73729ff8-9a1a-45f3-bd8c-493be8b824c1,Skyvu - SOW 2,#N/A,Prospecting,70795.0,10.0,2025-06-19,#N/A,#N/A,#N/A,false,false,Pipeline,Pipeline,true,false,0,#N/A,2,2021,false,false,false,false,#N/A,false,#N/A,false,#N/A,#N/A,false,#N/A
de477048-c008-4620-b480-4e5f01d7025e,217f512a-ace2-4a1b-9a0c-005f95f1aa95,Layo - Secondary Sale,#N/A,Closed Won,32395.00000002,100.0,2025-06-02,#N/A,#N/A,#N/A,true,true,Closed,Closed,true,false,0,#N/A,2,2021,false,false,false,false,#N/A,false,#N/A,false,#N/A,#N/A,false,#N/A
dd8ca332-bca0-49f5-9706-ce76c80b1b04,95e92fce-4b5c-4931-a868-bba192e83b93,Fliptune - Secondary Sale,#N/A,Closed Won,32395.00000002,100.0,2025-06-02,#N/A,#N/A,#N/A,true,true,Closed,Closed,true,false,0,#N/A,2,2021,false,false,false,false,#N/A,false,#N/A,false,#N/A,#N/A,false,#N/A
997c1c87-f3f0-49ac-b6a9-ff7496fed9ff,deb2643f-e4b0-4a03-bbfd-99725a62a149,Blognation - SOW 2,#N/A,Negotiation/Review,43695.0,90.0,2025-06-19,#N/A,#N/A,#N/A,false,false,Pipeline,Pipeline,true,false,0,#N/A,2,2021,false,false,false,false,#N/A,false,#N/A,false,#N/A,#N/A,false,#N/A
30561ae5-2014-48db-aa80-debc9e3796dc,b01c9288-d7bf-4228-add5-32807ee563b8,Quimm - Cross-sell,#N/A,Proposal/Price Quote,34350.0,75.0,2025-06-18,#N/A,#N/A,#N/A,false,false,Pipeline,Pipeline,true,false,0,#N/A,2,2021,false,false,false,false,#N/A,false,#N/A,false,#N/A,#N/A,false,#N/A
a0ef2837-4621-42c3-8bd3-00f32608ab3c,ec932bc1-25e3-4572-845a-5c2262116a17,Dynava - Secondary Sale,#N/A,Closed Won,32395.00000002,100.0,2025-04-04,#N/A,#N/A,#N/A,true,true,Closed,Closed,true,false,0,#N/A,1,2021,false,false,false,false,#N/A,false,#N/A,false,#N/A,#N/A,false,#N/A
b9fa6b02-417d-4cf2-a003-fe3c94d8097a,5463fefd-cbbe-4302-b187-6f06ed87166a,Twitterwire - Upsell,#N/A,Qualification,99835.0,10.0,2025-06-08,#N/A,#N/A,#N/A,false,false,Pipeline,Pipeline,true,false,0,#N/A,2,2021,false,false,false,false,#N/A,false,#N/A,false,#N/A,#N/A,false,#N/A
907f42b8-5a40-475d-88e5-ca6e4690bd72,bae55ba3-ea80-48c6-b152-4ea7f82bfd53,Realcube - Cross-sell,#N/A,Proposal/Price Quote,11250.0,75.0,2025-06-18,#N/A,#N/A,#N/A,false,false,Pipeline,Pipeline,true,false,0,#N/A,2,2021,false,false,false,false,#N/A,false,#N/A,false,#N/A,#N/A,false,#N/A
5609fcb0-a5fc-426e-982e-8ace20e6dff0,7d260df7-02d6-4d22-8aef-ba7349f852ae,Rhycero - Cross-sell,#N/A,Proposal/Price Quote,11550.0,75.0,2025-06-18,#N/A,#N/A,#N/A,false,false,Pipeline,Pipeline,true,false,0,#N/A,2,2021,false,false,false,false,#N/A,false,#N/A,false,#N/A,#N/A,false,#N/A
a22180f0-c800-4944-9dc2-12ed1108fc69,37afb168-f0e8-423a-a651-bf9649ca6220,Tagtune - Secondary Sale,#N/A,Closed Won,32395.00000002,100.0,2025-06-02,#N/A,#N/A,#N/A,true,true,Closed,Closed,true,false,0,#N/A,2,2021,false,false,false,false,#N/A,false,#N/A,false,#N/A,#N/A,false,#N/A
1afc8c51-bdba-47fa-8e7a-7b2cf5be4729,008b1ced-108a-461f-ad47-c2951a7a99f8,Realfire - Additional Sale,#N/A,Qualification,52495.0,10.0,2025-04-02,#N/A,#N/A,#N/A,false,false,Pipeline,Pipeline,true,false,0,#N/A,1,2021,false,false,false,false,#N/A,false,#N/A,false,#N/A,#N/A,false,#N/A
18135e79-90eb-4685-9d27-a882c6f3d337,ab96b432-45f8-4254-bdab-fffc68af26e7,Topicware - Initial Sale,#N/A,Closed Lost,72395.0,0.0,2024-11-19,#N/A,#N/A,#N/A,true,false,Omitted,Omitted,true,false,0,#N/A,4,2020,false,false,false,false,#N/A,false,#N/A,false,#N/A,#N/A,false,#N/A
51533b21-8188-4643-90e4-acde44778c3f,0983f854-45ad-4c2e-a205-63920f102444,Tavu - Initial Sale,#N/A,Needs Analysis,75995.0,20.0,2025-06-10,#N/A,#N/A,#N/A,false,false,Pipeline,Pipeline,true,false,0,#N/A,2,2021,false,false,false,false,#N/A,false,#N/A,false,#N/A,#N/A,false,#N/A
a65fd28e-2f68-4791-a3a6-9c795aefc6e9,20284815-0924-4bf1-8ad5-42311d6ade31,Skinte - Additional Sale,#N/A,Value Proposition,34995.0,50.0,2025-07-06,#N/A,#N/A,#N/A,false,false,Pipeline,Pipeline,false,false,0,#N/A,2,2021,false,false,false,false,#N/A,false,#N/A,false,#N/A,#N/A,false,#N/A
11bcc10b-862b-4737-ab70-2665ab68fc2e,687ec0e4-c6b9-4e70-a0f4-f1094656bbb6,Edgeclub - Initial Sale,#N/A,Closed Lost,72395.0,0.0,2024-11-19,#N/A,#N/A,#N/A,true,false,Omitted,Omitted,true,false,0,#N/A,4,2020,false,false,false,false,#N/A,false,#N/A,false,#N/A,#N/A,false,#N/A
0e7d1a87-025f-4fc3-ac29-acd0bb4be829,c9da821e-eb47-4e5f-ab4b-2d75ca27137b,Shufflester - Additional Sale,#N/A,Proposal/Price Quote,57490.0,75.0,2025-03-16,#N/A,#N/A,#N/A,false,false,Pipeline,Pipeline,true,false,0,#N/A,1,2021,false,false,false,false,#N/A,false,#N/A,false,#N/A,#N/A,false,#N/A
5233697c-0611-4c0d-a1a8-eb7bc6e5f76c,3ece893c-ab24-42eb-a466-e7fc2e4faee5,Yodel - Initial Sale,#N/A,Closed Lost,72395.0,0.0,2024-11-19,#N/A,#N/A,#N/A,true,false,Omitted,Omitted,true,false,0,#N/A,4,2020,false,false,false,false,#N/A,false,#N/A,false,#N/A,#N/A,false,#N/A
d1bc75cb-3646-4828-bf44-4dbde77e1e08,1cc82fc1-0d11-445e-8234-fe4a98a2e3fb,Divavu - Cross-sell,#N/A,Proposal/Price Quote,22975.0,75.0,2025-06-18,#N/A,#N/A,#N/A,false,false,Pipeline,Pipeline,true,false,0,#N/A,2,2021,false,false,false,false,#N/A,false,#N/A,false,#N/A,#N/A,false,#N/A
a1b84f34-29e2-433e-a7d8-7618e9a6643e,03c053f9-45b4-400d-8be8-da8367de09a8,Jazzy - Cross-sell,#N/A,Proposal/Price Quote,11250.0,75.0,2025-06-18,#N/A,#N/A,#N/A,false,false,Pipeline,Pipeline,true,false,0,#N/A,2,2021,false,false,false,false,#N/A,false,#N/A,false,#N/A,#N/A,false,#N/A
f958a91a-7571-4594-b48f-7f5f07801e9f,838737cb-ca38-4df7-892f-df722e0f1e7b,Fanoodle - Additional Sale,#N/A,Value Proposition,72395.0,50.0,2025-01-19,#N/A,#N/A,#N/A,false,false,Pipeline,Pipeline,true,false,0,#N/A,4,2020,false,false,false,false,#N/A,false,#N/A,false,#N/A,#N/A,false,#N/A
f0a3f546-0f3c-4c2e-aaec-6c3a4911b183,61838829-a9b7-4f28-86cc-0de1448b0912,Dabfeed - Secondary Sale,#N/A,Closed Won,32395.00000002,100.0,2025-04-04,#N/A,#N/A,#N/A,true,true,Closed,Closed,true,false,0,#N/A,1,2021,false,false,false,false,#N/A,false,#N/A,false,#N/A,#N/A,false,#N/A
f9a9a149-21da-474e-bb7f-6878c7e103d9,4b80d5c3-49f6-48da-83f2-8ba3d7b52d80,Yamia - SOW 2,#N/A,Value Proposition,43497.0,50.0,2025-06-04,#N/A,#N/A,#N/A,false,false,Pipeline,Pipeline,true,false,0,#N/A,2,2021,false,false,false,false,#N/A,false,#N/A,false,#N/A,#N/A,false,#N/A
61619304-12eb-4e11-b97d-5611092ec1a0,194a8c6e-181d-40bb-84ff-36775a792b3d,Feedbug - Initial Sale,#N/A,Closed Lost,72395.0,0.0,2024-11-19,#N/A,#N/A,#N/A,true,false,Omitted,Omitted,true,false,0,#N/A,4,2020,false,false,false,false,#N/A,false,#N/A,false,#N/A,#N/A,false,#N/A
dd66802c-cfa1-4356-a0d0-2060c045188d,5463fefd-cbbe-4302-b187-6f06ed87166a,Twitterwire - Secondary Sale,#N/A,Closed Won,32395.00000002,100.0,2025-06-02,#N/A,#N/A,#N/A,true,true,Closed,Closed,true,false,0,#N/A,2,2021,false,false,false,false,#N/A,false,#N/A,false,#N/A,#N/A,false,#N/A
5d851a88-1b4b-44f1-bc39-cbc79947ad64,e5fcb320-af81-4efe-85d9-643034e2d899,Yozio - Secondary Sale,#N/A,Closed Won,32395.00000002,100.0,2025-06-02,#N/A,#N/A,#N/A,true,true,Closed,Closed,true,false,0,#N/A,2,2021,false,false,false,false,#N/A,false,#N/A,false,#N/A,#N/A,false,#N/A
73092f92-700d-44e9-b88a-17094a1af17f,c23c5a54-9c08-4c1b-894a-9fde70dac4c3,Wikizz - Additional Sale,#N/A,Closed Won,29995.0,100.0,2025-01-20,#N/A,#N/A,#N/A,true,true,Closed,Closed,true,false,0,#N/A,4,2020,false,false,false,false,#N/A,false,#N/A,false,#N/A,#N/A,false,#N/A
da9b3355-e83b-4da7-8f3a-bb1318cba94b,8ebefa0e-6518-4f34-8143-deed57b50916,Pixoboo - Initial Sale,#N/A,Closed Lost,72395.0,0.0,2024-11-19,#N/A,#N/A,#N/A,true,false,Omitted,Omitted,true,false,0,#N/A,4,2020,false,false,false,false,#N/A,false,#N/A,false,#N/A,#N/A,false,#N/A
582ce958-16ae-4d7c-a5f6-9f90d2d92e28,c0d8f6b6-44a7-40f9-a219-ddba28b10ecc,Oloo - Additional Sale,#N/A,Needs Analysis,34995.0,20.0,2025-02-21,#N/A,#N/A,#N/A,false,false,Pipeline,Pipeline,true,false,0,#N/A,1,2021,false,false,false,false,#N/A,false,#N/A,false,#N/A,#N/A,false,#N/A
dd524dcd-8be7-40e9-aeb8-84c72ed872d3,c7717326-09af-4348-b090-e4be2dac6029,Chatterpoint - Initial Sale,#N/A,Closed Lost,72395.0,0.0,2024-11-19,#N/A,#N/A,#N/A,true,false,Omitted,Omitted,true,false,0,#N/A,4,2020,false,false,false,false,#N/A,false,#N/A,false,#N/A,#N/A,false,#N/A
6b8ba306-4eb1-40a3-b371-3cc36a6ad0c6,26cf9f56-af40-4006-a72a-74def8d502ed,Vitz - Additional Sale,#N/A,Closed Won,29995.0,100.0,2024-11-22,#N/A,#N/A,#N/A,true,true,Closed,Closed,true,false,0,#N/A,4,2020,false,false,false,false,#N/A,false,#N/A,false,#N/A,#N/A,false,#N/A
79c52f6f-fff3-4ef8-95d3-e2d3a78c6e7b,2a22faa3-d4ca-4f26-9f87-5bc6f4d5603a,Browsecat - Secondary Sale,#N/A,Closed Won,32395.00000002,100.0,2025-06-02,#N/A,#N/A,#N/A,true,true,Closed,Closed,true,false,0,#N/A,2,2021,false,false,false,false,#N/A,false,#N/A,false,#N/A,#N/A,false,#N/A
bcc46c1d-1b5e-40e7-8c1d-bd4d4f075d6a,ab7ee815-3a11-44cc-b064-55d63536825e,Yakitrit-Germain Hospital - Secondary Sale,#N/A,Closed Won,32395.00000002,100.0,2025-04-04,#N/A,#N/A,#N/A,true,true,Closed,Closed,true,false,0,#N/A,1,2021,false,false,false,false,#N/A,false,#N/A,false,#N/A,#N/A,false,#N/A
6efddf14-45c4-4435-854b-b3f9aeed0f2f,aeb8d549-4aaf-45c9-bd83-ba0ccb3cce35,Topicstorm - Cross-sell,#N/A,Proposal/Price Quote,34350.0,75.0,2025-06-18,#N/A,#N/A,#N/A,false,false,Pipeline,Pipeline,true,false,0,#N/A,2,2021,false,false,false,false,#N/A,false,#N/A,false,#N/A,#N/A,false,#N/A
7e78a5c3-d7b9-42bf-b7d8-b9ae361f5229,cb72bdda-b101-4835-9161-3bf06bf82742,Photofeed - Cross-sell,#N/A,Proposal/Price Quote,18350.0,75.0,2025-06-18,#N/A,#N/A,#N/A,false,false,Pipeline,Pipeline,true,false,0,#N/A,2,2021,false,false,false,false,#N/A,false,#N/A,false,#N/A,#N/A,false,#N/A
7b318e47-9f93-46e7-aad1-49c8eece87d5,bcfff8a0-c370-4978-a439-087e1082693b,Lazzy - Upsell,#N/A,Qualification,75000.0,10.0,2025-08-08,#N/A,#N/A,#N/A,false,false,Pipeline,Pipeline,true,false,0,#N/A,3,2021,false,false,false,false,#N/A,false,#N/A,false,#N/A,#N/A,false,#N/A
9d957cb0-4b81-477a-b324-93a4be5a9a14,d731c096-ead3-472a-a729-b3b396f91530,Meeveo - Additional Sale,#N/A,Closed Won,72395.0,100.0,2023-08-04,#N/A,#N/A,#N/A,true,true,Closed,Closed,true,false,0,#N/A,3,2019,false,false,false,false,#N/A,false,#N/A,false,#N/A,#N/A,false,#N/A
a1daa506-a0b5-44ba-ac21-48bb6271d76d,eb8cb615-f1be-41cb-8293-0a1b08473ad4,Trunyx - Initial Sale,#N/A,Prospecting,72395.0,10.0,2025-06-10,#N/A,#N/A,#N/A,false,false,Pipeline,Pipeline,true,false,0,#N/A,2,2021,false,false,false,false,#N/A,false,#N/A,false,#N/A,#N/A,false,#N/A
64943749-b1f2-43f3-9368-0b0dd3d3ee4d,96f71fc6-a2ff-454d-a3ed-d3b3813f52f9,Tagopia - Initial Sale,#N/A,Needs Analysis,74395.0,20.0,2025-04-10,#N/A,#N/A,#N/A,false,false,Pipeline,Pipeline,true,false,0,#N/A,1,2021,false,false,false,false,#N/A,false,#N/A,false,#N/A,#N/A,false,#N/A
1aca4120-5622-44df-bf44-7e504d0f5569,ad4efe8f-969d-45a6-8367-92d37737206b,Voolia - Additional Sale,#N/A,Id. Decision Makers,29995.0,60.0,2025-09-25,#N/A,#N/A,#N/A,false,false,Pipeline,Pipeline,true,false,0,#N/A,3,2021,false,false,false,false,#N/A,false,#N/A,false,#N/A,#N/A,false,#N/A
b7278e12-5961-4e63-8538-771c13fe6e31,989094de-5598-4d5a-9c5f-2e1aa671f77c,Jabbersphere - Initial Sale,#N/A,Closed Lost,72395.0,0.0,2024-11-19,#N/A,#N/A,#N/A,true,false,Omitted,Omitted,true,false,0,#N/A,4,2020,false,false,false,false,#N/A,false,#N/A,false,#N/A,#N/A,false,#N/A
2bd44a62-a809-4365-8e0d-d726eed4bcc7,989094de-5598-4d5a-9c5f-2e1aa671f77c,Jabbersphere - Upsell,#N/A,Qualification,100082.0,10.0,2025-08-08,#N/A,#N/A,#N/A,false,false,Pipeline,Pipeline,true,false,0,#N/A,3,2021,false,false,false,false,#N/A,false,#N/A,false,#N/A,#N/A,false,#N/A
42de0b13-7bec-43e3-9bf3-4ca0eeb51695,b01c9288-d7bf-4228-add5-32807ee563b8,Quimm - SOW 3,#N/A,Negotiation/Review,15200.0,90.0,2025-06-04,#N/A,#N/A,#N/A,false,false,Pipeline,Pipeline,true,false,0,#N/A,2,2021,false,false,false,false,#N/A,false,#N/A,false,#N/A,#N/A,false,#N/A
d9f259d2-4143-42df-afef-d1c9333fcb08,957363ed-f7e7-4432-a639-c868929084aa,Twiyo - Initial Sale,#N/A,Needs Analysis,72395.0,20.0,2025-04-10,#N/A,#N/A,#N/A,false,false,Pipeline,Pipeline,true,false,0,#N/A,1,2021,false,false,false,false,#N/A,false,#N/A,false,#N/A,#N/A,false,#N/A
f31a0469-bccc-48ce-9ff2-a969189d29d5,ab96b432-45f8-4254-bdab-fffc68af26e7,Topicware - Additional Sale,#N/A,Id. Decision Makers,29995.0,60.0,2025-05-23,#N/A,#N/A,#N/A,false,false,Pipeline,Pipeline,true,false,0,#N/A,2,2021,false,false,false,false,#N/A,false,#N/A,false,#N/A,#N/A,false,#N/A
2f5dfcf2-f097-448a-be1f-d511789a5e2e,d25f9e87-c125-482b-93bb-ce34d731180f,Tazz - Initial Sale,#N/A,Prospecting,72395.0,10.0,2025-06-10,#N/A,#N/A,#N/A,false,false,Pipeline,Pipeline,true,false,0,#N/A,2,2021,false,false,false,false,#N/A,false,#N/A,false,#N/A,#N/A,false,#N/A
03d8123f-a0f5-4020-a26b-cd288ed5c561,b31cc650-8ca5-4641-86fc-37d3bfcaac76,Jetpulse - Additional Sale,#N/A,Value Proposition,34995.0,50.0,2025-03-16,#N/A,#N/A,#N/A,false,false,Pipeline,Pipeline,true,false,0,#N/A,1,2021,false,false,false,false,#N/A,false,#N/A,false,#N/A,#N/A,false,#N/A
31c347d6-23e5-447d-b837-d8bf8047adfd,d9104446-70d4-463d-ae1e-3485b7a6fa74,Rhynyx - Additional Sale,#N/A,Prospecting,34995.0,10.0,2025-08-04,#N/A,#N/A,#N/A,false,false,Pipeline,Pipeline,true,false,0,#N/A,3,2021,false,false,false,false,#N/A,false,#N/A,false,#N/A,#N/A,false,#N/A
95c1ae87-8607-4c2e-9ca0-467c46eaefe8,ad4efe8f-969d-45a6-8367-92d37737206b,Voolia - Secondary Sale,#N/A,Closed Won,32395.00000002,100.0,2025-04-04,#N/A,#N/A,#N/A,true,true,Closed,Closed,true,false,0,#N/A,1,2021,false,false,false,false,#N/A,false,#N/A,false,#N/A,#N/A,false,#N/A
d16015e7-e7ac-4182-a382-1b9423811edd,484d572f-f176-4951-8005-44fc815f8edf,Skyba - Additional Sale,#N/A,Id. Decision Makers,34995.0,60.0,2025-02-21,#N/A,#N/A,#N/A,false,false,Pipeline,Pipeline,true,false,0,#N/A,1,2021,false,false,false,false,#N/A,false,#N/A,false,#N/A,#N/A,false,#N/A
f4d38d2e-6fe1-4e31-8af6-14ba67598c0b,d06a901f-acfb-4ce5-8392-4058ad32485b,Meevee - Cross-sell,#N/A,Proposal/Price Quote,18350.0,75.0,2025-06-18,#N/A,#N/A,#N/A,false,false,Pipeline,Pipeline,true,false,0,#N/A,2,2021,false,false,false,false,#N/A,false,#N/A,false,#N/A,#N/A,false,#N/A
f6d0911e-e42b-496a-a751-9ffd2c0ceb83,96f71fc6-a2ff-454d-a3ed-d3b3813f52f9,Tagopia - Secondary Sale,#N/A,Closed Won,32395.00000002,100.0,2025-04-04,#N/A,#N/A,#N/A,true,true,Closed,Closed,true,false,0,#N/A,1,2021,false,false,false,false,#N/A,false,#N/A,false,#N/A,#N/A,false,#N/A
304650cc-5d5b-417c-9c7d-bf2a9fcc466f,d76c61e6-6647-4252-942f-1e9ad16b1557,Edgepulse - Upsell,#N/A,Qualification,75000.0,10.0,2025-08-08,#N/A,#N/A,#N/A,false,false,Pipeline,Pipeline,true,false,0,#N/A,3,2021,false,false,false,false,#N/A,false,#N/A,false,#N/A,#N/A,false,#N/A
7bfab03d-b1f1-4459-a381-7ebff2194c58,082acf9c-8891-420c-a3fd-66f6c6097e3c,Quire - Secondary Sale,#N/A,Closed Won,32395.00000002,100.0,2025-06-02,#N/A,#N/A,#N/A,true,true,Closed,Closed,true,false,0,#N/A,2,2021,false,false,false,false,#N/A,false,#N/A,false,#N/A,#N/A,false,#N/A
8135d305-19ae-4f70-9fe2-9e8d71960cbe,8e14703e-fd10-4fda-adbc-831517c9454c,Browsebug - Secondary Sale,#N/A,Closed Won,32395.00000002,100.0,2025-06-02,#N/A,#N/A,#N/A,true,true,Closed,Closed,true,false,0,#N/A,2,2021,false,false,false,false,#N/A,false,#N/A,false,#N/A,#N/A,false,#N/A
0397d07e-2e97-4770-957b-3a323fd4faa3,01344150-6523-4ab5-a6bd-5f4f4994885f,Kamba - Additional Sale,#N/A,Value Proposition,34995.0,50.0,2025-05-30,#N/A,#N/A,#N/A,false,false,Pipeline,Pipeline,false,false,0,#N/A,2,2021,false,false,false,false,#N/A,false,#N/A,false,#N/A,#N/A,false,#N/A
b67c695e-6daf-4cdf-82d6-a36bc7eb73db,ab7ee815-3a11-44cc-b064-55d63536825e,Yakitrit-Germain Hospital - Initial Sale,#N/A,Prospecting,72395.0,10.0,2025-06-10,#N/A,#N/A,#N/A,false,false,Pipeline,Pipeline,true,false,0,#N/A,2,2021,false,false,false,false,#N/A,false,#N/A,false,#N/A,#N/A,false,#N/A
059f8845-e936-4cf9-821a-f2d1bbc9d040,b8676e86-873e-41ee-b619-01b3a56c8f33,JumpXS - Secondary Sale,#N/A,Closed Won,32395.00000002,100.0,2025-06-02,#N/A,#N/A,#N/A,true,true,Closed,Closed,true,false,0,#N/A,2,2021,false,false,false,false,#N/A,false,#N/A,false,#N/A,#N/A,false,#N/A
eb1124b6-8722-4587-a54b-69d0bae42798,4a0f32f7-4233-45a1-94bd-75faf566aa17,Ooba - Initial Sale,#N/A,Closed Lost,72395.0,0.0,2024-10-05,#N/A,#N/A,#N/A,true,false,Omitted,Omitted,true,false,0,#N/A,3,2020,false,false,false,false,#N/A,false,#N/A,false,#N/A,#N/A,false,#N/A
129d2679-9edc-43ce-b02c-bd87d610e5fc,4a0f32f7-4233-45a1-94bd-75faf566aa17,Ooba - Upsell,#N/A,Qualification,75000.0,10.0,2025-08-08,#N/A,#N/A,#N/A,false,false,Pipeline,Pipeline,true,false,0,#N/A,3,2021,false,false,false,false,#N/A,false,#N/A,false,#N/A,#N/A,false,#N/A
3bef333c-1117-4fbf-906d-9260dd8d9762,1243404d-ee73-4286-94cd-8d6a57821109,Podcat - Cross-sell,#N/A,Proposal/Price Quote,11550.0,75.0,2025-04-18,#N/A,#N/A,#N/A,false,false,Pipeline,Pipeline,true,false,0,#N/A,1,2021,false,false,false,false,#N/A,false,#N/A,false,#N/A,#N/A,false,#N/A
8184bdf0-2eec-44fb-91a4-03750e15402a,ea2daf27-d46a-40d5-87c8-cb727a4d6b63,Topdrive - Additional Sale,#N/A,Value Proposition,34995.0,50.0,2025-03-16,#N/A,#N/A,#N/A,false,false,Pipeline,Pipeline,true,false,0,#N/A,1,2021,false,false,false,false,#N/A,false,#N/A,false,#N/A,#N/A,false,#N/A
6cb3f8f8-1e77-4b05-8203-c9f8720d01f5,0b1a2991-fee3-4caa-928a-de5c51300fd4,Avaveo - Cross-sell,#N/A,Proposal/Price Quote,34350.0,75.0,2025-06-18,#N/A,#N/A,#N/A,false,false,Pipeline,Pipeline,true,false,0,#N/A,2,2021,false,false,false,false,#N/A,false,#N/A,false,#N/A,#N/A,false,#N/A
31a17dfc-4258-44a3-ab91-217dc8b142be,24c37fae-9e9b-4767-a679-98a2d77ecdba,Skalith - Cross-sell,#N/A,Proposal/Price Quote,11550.0,75.0,2025-06-18,#N/A,#N/A,#N/A,false,false,Pipeline,Pipeline,true,false,0,#N/A,2,2021,false,false,false,false,#N/A,false,#N/A,false,#N/A,#N/A,false,#N/A
3e080671-7c95-46d9-b5a1-2f180129e8ba,65348251-9e23-4124-ae6c-95098e9d91a2,Myworks - Cross-sell,#N/A,Proposal/Price Quote,18350.0,75.0,2025-06-03,#N/A,#N/A,#N/A,false,false,Pipeline,Pipeline,true,false,0,#N/A,2,2021,false,false,false,false,#N/A,false,#N/A,false,#N/A,#N/A,false,#N/A
43b1977e-12b2-43d1-ad83-4056c5f68856,52aa2d52-b22b-4d4d-b272-e956119dd30c,Twimm - Secondary Sale,#N/A,Closed Won,32395.00000002,100.0,2025-04-17,#N/A,#N/A,#N/A,true,true,Closed,Closed,true,false,0,#N/A,1,2021,false,false,false,false,#N/A,false,#N/A,false,#N/A,#N/A,false,#N/A
c177241d-172f-490a-92ae-908750e812bd,d023f5b9-1c83-466d-b922-630f7ec2dceb,Flipbug - Secondary Sale,#N/A,Closed Won,32395.00000002,100.0,2025-04-04,#N/A,#N/A,#N/A,true,true,Closed,Closed,true,false,0,#N/A,1,2021,false,false,false,false,#N/A,false,#N/A,false,#N/A,#N/A,false,#N/A
67ded116-750e-45aa-9206-b8afb9b9f79a,b01c9288-d7bf-4228-add5-32807ee563b8,Quimm - Additional Sale,#N/A,Closed Won,29995.0,100.0,2025-01-20,#N/A,#N/A,#N/A,true,true,Closed,Closed,true,false,0,#N/A,4,2020,false,false,false,false,#N/A,false,#N/A,false,#N/A,#N/A,false,#N/A
510f127d-84bb-4b2f-b7be-84f0a9d7b170,dc879b26-eef5-4a42-9f54-2f6391bb5444,Aibox - Secondary Sale,#N/A,Closed Won,32395.00000002,100.0,2025-06-02,#N/A,#N/A,#N/A,true,true,Closed,Closed,true,false,0,#N/A,2,2021,false,false,false,false,#N/A,false,#N/A,false,#N/A,#N/A,false,#N/A
fb7e3023-8a67-4297-a2d8-ccea4d5af835,f0f01eb2-48d1-4867-a224-ac73e887e68e,Jaxworks - Secondary Sale,#N/A,Closed Won,32395.00000002,100.0,2025-02-17,#N/A,#N/A,#N/A,true,true,Closed,Closed,true,false,0,#N/A,1,2021,false,false,false,false,#N/A,false,#N/A,false,#N/A,#N/A,false,#N/A
308d853e-0e25-4cf8-ae42-1abc878a1b6f,a0f757d5-43be-4aa2-955d-23e04ae22f35,Photolist - Upsell,#N/A,Qualification,75000.0,10.0,2025-08-08,#N/A,#N/A,#N/A,false,false,Pipeline,Pipeline,true,false,0,#N/A,3,2021,false,false,false,false,#N/A,false,#N/A,false,#N/A,#N/A,false,#N/A
2cc2c27d-b75a-45b0-acd8-7647eb0be46d,b18f660b-73bf-4e7e-8c43-3545c94f2a1b,Dynazzy - Cross-sell,#N/A,Proposal/Price Quote,18050.0,75.0,2025-06-18,#N/A,#N/A,#N/A,false,false,Pipeline,Pipeline,true,false,0,#N/A,2,2021,false,false,false,false,#N/A,false,#N/A,false,#N/A,#N/A,false,#N/A
6366abfa-87dc-4bb4-b1fb-9e7128239fc0,1b4f20e0-7e2c-4549-89af-b8d3914ab8cb,Vipe - Secondary Sale,#N/A,Closed Won,32395.00000002,100.0,2025-06-02,#N/A,#N/A,#N/A,true,true,Closed,Closed,true,false,0,#N/A,2,2021,false,false,false,false,#N/A,false,#N/A,false,#N/A,#N/A,false,#N/A
08d39d5b-5020-4e19-b1fa-8a71b459269f,a83fe1c6-0c86-4ba1-8db3-9603508e114a,Aivee - Secondary Sale,#N/A,Closed Won,32395.00000002,100.0,2025-04-04,#N/A,#N/A,#N/A,true,true,Closed,Closed,true,false,0,#N/A,1,2021,false,false,false,false,#N/A,false,#N/A,false,#N/A,#N/A,false,#N/A
9ae34f36-dd8c-4633-889b-24a75f8aa5af,1b4f20e0-7e2c-4549-89af-b8d3914ab8cb,Vipe - Upsell,#N/A,Qualification,100082.0,10.0,2025-08-08,#N/A,#N/A,#N/A,false,false,Pipeline,Pipeline,true,false,0,#N/A,3,2021,false,false,false,false,#N/A,false,#N/A,false,#N/A,#N/A,false,#N/A
537e92a5-4133-4ca8-bf19-fb3ab3e345ae,8c27cba5-f069-462c-a6a3-898619e956b4,Realbridge - Cross-sell,#N/A,Proposal/Price Quote,11550.0,75.0,2025-06-18,#N/A,#N/A,#N/A,false,false,Pipeline,Pipeline,true,false,0,#N/A,2,2021,false,false,false,false,#N/A,false,#N/A,false,#N/A,#N/A,false,#N/A
4d6b0527-ab25-4a30-92d3-da597b60926e,af271580-40f5-4d49-b1ea-03b49850606f,Meejo - Initial Sale,#N/A,Closed Lost,72395.0,0.0,2024-11-04,#N/A,#N/A,#N/A,true,false,Omitted,Omitted,true,false,0,#N/A,4,2020,false,false,false,false,#N/A,false,#N/A,false,#N/A,#N/A,false,#N/A
da40faaa-0f68-4631-8591-be4e8f6debde,deb2643f-e4b0-4a03-bbfd-99725a62a149,Blognation - Cross-sell,#N/A,Proposal/Price Quote,18050.0,75.0,2025-06-18,#N/A,#N/A,#N/A,false,false,Pipeline,Pipeline,true,false,0,#N/A,2,2021,false,false,false,false,#N/A,false,#N/A,false,#N/A,#N/A,false,#N/A
5bd458bc-9bff-4f3c-9b82-a3c0c0ea3e17,e2705254-9a30-42a3-ac3d-f0403ba3e71d,Browseblabc-Morales Corp. - Initial Sale,#N/A,Closed Lost,72395.0,0.0,2024-11-19,#N/A,#N/A,#N/A,true,false,Omitted,Omitted,true,false,0,#N/A,4,2020,false,false,false,false,#N/A,false,#N/A,false,#N/A,#N/A,false,#N/A
3b65022f-e1b2-4e2d-9c68-b7adc51eabf4,d06a901f-acfb-4ce5-8392-4058ad32485b,Meevee - Secondary Sale,#N/A,Closed Won,32395.00000002,100.0,2025-06-02,#N/A,#N/A,#N/A,true,true,Closed,Closed,true,false,0,#N/A,2,2021,false,false,false,false,#N/A,false,#N/A,false,#N/A,#N/A,false,#N/A
d03cb5fe-20a3-40d2-97fe-d83424e33035,a0f757d5-43be-4aa2-955d-23e04ae22f35,Photolist - Secondary Sale,#N/A,Closed Won,32395.00000002,100.0,2025-06-02,#N/A,#N/A,#N/A,true,true,Closed,Closed,true,false,0,#N/A,2,2021,false,false,false,false,#N/A,false,#N/A,false,#N/A,#N/A,false,#N/A
e2646ece-10b2-4e5b-86e7-50415fc8c889,d8b37903-170a-46f1-a891-24eb1dafc178,Noba - Upsell,#N/A,Qualification,100082.0,10.0,2025-08-08,#N/A,#N/A,#N/A,false,false,Pipeline,Pipeline,true,false,0,#N/A,3,2021,false,false,false,false,#N/A,false,#N/A,false,#N/A,#N/A,false,#N/A
e1fdf66d-51d8-4a48-afa0-5e8e974d996e,39a37eb5-2b43-45df-b870-c05664e05692,Kwimbee - Secondary Sale,#N/A,Closed Won,32395.00000002,100.0,2025-06-02,#N/A,#N/A,#N/A,true,true,Closed,Closed,true,false,0,#N/A,2,2021,false,false,false,false,#N/A,false,#N/A,false,#N/A,#N/A,false,#N/A
ee0e7641-fc18-4d6b-a5ff-3abc49dae7fc,710c9f92-3efe-4fc6-86b7-3878e44ac4a0,Edgetag - Cross-sell,#N/A,Proposal/Price Quote,18350.0,75.0,2025-06-18,#N/A,#N/A,#N/A,false,false,Pipeline,Pipeline,true,false,0,#N/A,2,2021,false,false,false,false,#N/A,false,#N/A,false,#N/A,#N/A,false,#N/A
e1acf647-43ef-4254-94e6-acdfeb56106d,9e1650cb-2855-4a0d-a897-d0fc6f5cb30a,Oodoo - Initial Sale,#N/A,Closed Lost,72395.0,0.0,2024-11-19,#N/A,#N/A,#N/A,true,false,Omitted,Omitted,true,false,0,#N/A,4,2020,false,false,false,false,#N/A,false,#N/A,false,#N/A,#N/A,false,#N/A
209a4503-6ab2-44b6-acbc-80154f6fd3c0,deb2643f-e4b0-4a03-bbfd-99725a62a149,Blognation - Secondary Sale,#N/A,Closed Won,32395.00000002,100.0,2025-06-02,#N/A,#N/A,#N/A,true,true,Closed,Closed,true,false,0,#N/A,2,2021,false,false,false,false,#N/A,false,#N/A,false,#N/A,#N/A,false,#N/A
486875d2-0366-4718-babd-97f538cfe68f,b8676e86-873e-41ee-b619-01b3a56c8f33,JumpXS - Additional Sale,#N/A,Proposal/Price Quote,34995.0,75.0,2025-03-15,#N/A,#N/A,#N/A,false,false,Pipeline,Pipeline,true,false,0,#N/A,1,2021,false,false,false,false,#N/A,false,#N/A,false,#N/A,#N/A,false,#N/A
9f8afba1-6484-470a-bdd2-91fd56a5748b,2aaa3f1b-0810-40c9-a48e-691cc50d9dac,Fiveclub - Cross-sell,#N/A,Proposal/Price Quote,18350.0,75.0,2025-06-18,#N/A,#N/A,#N/A,false,false,Pipeline,Pipeline,true,false,0,#N/A,2,2021,false,false,false,false,#N/A,false,#N/A,false,#N/A,#N/A,false,#N/A
a1a616f5-9aef-4d2a-8fa9-0118457bca31,1f0ebca3-5492-47f2-a61e-8a8f0bf1ee82,Meembee - Secondary Sale,#N/A,Closed Won,32395.00000002,100.0,2025-04-04,#N/A,#N/A,#N/A,true,true,Closed,Closed,true,false,0,#N/A,1,2021,false,false,false,false,#N/A,false,#N/A,false,#N/A,#N/A,false,#N/A
e98295c9-492a-4d10-abb6-4b14a69e54b5,821fe8c7-12dc-44e2-86e9-f621f3088d0b,Twinder - Additional Sale,#N/A,Proposal/Price Quote,34995.0,75.0,2025-03-22,#N/A,#N/A,#N/A,false,false,Pipeline,Pipeline,true,false,0,#N/A,1,2021,false,false,false,false,#N/A,false,#N/A,false,#N/A,#N/A,false,#N/A
7b2b48ce-c422-4391-98b2-623c20453f71,eb8cb615-f1be-41cb-8293-0a1b08473ad4,Trunyx - Secondary Sale,#N/A,Closed Won,32395.00000002,100.0,2025-06-02,#N/A,#N/A,#N/A,true,true,Closed,Closed,true,false,0,#N/A,2,2021,false,false,false,false,#N/A,false,#N/A,false,#N/A,#N/A,false,#N/A
bc5e39d4-8f05-444c-b2b6-439e04f28abf,63488cc8-bb96-4b19-a250-1e86771ba2d6,Voolith - Initial Sale,#N/A,Closed Lost,72395.0,0.0,2024-11-19,#N/A,#N/A,#N/A,true,false,Omitted,Omitted,true,false,0,#N/A,4,2020,false,false,false,false,#N/A,false,#N/A,false,#N/A,#N/A,false,#N/A
3881b4d3-4844-46ba-bc86-7c864ccb66ac,d9104446-70d4-463d-ae1e-3485b7a6fa74,Rhynyx - Cross-sell,#N/A,Proposal/Price Quote,34350.0,75.0,2025-06-18,#N/A,#N/A,#N/A,false,false,Pipeline,Pipeline,true,false,0,#N/A,2,2021,false,false,false,false,#N/A,false,#N/A,false,#N/A,#N/A,false,#N/A
f4741dbd-9fac-42b7-9a9d-184712ad82a3,63488cc8-bb96-4b19-a250-1e86771ba2d6,Voolith - Additional Sale,#N/A,Closed Won,29995.0,100.0,2025-01-20,#N/A,#N/A,#N/A,true,true,Closed,Closed,true,false,0,#N/A,4,2020,false,false,false,false,#N/A,false,#N/A,false,#N/A,#N/A,false,#N/A
18d1e6de-931a-4cc6-bd8f-1b963e104f88,b8676e86-873e-41ee-b619-01b3a56c8f33,JumpXS - Upsell,#N/A,Qualification,110785.0,10.0,2025-08-08,#N/A,#N/A,#N/A,false,false,Pipeline,Pipeline,true,false,0,#N/A,3,2021,false,false,false,false,#N/A,false,#N/A,false,#N/A,#N/A,false,#N/A
272f4a39-7065-4877-9870-4c01b60c9a1e,37afb168-f0e8-423a-a651-bf9649ca6220,Tagtune - Upsell,#N/A,Qualification,100082.0,10.0,2025-08-08,#N/A,#N/A,#N/A,false,false,Pipeline,Pipeline,true,false,0,#N/A,3,2021,false,false,false,false,#N/A,false,#N/A,false,#N/A,#N/A,false,#N/A
f68b978a-dc72-4540-95b7-eb2cad1c81ea,821fe8c7-12dc-44e2-86e9-f621f3088d0b,Twinder - Cross-sell-sell,#N/A,Proposal/Price Quote,18050.0,75.0,2025-06-18,#N/A,#N/A,#N/A,false,false,Pipeline,Pipeline,true,false,0,#N/A,2,2021,false,false,false,false,#N/A,false,#N/A,false,#N/A,#N/A,false,#N/A
82fbb01f-ef95-4340-b484-b43a6a82ad81,b09060e7-20a3-4d9f-9123-ffb1a3dfd34a,Buzzshare - Additional Sale,#N/A,Value Proposition,34995.0,50.0,2025-02-15,#N/A,#N/A,#N/A,false,false,Pipeline,Pipeline,true,false,0,#N/A,1,2021,false,false,false,false,#N/A,false,#N/A,false,#N/A,#N/A,false,#N/A
5eb1fb86-dd0e-43f4-9566-2099f7780b28,df29e9b2-8e18-42f6-87ae-96ff28699745,Skimia - Cross-sell,#N/A,Proposal/Price Quote,18350.0,75.0,2025-06-18,#N/A,#N/A,#N/A,false,false,Pipeline,Pipeline,true,false,0,#N/A,2,2021,false,false,false,false,#N/A,false,#N/A,false,#N/A,#N/A,false,#N/A
8c4a3f1a-e9e2-40b7-9312-cd6f02875c19,b09060e7-20a3-4d9f-9123-ffb1a3dfd34a,Buzzshare - Initial Sale,#N/A,Prospecting,72395.0,10.0,2025-06-10,#N/A,#N/A,#N/A,false,false,Pipeline,Pipeline,true,false,0,#N/A,2,2021,false,false,false,false,#N/A,false,#N/A,false,#N/A,#N/A,false,#N/A
02ff57ab-58bf-45f5-8e02-c35f86b257e9,c7717326-09af-4348-b090-e4be2dac6029,Chatterpoint - Secondary Sale,#N/A,Closed Won,32395.00000002,100.0,2025-06-02,#N/A,#N/A,#N/A,true,true,Closed,Closed,true,false,0,#N/A,2,2021,false,false,false,false,#N/A,false,#N/A,false,#N/A,#N/A,false,#N/A
79c647fb-5b2d-4f02-a792-d8264cab6e19,d25f9e87-c125-482b-93bb-ce34d731180f,Tazz - Upsell,#N/A,Qualification,100082.0,10.0,2025-08-08,#N/A,#N/A,#N/A,false,false,Pipeline,Pipeline,true,false,0,#N/A,3,2021,false,false,false,false,#N/A,false,#N/A,false,#N/A,#N/A,false,#N/A
5dc467ba-e577-4e36-bcdc-52163eacaba2,51b706db-46cb-4f9e-88c2-0ff80ad8062f,Kimia - Cross-sell,#N/A,Proposal/Price Quote,11550.0,75.0,2025-06-03,#N/A,#N/A,#N/A,false,false,Pipeline,Pipeline,true,false,0,#N/A,2,2021,false,false,false,false,#N/A,false,#N/A,false,#N/A,#N/A,false,#N/A
74d74a2b-a428-427e-a3ed-21fca477d318,269f82ea-422b-48a2-bc48-586d44eca005,Yakidoo - Secondary Sale,#N/A,Closed Won,32395.00000002,100.0,2025-04-04,#N/A,#N/A,#N/A,true,true,Closed,Closed,true,false,0,#N/A,1,2021,false,false,false,false,#N/A,false,#N/A,false,#N/A,#N/A,false,#N/A
c08eb5d6-ef5d-46fb-9b3e-08ce3993c423,deb2643f-e4b0-4a03-bbfd-99725a62a149,Blognation - SOW 1,#N/A,Proposal/Price Quote,69095.0,75.0,2025-06-19,#N/A,#N/A,#N/A,false,false,Pipeline,Pipeline,true,false,0,#N/A,2,2021,false,false,false,false,#N/A,false,#N/A,false,#N/A,#N/A,false,#N/A
706c44b2-ca09-434e-a902-3b2cb50b7aa1,dc879b26-eef5-4a42-9f54-2f6391bb5444,Aibox - Initial Sale,#N/A,Value Proposition,72395.0,50.0,2025-06-10,#N/A,#N/A,#N/A,false,false,Pipeline,Pipeline,true,false,0,#N/A,2,2021,false,false,false,false,#N/A,false,#N/A,false,#N/A,#N/A,false,#N/A
10823c81-fc31-4d22-ad6a-710dd07a01d2,366f30ac-06fa-4d07-bd6a-526f628d72f9,Roomm - Upsell,#N/A,Qualification,105120.0,10.0,2025-05-15,#N/A,#N/A,#N/A,false,false,Pipeline,Pipeline,true,false,0,#N/A,2,2021,false,false,false,false,#N/A,false,#N/A,false,#N/A,#N/A,false,#N/A
05bcea55-00d1-4fdb-a3b3-60db4e113239,f0f01eb2-48d1-4867-a224-ac73e887e68e,Jaxworks - Additional Sale,#N/A,Value Proposition,34995.0,50.0,2025-07-06,#N/A,#N/A,#N/A,false,false,Pipeline,Pipeline,false,false,0,#N/A,2,2021,false,false,false,false,#N/A,false,#N/A,false,#N/A,#N/A,false,#N/A
827f347a-64ed-4de0-8fc9-65e7761510d5,65c49a71-2fcd-438b-9c70-afeb68e149a2,Zoonoodle - Upsell,#N/A,Qualification,100082.0,10.0,2025-08-08,#N/A,#N/A,#N/A,false,false,Pipeline,Pipeline,true,false,0,#N/A,3,2021,false,false,false,false,#N/A,false,#N/A,false,#N/A,#N/A,false,#N/A
d3831aac-830b-4465-88bd-e6b8c0bd4b62,63a2522c-da85-4079-a621-fd46a49cd78b,Eadel - Additional Sale,#N/A,Closed Won,29995.0,100.0,2025-02-20,#N/A,#N/A,#N/A,true,true,Closed,Closed,true,false,0,#N/A,1,2021,false,false,false,false,#N/A,false,#N/A,false,#N/A,#N/A,false,#N/A
9901af87-65d6-40cd-bb02-be855ef9ffd5,710c9f92-3efe-4fc6-86b7-3878e44ac4a0,Edgetag - Initial Sale,#N/A,Id. Decision Makers,72395.0,60.0,2025-06-10,#N/A,#N/A,#N/A,false,false,Pipeline,Pipeline,true,false,0,#N/A,2,2021,false,false,false,false,#N/A,false,#N/A,false,#N/A,#N/A,false,#N/A
3a038785-2768-44f6-809c-5c0a794fbb71,71741663-e680-4352-8de9-d7f0fad54026,Topicshots - Upsell,#N/A,Qualification,100082.0,10.0,2025-08-08,#N/A,#N/A,#N/A,false,false,Pipeline,Pipeline,true,false,0,#N/A,3,2021,false,false,false,false,#N/A,false,#N/A,false,#N/A,#N/A,false,#N/A
6dc833d6-c021-489c-b4ea-fe6294293940,e4255128-7dee-41d8-aebc-0e00f9664742,Zoomcast - Secondary Sale,#N/A,Closed Won,32395.00000002,100.0,2025-06-02,#N/A,#N/A,#N/A,true,true,Closed,Closed,true,false,0,#N/A,2,2021,false,false,false,false,#N/A,false,#N/A,false,#N/A,#N/A,false,#N/A
769313e1-d55c-488b-84d4-da25e15ab1a3,63a2522c-da85-4079-a621-fd46a49cd78b,Eadel - Cross-sell,#N/A,Proposal/Price Quote,34350.0,75.0,2025-06-18,#N/A,#N/A,#N/A,false,false,Pipeline,Pipeline,true,false,0,#N/A,2,2021,false,false,false,false,#N/A,false,#N/A,false,#N/A,#N/A,false,#N/A
aaa0287e-2037-4d82-bd88-f56b65bf577e,1b4f20e0-7e2c-4549-89af-b8d3914ab8cb,Vipe - Cross-sell,#N/A,Proposal/Price Quote,18050.0,75.0,2025-06-18,#N/A,#N/A,#N/A,false,false,Pipeline,Pipeline,true,false,0,#N/A,2,2021,false,false,false,false,#N/A,false,#N/A,false,#N/A,#N/A,false,#N/A
d424dde7-d436-4cec-b1e7-668d2d4b2f2c,8ebefa0e-6518-4f34-8143-deed57b50916,Pixoboo - Additional Sale,#N/A,Value Proposition,34995.0,50.0,2025-03-01,#N/A,#N/A,#N/A,false,false,Pipeline,Pipeline,true,false,0,#N/A,1,2021,false,false,false,false,#N/A,false,#N/A,false,#N/A,#N/A,false,#N/A
111108ed-50d4-4dfd-8bce-dfb48061a9ee,32e8f6f3-5748-4baf-8bda-c17fff24bb87,Fatz - Initial Sale,#N/A,Closed Lost,72395.0,0.0,2024-11-19,#N/A,#N/A,#N/A,true,false,Omitted,Omitted,true,false,0,#N/A,4,2020,false,false,false,false,#N/A,false,#N/A,false,#N/A,#N/A,false,#N/A
226b04a6-b9bb-430a-b4d6-008d759c9de8,6320c506-ff02-4baf-8f16-c6a8a19f8565,Oyoba - Upsell,#N/A,Qualification,75000.0,10.0,2025-08-08,#N/A,#N/A,#N/A,false,false,Pipeline,Pipeline,true,false,0,#N/A,3,2021,false,false,false,false,#N/A,false,#N/A,false,#N/A,#N/A,false,#N/A
dee651ee-4e2e-44f4-b40c-5192b21ec162,e612b72c-01f9-4c49-a2bc-e0582274b24b,Voonix - Upsell,#N/A,Qualification,100082.0,10.0,2025-08-08,#N/A,#N/A,#N/A,false,false,Pipeline,Pipeline,true,false,0,#N/A,3,2021,false,false,false,false,#N/A,false,#N/A,false,#N/A,#N/A,false,#N/A
abff5c56-5857-4021-91e9-8f37aba9d65b,366f30ac-06fa-4d07-bd6a-526f628d72f9,Roomm - Secondary Sale,#N/A,Closed Won,32395.00000002,100.0,2025-06-02,#N/A,#N/A,#N/A,true,true,Closed,Closed,true,false,0,#N/A,2,2021,false,false,false,false,#N/A,false,#N/A,false,#N/A,#N/A,false,#N/A
a429a0b8-6045-4b2a-9c6b-03a8714760f4,bae55ba3-ea80-48c6-b152-4ea7f82bfd53,Realcube - Additional Sale,#N/A,Closed Won,72395.0,100.0,2023-07-07,#N/A,#N/A,#N/A,true,true,Closed,Closed,true,false,0,#N/A,2,2019,false,false,false,false,#N/A,false,#N/A,false,#N/A,#N/A,false,#N/A
37725f64-82be-4302-9e1b-6a8eb6fa3dc8,29ca5f3e-f69b-43c5-96db-f0fcb2934ade,Centimia - Initial Sale,#N/A,Closed Lost,72395.0,0.0,2024-11-19,#N/A,#N/A,#N/A,true,false,Omitted,Omitted,true,false,0,#N/A,4,2020,false,false,false,false,#N/A,false,#N/A,false,#N/A,#N/A,false,#N/A
71dfb899-637f-4153-841c-8bd98b046e71,7d260df7-02d6-4d22-8aef-ba7349f852ae,Rhycero - Upsell,#N/A,Qualification,75000.0,10.0,2025-08-08,#N/A,#N/A,#N/A,false,false,Pipeline,Pipeline,true,false,0,#N/A,3,2021,false,false,false,false,#N/A,false,#N/A,false,#N/A,#N/A,false,#N/A
3fda29ff-2a61-42fe-a160-8f8ebc1df360,1cc82fc1-0d11-445e-8234-fe4a98a2e3fb,Divavu - Initial Sale,#N/A,Closed Lost,72395.0,0.0,2024-11-19,#N/A,#N/A,#N/A,true,false,Omitted,Omitted,true,false,0,#N/A,4,2020,false,false,false,false,#N/A,false,#N/A,false,#N/A,#N/A,false,#N/A
4ecca0cc-d757-403d-a238-a4b1f5e0a2f1,71741663-e680-4352-8de9-d7f0fad54026,Topicshots - Initial Sale,#N/A,Closed Lost,72395.0,0.0,2024-11-19,#N/A,#N/A,#N/A,true,false,Omitted,Omitted,true,false,0,#N/A,4,2020,false,false,false,false,#N/A,false,#N/A,false,#N/A,#N/A,false,#N/A
f26feecc-7ac2-4a04-93f3-862ead55d530,79885fd4-1421-42ea-a120-91ac20fcb953,Gabcube - Secondary Sale,#N/A,Closed Won,32395.00000002,100.0,2025-04-04,#N/A,#N/A,#N/A,true,true,Closed,Closed,true,false,0,#N/A,1,2021,false,false,false,false,#N/A,false,#N/A,false,#N/A,#N/A,false,#N/A
8cc87fc1-8fe7-4a76-9d28-1b4a0bbd36c5,8e14703e-fd10-4fda-adbc-831517c9454c,Browsebug - Initial Sale,#N/A,Prospecting,72395.0,10.0,2025-06-10,#N/A,#N/A,#N/A,false,false,Pipeline,Pipeline,true,false,0,#N/A,2,2021,false,false,false,false,#N/A,false,#N/A,false,#N/A,#N/A,false,#N/A
f8be3f07-ac73-44d1-964f-990758de309c,d53be6fe-9499-48b8-aff2-fb8a854294fe,Kanoodle - Upsell,#N/A,Qualification,75000.0,10.0,2025-08-08,#N/A,#N/A,#N/A,false,false,Pipeline,Pipeline,true,false,0,#N/A,3,2021,false,false,false,false,#N/A,false,#N/A,false,#N/A,#N/A,false,#N/A
8d131a53-a3c0-45ab-bba8-414550a95833,dd3330be-ca21-4cb4-8acb-59e3a29631ed,Agimba - Cross-sell,#N/A,Proposal/Price Quote,11550.0,75.0,2025-06-18,#N/A,#N/A,#N/A,false,false,Pipeline,Pipeline,true,false,0,#N/A,2,2021,false,false,false,false,#N/A,false,#N/A,false,#N/A,#N/A,false,#N/A
7bc8ab7c-c80a-4c3a-ae09-5c7522cb1c88,4dffeb4d-d4f6-464c-9b57-cda36636f156,Bluezoom - Cross-sell,#N/A,Proposal/Price Quote,34350.0,75.0,2025-06-18,#N/A,#N/A,#N/A,false,false,Pipeline,Pipeline,true,false,0,#N/A,2,2021,false,false,false,false,#N/A,false,#N/A,false,#N/A,#N/A,false,#N/A
abb68309-d75f-450f-b94f-455683637b26,bcfff8a0-c370-4978-a439-087e1082693b,Lazzy - Cross-sell,#N/A,Proposal/Price Quote,11550.0,75.0,2025-06-18,#N/A,#N/A,#N/A,false,false,Pipeline,Pipeline,true,false,0,#N/A,2,2021,false,false,false,false,#N/A,false,#N/A,false,#N/A,#N/A,false,#N/A
75796e27-f5b8-40c1-a153-aa92a78188db,e612b72c-01f9-4c49-a2bc-e0582274b24b,Voonix - Secondary Sale,#N/A,Closed Won,32395.00000002,100.0,2025-04-04,#N/A,#N/A,#N/A,true,true,Closed,Closed,true,false,0,#N/A,1,2021,false,false,false,false,#N/A,false,#N/A,false,#N/A,#N/A,false,#N/A
6c41eae9-ed99-4299-96f2-6b31ae28a7bb,d855bf74-e885-4ce8-82cc-3149e020b3cf,Jaxspan - Secondary Sale,#N/A,Closed Won,32395.00000002,100.0,2025-06-02,#N/A,#N/A,#N/A,true,true,Closed,Closed,true,false,0,#N/A,2,2021,false,false,false,false,#N/A,false,#N/A,false,#N/A,#N/A,false,#N/A
8069c4aa-7361-4023-8824-a9fbf926597e,65c49a71-2fcd-438b-9c70-afeb68e149a2,Zoonoodle - Additional Sale,#N/A,Closed Won,29995.0,100.0,2025-03-22,#N/A,#N/A,#N/A,true,true,Closed,Closed,true,false,0,#N/A,1,2021,false,false,false,false,#N/A,false,#N/A,false,#N/A,#N/A,false,#N/A
d6426108-6193-4b3b-be23-dbc814491921,710fe2fe-521a-4718-bd07-70d4ff925556,Zoombox - Upsell,#N/A,Qualification,75000.0,10.0,2025-08-08,#N/A,#N/A,#N/A,false,false,Pipeline,Pipeline,true,false,0,#N/A,3,2021,false,false,false,false,#N/A,false,#N/A,false,#N/A,#N/A,false,#N/A
63c1c146-f586-40b9-a36b-e1bc20e070c5,0bbebd9e-980f-4489-bb4b-cd92c88314a3,Pixonyx - Additional Sale,#N/A,Closed Won,29995.0,100.0,2025-01-20,#N/A,#N/A,#N/A,true,true,Closed,Closed,true,false,0,#N/A,4,2020,false,false,false,false,#N/A,false,#N/A,false,#N/A,#N/A,false,#N/A
e9288a59-1389-4307-bd42-3a9c0d54f9a6,551d24c8-f10f-47a2-9f23-ea48b275ff48,Shuffletag - Additional Sale,#N/A,Value Proposition,34995.0,50.0,2025-06-12,#N/A,#N/A,#N/A,false,false,Pipeline,Pipeline,false,false,0,#N/A,2,2021,false,false,false,false,#N/A,false,#N/A,false,#N/A,#N/A,false,#N/A
6840b166-93f7-4d57-bcdc-688b1098053f,fe981786-e62e-4e7c-9912-0f705b23f2af,Bubblemix - Initial Sale,#N/A,Closed Lost,72395.0,0.0,2024-09-20,#N/A,#N/A,#N/A,true,false,Omitted,Omitted,true,false,0,#N/A,3,2020,false,false,false,false,#N/A,false,#N/A,false,#N/A,#N/A,false,#N/A
b19dde33-ced2-4366-94ca-d85c26d76775,4b80d5c3-49f6-48da-83f2-8ba3d7b52d80,Yamia - SOW 1,#N/A,Value Proposition,39595.0,50.0,2025-06-04,#N/A,#N/A,#N/A,false,false,Pipeline,Pipeline,true,false,0,#N/A,2,2021,false,false,false,false,#N/A,false,#N/A,false,#N/A,#N/A,false,#N/A
39099a18-f8ee-4b71-9d85-dd2f36ae67be,e2705254-9a30-42a3-ac3d-f0403ba3e71d,Browseblabc-Morales Corp. - Upsell,#N/A,Qualification,100082.0,10.0,2025-08-08,#N/A,#N/A,#N/A,false,false,Pipeline,Pipeline,true,false,0,#N/A,3,2021,false,false,false,false,#N/A,false,#N/A,false,#N/A,#N/A,false,#N/A
14842c9e-fcfb-46cf-8953-608bd7629413,c9da821e-eb47-4e5f-ab4b-2d75ca27137b,Shufflester - Initial Sale,#N/A,Prospecting,73995.0,10.0,2025-06-10,#N/A,#N/A,#N/A,false,false,Pipeline,Pipeline,true,false,0,#N/A,2,2021,false,false,false,false,#N/A,false,#N/A,false,#N/A,#N/A,false,#N/A
c1032073-0ed0-4a25-967a-a0a1e9b305e0,9e1650cb-2855-4a0d-a897-d0fc6f5cb30a,Oodoo - Secondary Sale,#N/A,Closed Won,32395.00000002,100.0,2025-06-02,#N/A,#N/A,#N/A,true,true,Closed,Closed,true,false,0,#N/A,2,2021,true,false,false,false,#N/A,false,#N/A,false,#N/A,#N/A,false,#N/A
ec051184-247c-4668-bc5f-f86980f4bdfc,dd3330be-ca21-4cb4-8acb-59e3a29631ed,Agimba - Upsell,#N/A,Qualification,75000.0,10.0,2025-08-08,#N/A,#N/A,#N/A,false,false,Pipeline,Pipeline,true,false,0,#N/A,3,2021,false,false,false,false,#N/A,false,#N/A,false,#N/A,#N/A,false,#N/A
214f44db-c418-48fc-84e7-340486514c49,5463fefd-cbbe-4302-b187-6f06ed87166a,Twitterwire - Cross-sell,#N/A,Proposal/Price Quote,37400.0,75.0,2025-06-18,#N/A,#N/A,#N/A,false,false,Pipeline,Pipeline,true,false,0,#N/A,2,2021,false,false,false,false,#N/A,false,#N/A,false,#N/A,#N/A,false,#N/A
f3c5b731-540a-43ef-9259-13f79f71cd5f,51a12852-b282-4490-b9dd-bf2285c93137,DabZ - Cross-sell,#N/A,Proposal/Price Quote,18050.0,75.0,2025-06-18,#N/A,#N/A,#N/A,false,false,Pipeline,Pipeline,true,false,0,#N/A,2,2021,false,false,false,false,#N/A,false,#N/A,false,#N/A,#N/A,false,#N/A
51859351-cc8e-451f-a10f-b46b060da28a,e4255128-7dee-41d8-aebc-0e00f9664742,Zoomcast - Initial Sale,#N/A,Closed Lost,72395.0,0.0,2024-11-19,#N/A,#N/A,#N/A,true,false,Omitted,Omitted,true,false,0,#N/A,4,2020,false,false,false,false,#N/A,false,#N/A,false,#N/A,#N/A,false,#N/A
bfe00dbc-be94-4a37-9405-a67837faab81,a0f757d5-43be-4aa2-955d-23e04ae22f35,Photolist - Cross-sell,#N/A,Proposal/Price Quote,11250.0,75.0,2025-06-18,#N/A,#N/A,#N/A,false,false,Pipeline,Pipeline,true,false,0,#N/A,2,2021,false,false,false,false,#N/A,false,#N/A,false,#N/A,#N/A,false,#N/A
3301d105-fce8-454b-8aef-266e456448f6,e8b1df73-2693-4997-b345-adf992fbb341,Zazio - Secondary Sale,#N/A,Closed Won,32395.00000002,100.0,2025-06-02,#N/A,#N/A,#N/A,true,true,Closed,Closed,true,false,0,#N/A,2,2021,false,false,false,false,#N/A,false,#N/A,false,#N/A,#N/A,false,#N/A
3a4a898c-4fe9-4f70-bc8c-9e2f0b8ae132,b01c9288-d7bf-4228-add5-32807ee563b8,Quimm - Upsell,#N/A,Qualification,100082.0,10.0,2025-08-08,#N/A,#N/A,#N/A,false,false,Pipeline,Pipeline,true,false,0,#N/A,3,2021,false,false,false,false,#N/A,false,#N/A,false,#N/A,#N/A,false,#N/A
3d7d7bf5-8d39-4677-947b-565f9371d907,ab96b432-45f8-4254-bdab-fffc68af26e7,Topicware - Upsell,#N/A,Qualification,75000.0,10.0,2025-08-08,#N/A,#N/A,#N/A,false,false,Pipeline,Pipeline,true,false,0,#N/A,3,2021,false,false,false,false,#N/A,false,#N/A,false,#N/A,#N/A,false,#N/A
3740257f-33e7-4afa-bb77-16c1c6bd5289,3c66b37b-b0b5-47a9-bf58-0c9686d72d93,Thoughtmix - Upsell,#N/A,Qualification,100082.0,10.0,2025-08-08,#N/A,#N/A,#N/A,false,false,Pipeline,Pipeline,true,false,0,#N/A,3,2021,false,false,false,false,#N/A,false,#N/A,false,#N/A,#N/A,false,#N/A
4c3f12e1-31b4-4731-b3a6-3f276993272d,9cc34213-1502-44f3-8ed1-609b175b2f72,Trudoo - Upsell,#N/A,Qualification,75000.0,10.0,2025-08-08,#N/A,#N/A,#N/A,false,false,Pipeline,Pipeline,true,false,0,#N/A,3,2021,false,false,false,false,#N/A,false,#N/A,false,#N/A,#N/A,false,#N/A
3d439ec5-b562-4970-b5ce-3d7950086dfb,4dffeb4d-d4f6-464c-9b57-cda36636f156,Bluezoom - Upsell,#N/A,Qualification,108710.0,10.0,2025-08-08,#N/A,#N/A,#N/A,false,false,Pipeline,Pipeline,true,false,0,#N/A,3,2021,false,false,false,false,#N/A,false,#N/A,false,#N/A,#N/A,false,#N/A
75232aae-91e7-4994-91ac-5037efd490b7,01344150-6523-4ab5-a6bd-5f4f4994885f,Kamba - Upsell,#N/A,Qualification,100082.0,10.0,2025-08-08,#N/A,#N/A,#N/A,false,false,Pipeline,Pipeline,true,false,0,#N/A,3,2021,false,false,false,false,#N/A,false,#N/A,false,#N/A,#N/A,false,#N/A
72b19cd0-58e0-4d91-b2e9-1df11153cfbf,b01c9288-d7bf-4228-add5-32807ee563b8,Quimm - Secondary Sale,#N/A,Closed Won,32395.00000002,100.0,2025-04-04,#N/A,#N/A,#N/A,true,true,Closed,Closed,true,false,0,#N/A,1,2021,false,false,false,false,#N/A,false,#N/A,false,#N/A,#N/A,false,#N/A
a59f804b-f244-4cf4-b2f7-b06f859ebd23,8e14703e-fd10-4fda-adbc-831517c9454c,Browsebug - Upsell,#N/A,Qualification,100082.0,10.0,2025-08-08,#N/A,#N/A,#N/A,false,false,Pipeline,Pipeline,true,false,0,#N/A,3,2021,false,false,false,false,#N/A,false,#N/A,false,#N/A,#N/A,false,#N/A
4448e6d3-4f00-49c7-b556-9c1edbebd22d,a757a03e-2ada-4533-ad05-fd33f887c8bb,Fizzly Products,#N/A,Prospecting,#N/A,10.0,2031-04-02,#N/A,#N/A,#N/A,false,false,Pipeline,Pipeline,false,false,0,#N/A,1,2027,false,false,false,false,#N/A,false,#N/A,false,#N/A,#N/A,false,#N/A
99ef61f4-0ebe-49e3-800c-0e3296648efc,df29e9b2-8e18-42f6-87ae-96ff28699745,Skimia - Upsell,#N/A,Qualification,100082.0,10.0,2025-08-08,#N/A,#N/A,#N/A,false,false,Pipeline,Pipeline,true,false,0,#N/A,3,2021,false,false,false,false,#N/A,false,#N/A,false,#N/A,#N/A,false,#N/A
7fe56726-3ff6-47b2-aed9-39f7af1226fb,838737cb-ca38-4df7-892f-df722e0f1e7b,Fanoodle - Additional Sale,#N/A,Negotiation/Review,72395.0,90.0,2024-11-14,#N/A,#N/A,#N/A,false,false,Pipeline,Pipeline,true,false,0,#N/A,4,2020,false,false,false,false,#N/A,false,#N/A,false,#N/A,#N/A,false,#N/A
55132fa5-26b4-490c-9a46-9c8186b74146,01d60599-0870-4bce-a802-e1079d380e84,Brightdog - Additional Sale,#N/A,Id. Decision Makers,34995.0,60.0,2025-02-21,#N/A,#N/A,#N/A,false,false,Pipeline,Pipeline,true,false,0,#N/A,1,2021,false,false,false,false,#N/A,false,#N/A,false,#N/A,#N/A,false,#N/A
576a14e1-915c-4251-a269-df915ad9f538,39ca738a-3930-4a69-a083-9baebe0bd47e,Gigaclub - Initial Sale,Will give end of year incentive to sign,Closed Won,72395.0,100.0,2024-03-01,#N/A,calling up the chain,#N/A,true,true,Closed,Closed,true,false,0,#N/A,1,2020,false,false,false,false,#N/A,false,#N/A,false,#N/A,#N/A,false,#N/A
fb10716c-0576-499f-a9d6-d58271d3a43d,c23c5a54-9c08-4c1b-894a-9fde70dac4c3,Wikizz - Upsell,#N/A,Qualification,100082.0,10.0,2025-07-24,#N/A,#N/A,#N/A,false,false,Pipeline,Pipeline,true,false,0,#N/A,3,2021,false,false,false,false,#N/A,false,#N/A,false,#N/A,#N/A,false,#N/A
3bf69344-e1f7-4f6e-be73-5031ee1d4d56,f915d9d1-7758-4036-b0a1-f34676a9f27b,Mycat - Upsell,#N/A,Qualification,75000.0,10.0,2025-08-08,#N/A,#N/A,#N/A,false,false,Pipeline,Pipeline,true,false,0,#N/A,3,2021,false,false,false,false,#N/A,false,#N/A,false,#N/A,#N/A,false,#N/A
7f496668-ac64-4b1f-8ac9-bba9f6ad5198,ec932bc1-25e3-4572-845a-5c2262116a17,Dynava - Initial Sale,#N/A,Qualification,75995.0,10.0,2025-06-10,#N/A,#N/A,#N/A,false,false,Pipeline,Pipeline,true,false,0,#N/A,2,2021,false,false,false,false,#N/A,false,#N/A,false,#N/A,#N/A,false,#N/A
c1de2379-58b7-4a07-a3dd-c70aace91f3b,8ebefa0e-6518-4f34-8143-deed57b50916,Pixoboo - Cross-sell,#N/A,Proposal/Price Quote,18350.0,75.0,2025-06-18,#N/A,#N/A,#N/A,false,false,Pipeline,Pipeline,true,false,0,#N/A,2,2021,false,false,false,false,#N/A,false,#N/A,false,#N/A,#N/A,false,#N/A
d8159321-5795-40a9-bd2e-db5b19674878,957363ed-f7e7-4432-a639-c868929084aa,Twiyo - Cross-sell,#N/A,Proposal/Price Quote,18050.0,75.0,2025-04-18,#N/A,#N/A,#N/A,false,false,Pipeline,Pipeline,true,false,0,#N/A,1,2021,false,false,false,false,#N/A,false,#N/A,false,#N/A,#N/A,false,#N/A
9ae29212-1376-4045-9217-dc7e039a9596,2a22faa3-d4ca-4f26-9f87-5bc6f4d5603a,Browsecat - Cross-sell-sell,#N/A,Proposal/Price Quote,11250.0,75.0,2025-06-18,#N/A,#N/A,#N/A,false,false,Pipeline,Pipeline,true,false,0,#N/A,2,2021,false,false,false,false,#N/A,false,#N/A,false,#N/A,#N/A,false,#N/A
c664be9a-4743-4921-917f-7bc472ba794e,d023f5b9-1c83-466d-b922-630f7ec2dceb,Flipbug - Upsell,#N/A,Qualification,75000.0,10.0,2025-08-08,#N/A,#N/A,#N/A,false,false,Pipeline,Pipeline,true,false,0,#N/A,3,2021,false,false,false,false,#N/A,false,#N/A,false,#N/A,#N/A,false,#N/A
e490e043-34ad-4768-b557-75126ee5e712,14232913-25fb-45b0-9545-dc09cf9efc49,Quinu - Initial Sale,#N/A,Closed Lost,72395.0,0.0,2024-11-19,#N/A,#N/A,#N/A,true,false,Omitted,Omitted,true,false,0,#N/A,4,2020,false,false,false,false,#N/A,false,#N/A,false,#N/A,#N/A,false,#N/A
244678ba-15f9-4547-abf2-e3f8d6e03199,78c2ed00-4bd4-4843-8916-53c1b65e17b8,Trilith - Upsell,#N/A,Qualification,75000.0,10.0,2025-08-08,#N/A,#N/A,#N/A,false,false,Pipeline,Pipeline,true,false,0,#N/A,3,2021,false,false,false,false,#N/A,false,#N/A,false,#N/A,#N/A,false,#N/A
33800a8c-0289-48b5-bac7-f2236a0321ea,3f1019f9-8981-40f5-a60f-3c5c43ec63da,Browsedrive - Upsell,#N/A,Qualification,75000.0,10.0,2025-08-08,#N/A,#N/A,#N/A,false,false,Pipeline,Pipeline,true,false,0,#N/A,3,2021,false,false,false,false,#N/A,false,#N/A,false,#N/A,#N/A,false,#N/A
d7e44905-8296-4b94-a6cc-54b324ab4d3f,186db819-ed86-469b-a20e-2ec477c643d2,Devcast - Initial Sale,#N/A,Closed Lost,72395.0,0.0,2024-11-19,#N/A,#N/A,#N/A,true,false,Omitted,Omitted,true,false,0,#N/A,4,2020,false,false,false,false,#N/A,false,#N/A,false,#N/A,#N/A,false,#N/A
01044948-3c67-4694-bef2-d91fa44906c1,a83fe1c6-0c86-4ba1-8db3-9603508e114a,Aivee - Additional Sale,#N/A,Closed Won,72395.0,100.0,2023-07-07,#N/A,#N/A,#N/A,true,true,Closed,Closed,true,false,0,#N/A,2,2019,false,false,false,false,#N/A,false,#N/A,false,#N/A,#N/A,false,#N/A
4a26b6c8-a705-491a-b87a-8599e56d1767,1cc82fc1-0d11-445e-8234-fe4a98a2e3fb,Divavu - Secondary Sale,#N/A,Closed Won,32395.00000002,100.0,2025-06-02,#N/A,#N/A,#N/A,true,true,Closed,Closed,true,false,0,#N/A,2,2021,false,false,false,false,#N/A,false,#N/A,false,#N/A,#N/A,false,#N/A
c4790bdc-0751-4aa5-ade8-e4020d2ecc6e,e6b8eecb-c6a5-4a49-9a0b-608318fb1c89,Zoovu - Cross-sell,#N/A,Proposal/Price Quote,11250.0,75.0,2025-06-18,#N/A,#N/A,#N/A,false,false,Pipeline,Pipeline,true,false,0,#N/A,2,2021,false,false,false,false,#N/A,false,#N/A,false,#N/A,#N/A,false,#N/A
74fcbbc7-2822-4b13-a55c-72d82f76441d,b08ff41e-a88c-4474-b658-d4bfa83df38d,Mybuzz - Additional Sale,#N/A,Closed Won,29995.0,100.0,2025-01-20,#N/A,#N/A,#N/A,true,true,Closed,Closed,true,false,0,#N/A,4,2020,false,false,false,false,#N/A,false,#N/A,false,#N/A,#N/A,false,#N/A
24095571-d6bc-4884-b55e-fa536ca0719d,61838829-a9b7-4f28-86cc-0de1448b0912,Dabfeed - Upsell,#N/A,Qualification,75000.0,10.0,2025-08-08,#N/A,#N/A,#N/A,false,false,Pipeline,Pipeline,true,false,0,#N/A,3,2021,false,false,false,false,#N/A,false,#N/A,false,#N/A,#N/A,false,#N/A
323ddc60-95b7-46d8-8d1b-bbb37eb74483,29ca5f3e-f69b-43c5-96db-f0fcb2934ade,Centimia - Cross-sell,#N/A,Proposal/Price Quote,18350.0,75.0,2025-06-18,#N/A,#N/A,#N/A,false,false,Pipeline,Pipeline,true,false,0,#N/A,2,2021,false,false,false,false,#N/A,false,#N/A,false,#N/A,#N/A,false,#N/A
efa6b81e-dc2f-4a2d-a8af-688ac3d629a8,1243404d-ee73-4286-94cd-8d6a57821109,Podcat - Initial Sale,#N/A,Closed Lost,72395.0,0.0,2024-09-20,#N/A,#N/A,#N/A,true,false,Omitted,Omitted,true,false,0,#N/A,3,2020,false,false,false,false,#N/A,false,#N/A,false,#N/A,#N/A,false,#N/A
03f8d693-d438-4e91-a527-298f6319e74c,989094de-5598-4d5a-9c5f-2e1aa671f77c,Jabbersphere - Cross-sell,#N/A,Proposal/Price Quote,18350.0,75.0,2025-06-18,#N/A,#N/A,#N/A,false,false,Pipeline,Pipeline,true,false,0,#N/A,2,2021,false,false,false,false,#N/A,false,#N/A,false,#N/A,#N/A,false,#N/A
75863164-b7e4-4b8b-9f75-f5519100d300,e612b72c-01f9-4c49-a2bc-e0582274b24b,Voonix - Cross-sell,#N/A,Proposal/Price Quote,18350.0,75.0,2025-06-18,#N/A,#N/A,#N/A,false,false,Pipeline,Pipeline,true,false,0,#N/A,2,2021,false,false,false,false,#N/A,false,#N/A,false,#N/A,#N/A,false,#N/A
24ce30f5-2818-4897-8334-0eac620ef9ca,dd3330be-ca21-4cb4-8acb-59e3a29631ed,Agimba - Secondary Sale,#N/A,Closed Won,32395.00000002,100.0,2025-04-04,#N/A,#N/A,#N/A,true,true,Closed,Closed,true,false,0,#N/A,1,2021,false,false,false,false,#N/A,false,#N/A,false,#N/A,#N/A,false,#N/A
3a3a7cc2-c9d2-424b-b999-53f0bc9c977d,008b1ced-108a-461f-ad47-c2951a7a99f8,Realfire - Initial Sale,#N/A,Closed Lost,72395.0,0.0,2024-11-19,#N/A,#N/A,#N/A,true,false,Omitted,Omitted,true,false,0,#N/A,4,2020,false,false,false,false,#N/A,false,#N/A,false,#N/A,#N/A,false,#N/A
27927efd-2835-49a8-852e-f46461891398,4adaaf8f-2211-4fde-a9f3-90aa2beda6b2,Babbleopia - Cross-sell,#N/A,Proposal/Price Quote,11250.0,75.0,2025-06-18,#N/A,#N/A,#N/A,false,false,Pipeline,Pipeline,true,false,0,#N/A,2,2021,false,false,false,false,#N/A,false,#N/A,false,#N/A,#N/A,false,#N/A
4ba65219-a8f6-4ba4-aae4-3275d2131855,4adaaf8f-2211-4fde-a9f3-90aa2beda6b2,Babbleopia - Secondary Sale,#N/A,Closed Won,32395.00000002,100.0,2025-06-02,#N/A,#N/A,#N/A,true,true,Closed,Closed,true,false,0,#N/A,2,2021,false,false,false,false,#N/A,false,#N/A,false,#N/A,#N/A,false,#N/A
6353cd41-a474-4bdf-bd1c-7073c0f5e35a,838737cb-ca38-4df7-892f-df722e0f1e7b,Fanoodle - Secondary Sale,#N/A,Closed Won,32395.00000002,100.0,2025-04-04,#N/A,#N/A,#N/A,true,true,Closed,Closed,true,false,0,#N/A,1,2021,false,false,false,false,#N/A,false,#N/A,false,#N/A,#N/A,false,#N/A
6e66aeff-bd8c-492c-a5ec-a28eb1ebd6e4,8c27cba5-f069-462c-a6a3-898619e956b4,Realbridge - Secondary Sale,#N/A,Closed Won,32395.00000002,100.0,2025-04-04,#N/A,#N/A,#N/A,true,true,Closed,Closed,true,false,0,#N/A,1,2021,false,false,false,false,#N/A,false,#N/A,false,#N/A,#N/A,false,#N/A
8118a2af-9230-4516-ab83-fa88f5fd2e0e,63488cc8-bb96-4b19-a250-1e86771ba2d6,Voolith - Secondary Sale,#N/A,Closed Won,32395.00000002,100.0,2025-02-17,#N/A,#N/A,#N/A,true,true,Closed,Closed,true,false,0,#N/A,1,2021,false,false,false,false,#N/A,false,#N/A,false,#N/A,#N/A,false,#N/A
fae9bd0e-abe7-426a-857f-a667b71e09cc,20284815-0924-4bf1-8ad5-42311d6ade31,Skinte - Initial Sale,#N/A,Closed Lost,72395.0,0.0,2024-11-19,#N/A,#N/A,#N/A,true,false,Omitted,Omitted,true,false,0,#N/A,4,2020,false,false,false,false,#N/A,false,#N/A,false,#N/A,#N/A,false,#N/A
b3b8a810-e998-44d2-8dff-ee90dbec6c18,24c37fae-9e9b-4767-a679-98a2d77ecdba,Skalith - Upsell,#N/A,Qualification,75000.0,10.0,2025-08-08,#N/A,#N/A,#N/A,false,false,Pipeline,Pipeline,true,false,0,#N/A,3,2021,false,false,false,false,#N/A,false,#N/A,false,#N/A,#N/A,false,#N/A
8db569c2-aada-44b4-95bd-54d1ba218d79,1a26b41c-d212-44be-956a-5064237bc0a1,Buzzbean - Additional Sale,#N/A,Closed Won,29995.0,100.0,2025-01-20,#N/A,#N/A,#N/A,true,true,Closed,Closed,true,false,0,#N/A,4,2020,false,false,false,false,#N/A,false,#N/A,false,#N/A,#N/A,false,#N/A
02095b44-a8f2-49b2-8041-5ff281ec50ae,60135a75-1be6-4d4c-a56d-f11b48cf1a8d,Kwideo - Secondary Sale,#N/A,Closed Won,32395.00000002,100.0,2025-04-04,#N/A,#N/A,#N/A,true,true,Closed,Closed,true,false,0,#N/A,1,2021,false,false,false,false,#N/A,false,#N/A,false,#N/A,#N/A,false,#N/A
3dd57c06-3aa3-4bde-8c7c-17941dd15dbe,3ece893c-ab24-42eb-a466-e7fc2e4faee5,Yodel - Additional Sale,#N/A,Qualification,34995.0,10.0,2025-04-13,#N/A,#N/A,#N/A,false,false,Pipeline,Pipeline,true,false,0,#N/A,1,2021,false,false,false,false,#N/A,false,#N/A,false,#N/A,#N/A,false,#N/A
73436c5a-3851-4ed8-b4ca-a56dbaff61d1,b411ef6e-3022-43ee-b553-40d3ff2e8b85,Dazzlesphere - Upsell,#N/A,Qualification,100082.0,10.0,2025-08-08,#N/A,#N/A,#N/A,false,false,Pipeline,Pipeline,true,false,0,#N/A,3,2021,false,false,false,false,#N/A,false,#N/A,false,#N/A,#N/A,false,#N/A
af5e0afc-5db2-492d-9240-d658209857a0,e2705254-9a30-42a3-ac3d-f0403ba3e71d,Browseblabc-Morales Corp. - Additional Sale,#N/A,Closed Won,29995.0,100.0,2024-10-05,#N/A,#N/A,#N/A,true,true,Closed,Closed,true,false,0,#N/A,3,2020,false,false,false,false,#N/A,false,#N/A,false,#N/A,#N/A,false,#N/A
ccde1fd9-cdae-479d-8820-045a5f201c58,c7717326-09af-4348-b090-e4be2dac6029,Chatterpoint - Cross-sell,#N/A,Proposal/Price Quote,11250.0,75.0,2025-06-18,#N/A,#N/A,#N/A,false,false,Pipeline,Pipeline,true,false,0,#N/A,2,2021,false,false,false,false,#N/A,false,#N/A,false,#N/A,#N/A,false,#N/A
bdd466f0-e220-42ff-a2e7-0b32fc894b2c,51b706db-46cb-4f9e-88c2-0ff80ad8062f,Kimia - Secondary Sale,#N/A,Closed Won,32395.00000002,100.0,2025-05-20,#N/A,#N/A,#N/A,true,true,Closed,Closed,true,false,0,#N/A,2,2021,false,false,false,false,#N/A,false,#N/A,false,#N/A,#N/A,false,#N/A
6a32b3a6-1113-42b4-808c-32141519a19f,ea2daf27-d46a-40d5-87c8-cb727a4d6b63,Topdrive - Upsell,#N/A,Qualification,100082.0,10.0,2025-08-08,#N/A,#N/A,#N/A,false,false,Pipeline,Pipeline,true,false,0,#N/A,3,2021,false,false,false,false,#N/A,false,#N/A,false,#N/A,#N/A,false,#N/A
0cf0f0d8-5ae8-4506-a29f-f2c07bc121a9,2a22faa3-d4ca-4f26-9f87-5bc6f4d5603a,Browsecat - Upsell,#N/A,Qualification,75000.0,10.0,2025-08-08,#N/A,#N/A,#N/A,false,false,Pipeline,Pipeline,true,false,0,#N/A,3,2021,false,false,false,false,#N/A,false,#N/A,false,#N/A,#N/A,false,#N/A
0b2b09c9-9645-48dc-8bc2-33b3ac2dabed,26cf9f56-af40-4006-a72a-74def8d502ed,Vitz - Secondary Sale,#N/A,Closed Won,32395.00000002,100.0,2025-06-02,#N/A,#N/A,#N/A,true,true,Closed,Closed,true,false,0,#N/A,2,2021,false,false,false,false,#N/A,false,#N/A,false,#N/A,#N/A,false,#N/A
db75e147-8d1a-4107-b01e-faa0f9b49dc9,7fdede46-988b-4634-8b37-9392bb140aef,Omba - Initial Sale,#N/A,Closed Lost,72395.0,0.0,2024-11-19,#N/A,#N/A,#N/A,true,false,Omitted,Omitted,true,false,0,#N/A,4,2020,false,false,false,false,#N/A,false,#N/A,false,#N/A,#N/A,false,#N/A
86af10f2-058c-4b11-9ed3-7f51a6655e0b,c9da821e-eb47-4e5f-ab4b-2d75ca27137b,Shufflester - Upsell,#N/A,Qualification,100082.0,10.0,2025-08-08,#N/A,#N/A,#N/A,false,false,Pipeline,Pipeline,true,false,0,#N/A,3,2021,false,false,false,false,#N/A,false,#N/A,false,#N/A,#N/A,false,#N/A
897aa1f9-0c63-4e70-bc86-bc0933413fb0,e4255128-7dee-41d8-aebc-0e00f9664742,Zoomcast - Additional Sale,#N/A,Closed Won,29995.0,100.0,2024-08-18,#N/A,#N/A,#N/A,true,true,Closed,Closed,true,false,0,#N/A,3,2020,false,false,false,false,#N/A,false,#N/A,false,#N/A,#N/A,false,#N/A
67dc0af7-443f-4776-b92a-2af10ab6c6f4,9b63c39c-860e-49d1-b10c-555d25dca149,Eazzy - Upsell,#N/A,Qualification,100082.0,10.0,2025-08-08,#N/A,#N/A,#N/A,false,false,Pipeline,Pipeline,true,false,0,#N/A,3,2021,false,false,false,false,#N/A,false,#N/A,false,#N/A,#N/A,false,#N/A
fe9cbd56-e232-4089-a101-1ff90a6c5d1b,082acf9c-8891-420c-a3fd-66f6c6097e3c,Quire - Initial Sale,#N/A,Prospecting,74395.0,10.0,2025-06-10,#N/A,#N/A,#N/A,false,false,Pipeline,Pipeline,true,false,0,#N/A,2,2021,false,false,false,false,#N/A,false,#N/A,false,#N/A,#N/A,false,#N/A
42cd2517-812c-416a-8113-0f059bc4a257,484d572f-f176-4951-8005-44fc815f8edf,Skyba - Initial Sale,#N/A,Closed Lost,72395.0,0.0,2024-11-19,#N/A,#N/A,#N/A,true,false,Omitted,Omitted,true,false,0,#N/A,4,2020,false,false,false,false,#N/A,false,#N/A,false,#N/A,#N/A,false,#N/A
9ab7a66e-a52d-4cbb-9aea-545ef7cceb71,186db819-ed86-469b-a20e-2ec477c643d2,Devcast - Cross-sell,#N/A,Proposal/Price Quote,11250.0,75.0,2025-06-18,#N/A,#N/A,#N/A,false,false,Pipeline,Pipeline,true,false,0,#N/A,2,2021,false,false,false,false,#N/A,false,#N/A,false,#N/A,#N/A,false,#N/A
9624ff2a-ad10-4bf9-83ef-17e173e899e2,b18f2036-f373-4189-a9f3-2227c8ef8b7c,Fizzly Products,#N/A,Prospecting,3425.6,10.0,2026-04-02,#N/A,#N/A,#N/A,false,false,Pipeline,Pipeline,true,false,0,#N/A,2,2026,false,false,false,false,#N/A,false,#N/A,false,#N/A,#N/A,false,#N/A
9ee8d9c6-7f33-49ca-8809-36c6f08d44f4,f915d9d1-7758-4036-b0a1-f34676a9f27b,Mycat - Cross-sell,#N/A,Proposal/Price Quote,11550.0,75.0,2025-06-18,#N/A,#N/A,#N/A,false,false,Pipeline,Pipeline,true,false,0,#N/A,2,2021,false,false,false,false,#N/A,false,#N/A,false,#N/A,#N/A,false,#N/A
63e8f8c1-48e2-4044-ba65-a67cc2971405,78c2ed00-4bd4-4843-8916-53c1b65e17b8,Trilith - Cross-sell,#N/A,Proposal/Price Quote,11550.0,75.0,2025-06-18,#N/A,#N/A,#N/A,false,false,Pipeline,Pipeline,true,false,0,#N/A,2,2021,false,false,false,false,#N/A,false,#N/A,false,#N/A,#N/A,false,#N/A
c89a77fc-9cf9-4b0b-be21-3ce012ba00af,fe83115d-1b24-4ca4-951f-9dbf397747e6,Plambee - Cross-sell,#N/A,Proposal/Price Quote,11250.0,75.0,2025-06-18,#N/A,#N/A,#N/A,false,false,Pipeline,Pipeline,true,false,0,#N/A,2,2021,false,false,false,false,#N/A,false,#N/A,false,#N/A,#N/A,false,#N/A
b653dd1b-99af-4c8b-a6b8-d9bce6f2a9fa,3eb93a27-766c-4684-a107-d9a48d366b9e,Babblestorm - Initial Sale,#N/A,Closed Lost,72395.0,0.0,2024-11-19,#N/A,#N/A,#N/A,true,false,Omitted,Omitted,true,false,0,#N/A,4,2020,false,false,false,false,#N/A,false,#N/A,false,#N/A,#N/A,false,#N/A
7b2d95ec-9cbe-444d-9912-c51a7d032dc9,01d60599-0870-4bce-a802-e1079d380e84,Brightdog - Secondary Sale,#N/A,Closed Won,32395.00000002,100.0,2025-06-02,#N/A,#N/A,#N/A,true,true,Closed,Closed,true,false,0,#N/A,2,2021,false,false,false,false,#N/A,false,#N/A,false,#N/A,#N/A,false,#N/A
3bf453e8-36c1-447b-87c3-c18b7f899f3e,b491c743-48bf-492e-b0a6-6e7d3d442969,Browsetype - Upsell,#N/A,Qualification,100082.0,10.0,2025-08-08,#N/A,#N/A,#N/A,false,false,Pipeline,Pipeline,true,false,0,#N/A,3,2021,false,false,false,false,#N/A,false,#N/A,false,#N/A,#N/A,false,#N/A
28d4219b-859c-4272-a9d5-4c7ee09044b9,83dc89fc-8868-49a6-8638-db4d191b4c50,Talane - Secondary Sale,#N/A,Closed Won,32395.00000002,100.0,2025-04-04,#N/A,#N/A,#N/A,true,true,Closed,Closed,true,false,0,#N/A,1,2021,false,false,false,false,#N/A,false,#N/A,false,#N/A,#N/A,false,#N/A
e0672800-bc59-42a8-86bc-c15a157c9290,ad8f7837-d32f-413c-b3c4-b90bb36895cc,Wordtune - Initial Sale,#N/A,Closed Lost,72395.0,0.0,2024-11-19,#N/A,#N/A,#N/A,true,false,Omitted,Omitted,true,false,0,#N/A,4,2020,false,false,false,false,#N/A,false,#N/A,false,#N/A,#N/A,false,#N/A
86ac71b1-4626-45f2-85f1-3fcdff0cf769,bad389f6-e263-4c09-bfb4-0d16f88c1b41,Thoughtworks - Secondary Sale,#N/A,Closed Won,32395.00000002,100.0,2025-06-02,#N/A,#N/A,#N/A,true,true,Closed,Closed,true,false,0,#N/A,2,2021,false,false,false,false,#N/A,false,#N/A,false,#N/A,#N/A,false,#N/A
d6b58c29-2fb4-4258-90c3-bd2212b4bffb,4a0f32f7-4233-45a1-94bd-75faf566aa17,Ooba - Secondary Sale,#N/A,Closed Won,32395.00000002,100.0,2025-04-17,#N/A,#N/A,#N/A,true,true,Closed,Closed,true,false,0,#N/A,1,2021,false,false,false,false,#N/A,false,#N/A,false,#N/A,#N/A,false,#N/A
424e150d-2643-49b2-973f-f06e0d76fb63,bad389f6-e263-4c09-bfb4-0d16f88c1b41,Thoughtworks - Upsell,#N/A,Qualification,75000.0,10.0,2025-08-08,#N/A,#N/A,#N/A,false,false,Pipeline,Pipeline,true,false,0,#N/A,3,2021,false,false,false,false,#N/A,false,#N/A,false,#N/A,#N/A,false,#N/A
f64c1216-f913-4c9b-9a30-c84fd93a2b73,37d17b99-4830-49dd-b4a3-bf975a4ccd67,Kayveo - Upsell,#N/A,Qualification,75000.0,10.0,2025-06-08,#N/A,#N/A,#N/A,false,false,Pipeline,Pipeline,true,false,0,#N/A,2,2021,false,false,false,false,#N/A,false,#N/A,false,#N/A,#N/A,false,#N/A
9001f1e8-eb8c-4c06-af5a-3fea27094ad2,bcfff8a0-c370-4978-a439-087e1082693b,Lazzy - Initial Sale,#N/A,Prospecting,73995.0,10.0,2025-06-10,#N/A,#N/A,#N/A,false,false,Pipeline,Pipeline,true,false,0,#N/A,2,2021,false,false,false,false,#N/A,false,#N/A,false,#N/A,#N/A,false,#N/A
56199d62-e5e3-4b07-89e1-ef76728971de,01344150-6523-4ab5-a6bd-5f4f4994885f,Kamba - Secondary Sale,#N/A,Closed Won,32395.00000002,100.0,2025-04-04,#N/A,#N/A,#N/A,true,true,Closed,Closed,true,false,0,#N/A,1,2021,false,false,false,false,#N/A,false,#N/A,false,#N/A,#N/A,false,#N/A
d8a9cef8-fcfa-4a20-a42c-ab06c17dd374,0b42366e-682c-4195-bfa4-2d3fcaef7c5c,Tazzy - Cross-sell,#N/A,Proposal/Price Quote,18050.0,75.0,2025-06-18,#N/A,#N/A,#N/A,false,false,Pipeline,Pipeline,true,false,0,#N/A,2,2021,false,false,false,false,#N/A,false,#N/A,false,#N/A,#N/A,false,#N/A
99f8a8c2-2f41-4fa5-bb98-bc09cc84ba23,37d17b99-4830-49dd-b4a3-bf975a4ccd67,Kayveo - Secondary Sale,#N/A,Closed Won,32395.00000002,100.0,2025-04-04,#N/A,#N/A,#N/A,true,true,Closed,Closed,true,false,0,#N/A,1,2021,false,false,false,false,#N/A,false,#N/A,false,#N/A,#N/A,false,#N/A
1811618c-cddb-42e8-8dd0-cbcc980a8f8b,9012b860-a22c-4bc3-8153-993c20d04218,Topiclounge - Initial Sale,#N/A,Closed Lost,72395.0,0.0,2024-11-19,#N/A,#N/A,#N/A,true,false,Omitted,Omitted,true,false,0,#N/A,4,2020,false,false,false,false,#N/A,false,#N/A,false,#N/A,#N/A,false,#N/A
7a6baa5a-aea4-471c-a8a7-780356d807cb,1c9016e4-816b-4e62-a1b0-c1f5c8fa1188,Voomm - Cross-sell,#N/A,Proposal/Price Quote,18050.0,75.0,2025-06-18,#N/A,#N/A,#N/A,false,false,Pipeline,Pipeline,true,false,0,#N/A,2,2021,false,false,false,false,#N/A,false,#N/A,false,#N/A,#N/A,false,#N/A
9b78ee4f-bd04-42bc-aa8f-b0930acb06f7,b31cc650-8ca5-4641-86fc-37d3bfcaac76,Jetpulse - Secondary Sale,#N/A,Closed Won,32395.00000002,100.0,2025-06-02,#N/A,#N/A,#N/A,true,true,Closed,Closed,true,false,0,#N/A,2,2021,false,false,false,false,#N/A,false,#N/A,false,#N/A,#N/A,false,#N/A
b9869377-94f0-414f-879e-fd92d34e9bad,4adaaf8f-2211-4fde-a9f3-90aa2beda6b2,Babbleopia - Initial Sale,#N/A,Closed Lost,72395.0,0.0,2024-11-19,#N/A,#N/A,#N/A,true,false,Omitted,Omitted,true,false,0,#N/A,4,2020,false,false,false,false,#N/A,false,#N/A,false,#N/A,#N/A,false,#N/A
fa47e6df-1c8b-4fb3-928e-a8e7ba63d340,d25f9e87-c125-482b-93bb-ce34d731180f,Tazz - Additional Sale,#N/A,Proposal/Price Quote,31495.0,75.0,2025-03-22,#N/A,#N/A,#N/A,false,false,Pipeline,Pipeline,true,false,0,#N/A,1,2021,false,false,false,false,#N/A,false,#N/A,false,#N/A,#N/A,false,#N/A
c66533c5-3906-4a3b-b03c-261448a6623a,bae55ba3-ea80-48c6-b152-4ea7f82bfd53,Realcube - Initial Sale,#N/A,Prospecting,72395.0,10.0,2025-06-10,#N/A,#N/A,#N/A,false,false,Pipeline,Pipeline,true,false,0,#N/A,2,2021,false,false,false,false,#N/A,false,#N/A,false,#N/A,#N/A,false,#N/A
6b130759-aaef-429e-9771-77c3478b878f,fe83115d-1b24-4ca4-951f-9dbf397747e6,Plambee - Additional Sale,#N/A,Closed Won,72395.0,100.0,2025-02-08,#N/A,#N/A,#N/A,true,true,Closed,Closed,true,false,0,#N/A,1,2021,false,false,false,false,#N/A,false,#N/A,false,#N/A,#N/A,false,#N/A
17ef3743-eee6-4323-9ccc-3befd4402f53,710fe2fe-521a-4718-bd07-70d4ff925556,Zoombox - Initial Sale,#N/A,Needs Analysis,72395.0,20.0,2025-06-10,#N/A,#N/A,#N/A,false,false,Pipeline,Pipeline,true,false,0,#N/A,2,2021,false,false,false,false,#N/A,false,#N/A,false,#N/A,#N/A,false,#N/A
0ddee2da-5737-40a7-9f61-f180a36b664d,ec1db4a3-33fa-446f-a7aa-4dfca9d8017d,Skaboo - Upsell,#N/A,Qualification,75000.0,10.0,2025-08-08,#N/A,#N/A,#N/A,false,false,Pipeline,Pipeline,true,false,0,#N/A,3,2021,false,false,false,false,#N/A,false,#N/A,false,#N/A,#N/A,false,#N/A
db904300-df67-4322-a831-1bc1f11b1839,820ddc74-222e-4f6c-86b0-c2bb1fe06fcc,Zoomlounge - Upsell,#N/A,Qualification,75000.0,10.0,2025-08-08,#N/A,#N/A,#N/A,false,false,Pipeline,Pipeline,true,false,0,#N/A,3,2021,false,false,false,false,#N/A,false,#N/A,false,#N/A,#N/A,false,#N/A
6418adc3-2030-4c4a-b8b6-00b91068667b,32e8f6f3-5748-4baf-8bda-c17fff24bb87,Fatz - New Business,#N/A,Qualification,100082.0,10.0,2025-08-08,#N/A,#N/A,#N/A,false,false,Pipeline,Pipeline,true,false,0,#N/A,3,2021,false,false,false,false,#N/A,false,#N/A,false,#N/A,#N/A,false,#N/A
bac8c212-66ba-41a9-aee4-036130af9eee,58fcb992-01d9-44fc-af97-1bdec9cada6b,Bluejam - Secondary Sale,#N/A,Closed Won,32395.00000002,100.0,2025-06-02,#N/A,#N/A,#N/A,true,true,Closed,Closed,true,false,0,#N/A,2,2021,false,false,false,false,#N/A,false,#N/A,false,#N/A,#N/A,false,#N/A
1592d874-e4b5-422b-8280-52088ca71839,1f0ebca3-5492-47f2-a61e-8a8f0bf1ee82,Meembee - Cross-sell,#N/A,Proposal/Price Quote,11250.0,75.0,2025-06-18,#N/A,#N/A,#N/A,false,false,Pipeline,Pipeline,true,false,0,#N/A,2,2021,false,false,false,false,#N/A,false,#N/A,false,#N/A,#N/A,false,#N/A
2f172f49-66ec-48bd-9ab7-af3e0f12435f,aea1a190-3b67-4e0a-bcf5-dce0be26dc43,Wikibox - Cross-sell,#N/A,Proposal/Price Quote,11250.0,75.0,2025-06-18,#N/A,#N/A,#N/A,false,false,Pipeline,Pipeline,true,false,0,#N/A,2,2021,false,false,false,false,#N/A,false,#N/A,false,#N/A,#N/A,false,#N/A
86e3a5fb-5f9c-4e62-9eb2-71d47f7f4aec,c9da821e-eb47-4e5f-ab4b-2d75ca27137b,Shufflester - SOW 1,#N/A,Negotiation/Review,43495.0,90.0,2025-05-05,#N/A,#N/A,#N/A,false,false,Pipeline,Pipeline,true,false,0,#N/A,2,2021,false,false,false,false,#N/A,false,#N/A,false,#N/A,#N/A,false,#N/A
8713215c-208e-4e42-8588-1c7a592d1832,37afb168-f0e8-423a-a651-bf9649ca6220,Tagtune - Additional Sale,#N/A,Proposal/Price Quote,34995.0,75.0,2025-03-22,#N/A,#N/A,#N/A,false,false,Pipeline,Pipeline,true,false,0,#N/A,1,2021,false,false,false,false,#N/A,false,#N/A,false,#N/A,#N/A,false,#N/A
fed034cb-8823-408c-ac20-570755c069bc,217f512a-ace2-4a1b-9a0c-005f95f1aa95,Layo - Cross-sell,#N/A,Proposal/Price Quote,18050.0,75.0,2025-06-18,#N/A,#N/A,#N/A,false,false,Pipeline,Pipeline,true,false,0,#N/A,2,2021,false,false,false,false,#N/A,false,#N/A,false,#N/A,#N/A,false,#N/A
c2e37b83-51a9-4bff-9fcb-454c9f34fc87,ad4efe8f-969d-45a6-8367-92d37737206b,Voolia - Upsell,#N/A,Qualification,75000.0,10.0,2025-08-08,#N/A,#N/A,#N/A,false,false,Pipeline,Pipeline,true,false,0,#N/A,3,2021,false,false,false,false,#N/A,false,#N/A,false,#N/A,#N/A,false,#N/A
5b8cfac7-e782-40a8-8724-43794652cf1c,4b80d5c3-49f6-48da-83f2-8ba3d7b52d80,Yamia - SOW 3,#N/A,Value Proposition,43495.0,50.0,2025-06-04,#N/A,#N/A,#N/A,false,false,Pipeline,Pipeline,true,false,0,#N/A,2,2021,false,false,false,false,#N/A,false,#N/A,false,#N/A,#N/A,false,#N/A
2f94d101-8544-4f8a-8a53-6ae39ed39209,24ae2c90-1f81-4419-94a5-ea1dc5431a2b,Eamia - Cross-sell,#N/A,Proposal/Price Quote,11550.0,75.0,2025-06-18,#N/A,#N/A,#N/A,false,false,Pipeline,Pipeline,true,false,0,#N/A,2,2021,false,false,false,false,#N/A,false,#N/A,false,#N/A,#N/A,false,#N/A
3e2a06a4-bc72-4c22-b095-48530c545555,a83fe1c6-0c86-4ba1-8db3-9603508e114a,Aivee - Initial Sale,#N/A,Prospecting,74395.0,10.0,2025-06-10,#N/A,#N/A,#N/A,false,false,Pipeline,Pipeline,true,false,0,#N/A,2,2021,false,false,false,false,#N/A,false,#N/A,false,#N/A,#N/A,false,#N/A
ba2e28b0-5a13-4c92-95b5-ea3f99f5bca5,c9da821e-eb47-4e5f-ab4b-2d75ca27137b,Shufflester - SOW 2,#N/A,Proposal/Price Quote,43495.0,75.0,2025-08-04,#N/A,#N/A,#N/A,false,false,Pipeline,Pipeline,true,false,0,#N/A,3,2021,false,false,false,false,#N/A,false,#N/A,false,#N/A,#N/A,false,#N/A
6ce68dd9-a8d9-4e84-a7ae-7f81f5d6d9b8,d9104446-70d4-463d-ae1e-3485b7a6fa74,Rhynyx - Upsell,#N/A,Qualification,100082.0,10.0,2025-08-08,#N/A,#N/A,#N/A,false,false,Pipeline,Pipeline,true,false,0,#N/A,3,2021,false,false,false,false,#N/A,false,#N/A,false,#N/A,#N/A,false,#N/A
82921073-f03c-443b-9380-ed2907e62220,42d553ae-1574-4824-853c-1962fa336861,Kazu - Initial Sale,#N/A,Closed Lost,72395.0,0.0,2024-11-19,#N/A,#N/A,#N/A,true,false,Omitted,Omitted,true,false,0,#N/A,4,2020,false,false,false,false,#N/A,false,#N/A,false,#N/A,#N/A,false,#N/A
816f8b9e-1e98-4403-becb-ac14fa47fe78,e555c464-726d-429a-b793-02b41a502538,Livefish - Cross-sell,#N/A,Proposal/Price Quote,11550.0,75.0,2025-06-18,#N/A,#N/A,#N/A,false,false,Pipeline,Pipeline,true,false,0,#N/A,2,2021,false,false,false,false,#N/A,false,#N/A,false,#N/A,#N/A,false,#N/A
17f7b2ad-9f66-49be-ac14-a85a734df7ee,b08ff41e-a88c-4474-b658-d4bfa83df38d,Mybuzz - Upsell,#N/A,Qualification,100082.0,10.0,2025-08-08,#N/A,#N/A,#N/A,false,false,Pipeline,Pipeline,true,false,0,#N/A,3,2021,false,false,false,false,#N/A,false,#N/A,false,#N/A,#N/A,false,#N/A
017267b7-a21d-4984-b8d4-fd346fc62f69,aeb8d549-4aaf-45c9-bd83-ba0ccb3cce35,Topicstorm - Initial Sale,#N/A,Closed Lost,72395.0,0.0,2024-11-19,#N/A,#N/A,#N/A,true,false,Omitted,Omitted,true,false,0,#N/A,4,2020,false,false,false,false,#N/A,false,#N/A,false,#N/A,#N/A,false,#N/A
e9edc2c0-383a-400d-bcaa-3d755241339c,d25f9e87-c125-482b-93bb-ce34d731180f,Tazz - SOW 2,#N/A,Needs Analysis,72395.0,20.0,2025-06-04,#N/A,#N/A,#N/A,false,false,Pipeline,Pipeline,true,false,0,#N/A,2,2021,false,false,false,false,#N/A,false,#N/A,false,#N/A,#N/A,false,#N/A
c9185a1c-bfa1-4117-b92b-085acd3b1134,03c053f9-45b4-400d-8be8-da8367de09a8,Jazzy - Upsell,#N/A,Qualification,75000.0,10.0,2025-08-08,#N/A,#N/A,#N/A,false,false,Pipeline,Pipeline,true,false,0,#N/A,3,2021,false,false,false,false,#N/A,false,#N/A,false,#N/A,#N/A,false,#N/A
f62aa616-dffa-4ecd-b7d3-c18ab9382237,3eb93a27-766c-4684-a107-d9a48d366b9e,Babblestorm - Cross-sell,#N/A,Proposal/Price Quote,11250.0,75.0,2025-06-18,#N/A,#N/A,#N/A,false,false,Pipeline,Pipeline,true,false,0,#N/A,2,2021,false,false,false,false,#N/A,false,#N/A,false,#N/A,#N/A,false,#N/A
d961589d-b2ba-4874-b8f7-d8a3b856d26a,a68e7eb7-7624-4b12-851c-d0163e8e9347,Mydo - Cross-sell,#N/A,Proposal/Price Quote,18350.0,75.0,2025-06-18,#N/A,#N/A,#N/A,false,false,Pipeline,Pipeline,true,false,0,#N/A,2,2021,false,false,false,false,#N/A,false,#N/A,false,#N/A,#N/A,false,#N/A
907bc541-1751-47f3-9f9f-3f65966c183c,fe83115d-1b24-4ca4-951f-9dbf397747e6,Plambee - Initial Sale,#N/A,Closed Lost,72395.0,0.0,2024-11-19,#N/A,#N/A,#N/A,true,false,Omitted,Omitted,true,false,0,#N/A,4,2020,false,false,false,false,#N/A,false,#N/A,false,#N/A,#N/A,false,#N/A
16291b92-4ef8-4f0b-94c7-f5a8cc431d5a,deb2643f-e4b0-4a03-bbfd-99725a62a149,Blognation - Initial Sale,#N/A,Closed Lost,72395.0,0.0,2024-11-19,#N/A,#N/A,#N/A,true,false,Omitted,Omitted,true,false,0,#N/A,4,2020,false,false,false,false,#N/A,false,#N/A,false,#N/A,#N/A,false,#N/A
96f7deb4-ecd0-44fc-8b6f-ae877ac52509,008b1ced-108a-461f-ad47-c2951a7a99f8,Realfire - New Sale,#N/A,Qualification,#N/A,10.0,2025-07-03,#N/A,#N/A,#N/A,false,false,Pipeline,Pipeline,false,false,0,#N/A,2,2021,false,false,false,false,#N/A,false,#N/A,false,#N/A,#N/A,false,#N/A
c1ba01b1-e52d-48aa-97a2-afeabecceebc,26cf9f56-af40-4006-a72a-74def8d502ed,Vitz - Initial Sale,#N/A,Prospecting,72395.0,10.0,2025-06-10,#N/A,#N/A,#N/A,false,false,Pipeline,Pipeline,true,false,0,#N/A,2,2021,false,false,false,false,#N/A,false,#N/A,false,#N/A,#N/A,false,#N/A
b55e77a0-8556-40c2-bf21-0c42a74fbcd3,838737cb-ca38-4df7-892f-df722e0f1e7b,Fanoodle - Additional Sale,#N/A,Proposal/Price Quote,50985.0,75.0,2025-08-04,#N/A,#N/A,#N/A,false,false,Pipeline,Pipeline,true,false,0,#N/A,3,2021,false,false,false,false,#N/A,false,#N/A,false,#N/A,#N/A,false,#N/A
4f571b15-d21f-4e02-9dd8-1059657a4c10,076542db-b683-4cfb-970f-9db92e5b1727,Thoughtstorm - Initial Sale,#N/A,Closed Lost,72395.0,0.0,2024-11-19,#N/A,#N/A,#N/A,true,false,Omitted,Omitted,true,false,0,#N/A,4,2020,false,false,false,false,#N/A,false,#N/A,false,#N/A,#N/A,false,#N/A
6141757c-26ac-4d6e-bc72-83eb0e4a268c,0231da6a-f192-45c1-90b5-d11ea138fd7b,Topicblabh-Sto Associates - Additional Sale,#N/A,Closed Won,29995.0,100.0,2024-07-04,#N/A,#N/A,#N/A,true,true,Closed,Closed,true,false,0,#N/A,2,2020,false,false,false,false,#N/A,false,#N/A,false,#N/A,#N/A,false,#N/A
ab552ebc-4c62-4254-a29b-1276e50f39ae,838737cb-ca38-4df7-892f-df722e0f1e7b,Fanoodle - Initial Sale,#N/A,Closed Lost,72395.0,0.0,2024-11-19,#N/A,#N/A,#N/A,true,false,Omitted,Omitted,true,false,0,#N/A,4,2020,false,false,false,false,#N/A,false,#N/A,false,#N/A,#N/A,false,#N/A
c0d57441-cf66-4b56-9869-306e952b9d5f,bcfff8a0-c370-4978-a439-087e1082693b,Lazzy - Secondary Sale,#N/A,Closed Won,32395.00000002,100.0,2025-06-02,#N/A,#N/A,#N/A,true,true,Closed,Closed,true,false,0,#N/A,2,2021,false,false,false,false,#N/A,false,#N/A,false,#N/A,#N/A,false,#N/A
fcfaf0a2-7775-487e-9eb3-f041752947e1,217f512a-ace2-4a1b-9a0c-005f95f1aa95,Layo - Initial Sale,#N/A,Closed Lost,72395.0,0.0,2024-11-19,#N/A,#N/A,#N/A,true,false,Omitted,Omitted,true,false,0,#N/A,4,2020,false,false,false,false,#N/A,false,#N/A,false,#N/A,#N/A,false,#N/A
87caa73b-7997-462c-9c81-0198c7fbe1f8,03c053f9-45b4-400d-8be8-da8367de09a8,Jazzy - Secondary Sale,#N/A,Closed Won,32395.00000002,100.0,2025-06-02,#N/A,#N/A,#N/A,true,true,Closed,Closed,true,false,0,#N/A,2,2021,false,false,false,false,#N/A,false,#N/A,false,#N/A,#N/A,false,#N/A
9abaddb7-8de6-473d-9381-d82a43acd69a,d25f9e87-c125-482b-93bb-ce34d731180f,Tazz - Secondary Sale,#N/A,Closed Won,32395.00000002,100.0,2025-06-02,#N/A,#N/A,#N/A,true,true,Closed,Closed,true,false,0,#N/A,2,2021,false,false,false,false,#N/A,false,#N/A,false,#N/A,#N/A,false,#N/A
149c2aa2-30c2-4880-a06b-475b5975e5c1,f915d9d1-7758-4036-b0a1-f34676a9f27b,Mycat - Secondary Sale,#N/A,Closed Won,32395.00000002,100.0,2025-06-02,#N/A,#N/A,#N/A,true,true,Closed,Closed,true,false,0,#N/A,2,2021,false,false,false,false,#N/A,false,#N/A,false,#N/A,#N/A,false,#N/A
eaf95be5-ceb1-41b3-a35a-b25203face73,c0d8f6b6-44a7-40f9-a219-ddba28b10ecc,Oloo - Initial Sale,#N/A,Closed Lost,72395.0,0.0,2024-11-19,#N/A,#N/A,#N/A,true,false,Omitted,Omitted,true,false,0,#N/A,4,2020,false,false,false,false,#N/A,false,#N/A,false,#N/A,#N/A,false,#N/A
d1f525f7-d64c-438e-87db-ed31be1f7a02,194a8c6e-181d-40bb-84ff-36775a792b3d,Feedbug - Secondary Sale,#N/A,Closed Won,32395.00000002,100.0,2025-06-02,#N/A,#N/A,#N/A,true,true,Closed,Closed,true,false,0,#N/A,2,2021,false,false,false,false,#N/A,false,#N/A,false,#N/A,#N/A,false,#N/A
315add8b-730f-4196-9e7b-551ace588f90,63488cc8-bb96-4b19-a250-1e86771ba2d6,Voolith - Cross-sell,#N/A,Proposal/Price Quote,18350.0,75.0,2025-05-04,#N/A,#N/A,#N/A,false,false,Pipeline,Pipeline,true,false,0,#N/A,2,2021,false,false,false,false,#N/A,false,#N/A,false,#N/A,#N/A,false,#N/A
acb0db3b-f8f0-4ccf-b2d7-a1897e69dcfd,ec4fe2b0-83be-4a18-8a3b-0262fd09ea76,Jabberstorm - Secondary Sale,#N/A,Closed Won,32395.00000002,100.0,2025-04-04,#N/A,#N/A,#N/A,true,true,Closed,Closed,true,false,0,#N/A,1,2021,false,false,false,false,#N/A,false,#N/A,false,#N/A,#N/A,false,#N/A
d76cc398-7756-45d9-8ad2-e64f4ae93744,989094de-5598-4d5a-9c5f-2e1aa671f77c,Jabbersphere - Secondary Sale,#N/A,Closed Won,32395.00000002,100.0,2025-04-04,#N/A,#N/A,#N/A,true,true,Closed,Closed,true,false,0,#N/A,1,2021,false,false,false,false,#N/A,false,#N/A,false,#N/A,#N/A,false,#N/A
34500ba9-4d1a-48b9-80f8-077eecbc6f06,39ca738a-3930-4a69-a083-9baebe0bd47e,Gigaclub - Upsell,#N/A,Qualification,75000.0,10.0,2025-08-08,#N/A,#N/A,#N/A,false,false,Pipeline,Pipeline,true,false,0,#N/A,3,2021,false,false,false,false,#N/A,false,#N/A,false,#N/A,#N/A,false,#N/A
1e43195a-b374-439c-8dde-e41371c3af80,1c9016e4-816b-4e62-a1b0-c1f5c8fa1188,Voomm - Secondary Sale,#N/A,Closed Won,32395.00000002,100.0,2025-06-02,#N/A,#N/A,#N/A,true,true,Closed,Closed,true,false,0,#N/A,2,2021,false,false,false,false,#N/A,false,#N/A,false,#N/A,#N/A,false,#N/A
5092293d-f58e-452e-be92-537217fe97fa,076542db-b683-4cfb-970f-9db92e5b1727,Thoughtstorm - Cross-sell-sell,#N/A,Proposal/Price Quote,11250.0,75.0,2025-06-18,#N/A,#N/A,#N/A,false,false,Pipeline,Pipeline,true,false,0,#N/A,2,2021,false,false,false,false,#N/A,false,#N/A,false,#N/A,#N/A,false,#N/A
d7b31485-3cb0-4b45-9390-fceac643f495,79885fd4-1421-42ea-a120-91ac20fcb953,Gabcube - Upsell,#N/A,Qualification,75000.0,10.0,2025-08-08,#N/A,#N/A,#N/A,false,false,Pipeline,Pipeline,true,false,0,#N/A,3,2021,false,false,false,false,#N/A,false,#N/A,false,#N/A,#N/A,false,#N/A
aeb2db8d-6cd4-48a4-9743-53b85e36a79d,d9104446-70d4-463d-ae1e-3485b7a6fa74,Rhynyx - Additional Sale,#N/A,Negotiation/Review,34995.0,90.0,2025-05-23,#N/A,#N/A,#N/A,false,false,Pipeline,Pipeline,true,false,0,#N/A,2,2021,false,false,false,false,#N/A,false,#N/A,false,#N/A,#N/A,false,#N/A
61d3107d-4e19-4119-a424-f55ac9083ba3,14232913-25fb-45b0-9545-dc09cf9efc49,Quinu - Upsell,#N/A,Qualification,100082.0,10.0,2025-08-08,#N/A,#N/A,#N/A,false,false,Pipeline,Pipeline,true,false,0,#N/A,3,2021,false,false,false,false,#N/A,false,#N/A,false,#N/A,#N/A,false,#N/A
31256445-df4a-413c-ac84-d39dbaa20f35,51a12852-b282-4490-b9dd-bf2285c93137,DabZ - Additional Sale,#N/A,Perception Analysis,34995.0,70.0,2025-02-09,#N/A,#N/A,#N/A,false,false,Pipeline,Pipeline,true,false,0,#N/A,1,2021,false,false,false,false,#N/A,false,#N/A,false,#N/A,#N/A,false,#N/A
47342ec7-2044-498c-8dc8-aadfc92e39ef,58fcb992-01d9-44fc-af97-1bdec9cada6b,Bluejam - Cross-sell,#N/A,Proposal/Price Quote,11250.0,75.0,2025-06-18,#N/A,#N/A,#N/A,false,false,Pipeline,Pipeline,true,false,0,#N/A,2,2021,false,false,false,false,#N/A,false,#N/A,false,#N/A,#N/A,false,#N/A
8b22aa83-5d49-4909-8dd0-d5736cbb783a,ec1db4a3-33fa-446f-a7aa-4dfca9d8017d,Skaboo - Initial Sale,#N/A,Closed Lost,72395.0,0.0,2024-11-19,#N/A,#N/A,#N/A,true,false,Omitted,Omitted,true,false,0,#N/A,4,2020,false,false,false,false,#N/A,false,#N/A,false,#N/A,#N/A,false,#N/A
c827f93e-abce-4024-9549-3b71c16799a6,0b1a2991-fee3-4caa-928a-de5c51300fd4,Avaveo - Upsell,#N/A,Qualification,100082.0,10.0,2025-08-08,#N/A,#N/A,#N/A,false,false,Pipeline,Pipeline,true,false,0,#N/A,3,2021,false,false,false,false,#N/A,false,#N/A,false,#N/A,#N/A,false,#N/A
4be792a8-4fe6-40bb-a75c-bd340a77f911,3eb93a27-766c-4684-a107-d9a48d366b9e,Babblestorm - Upsell,#N/A,Qualification,75000.0,10.0,2025-08-08,#N/A,#N/A,#N/A,false,false,Pipeline,Pipeline,true,false,0,#N/A,3,2021,false,false,false,false,#N/A,false,#N/A,false,#N/A,#N/A,false,#N/A
62db1d52-4b61-48d4-98cf-3b7e391972d2,d06a901f-acfb-4ce5-8392-4058ad32485b,Meevee - Upsell,#N/A,Qualification,100082.0,10.0,2025-08-08,#N/A,#N/A,#N/A,false,false,Pipeline,Pipeline,true,false,0,#N/A,3,2021,false,false,false,false,#N/A,false,#N/A,false,#N/A,#N/A,false,#N/A
e6bd4b65-8bed-4786-a332-0debf90375b9,42d553ae-1574-4824-853c-1962fa336861,Kazu - Upsell,#N/A,Qualification,100082.0,10.0,2025-08-08,#N/A,#N/A,#N/A,false,false,Pipeline,Pipeline,true,false,0,#N/A,3,2021,false,false,false,false,#N/A,false,#N/A,false,#N/A,#N/A,false,#N/A
a6cb5473-14bc-40a0-a6e5-690771e9e5e6,1562ae0b-10ff-48c4-aadc-8994d1e273ae,Mynte - Cross-sell,#N/A,Proposal/Price Quote,11250.0,75.0,2025-06-18,#N/A,#N/A,#N/A,false,false,Pipeline,Pipeline,true,false,0,#N/A,2,2021,false,false,false,false,#N/A,false,#N/A,false,#N/A,#N/A,false,#N/A
4ba9b02e-b24b-44de-beb3-c382f591ebef,9012b860-a22c-4bc3-8153-993c20d04218,Topiclounge - Secondary Sale,#N/A,Closed Won,32395.00000002,100.0,2025-06-02,#N/A,#N/A,#N/A,true,true,Closed,Closed,true,false,0,#N/A,2,2021,false,false,false,false,#N/A,false,#N/A,false,#N/A,#N/A,false,#N/A
dd87fb41-60fe-43a7-936c-7d689ff09d67,38bf9300-9c15-4194-be3f-40a09810853a,Oozz - Additional Sale,#N/A,Id. Decision Makers,34995.0,60.0,2025-06-26,#N/A,#N/A,#N/A,false,false,Pipeline,Pipeline,true,false,0,#N/A,2,2021,false,false,false,false,#N/A,false,#N/A,false,#N/A,#N/A,false,#N/A
07803a2d-4d53-4142-bbbd-59ca6de605e1,a0f757d5-43be-4aa2-955d-23e04ae22f35,Photolist - Initial Sale,#N/A,Closed Lost,72395.0,0.0,2024-11-19,#N/A,#N/A,#N/A,true,false,Omitted,Omitted,true,false,0,#N/A,4,2020,false,false,false,false,#N/A,false,#N/A,false,#N/A,#N/A,false,#N/A
fe0b8e0a-6771-458d-af5f-557610cadb7d,0231da6a-f192-45c1-90b5-d11ea138fd7b,Topicblabh-Sto Associates - Upsell,#N/A,Qualification,100082.0,10.0,2025-08-08,#N/A,#N/A,#N/A,false,false,Pipeline,Pipeline,true,false,0,#N/A,3,2021,false,false,false,false,#N/A,false,#N/A,false,#N/A,#N/A,false,#N/A
6aafb3f1-fb86-4a16-b87a-5f5ef767a26c,01d60599-0870-4bce-a802-e1079d380e84,Brightdog - Cross-sell,#N/A,Proposal/Price Quote,18350.0,75.0,2025-06-18,#N/A,#N/A,#N/A,false,false,Pipeline,Pipeline,true,false,0,#N/A,2,2021,false,false,false,false,#N/A,false,#N/A,false,#N/A,#N/A,false,#N/A
4cc967d5-3fc2-4a10-8e47-63e52c3b790f,df29e9b2-8e18-42f6-87ae-96ff28699745,Skimia - Additional Sale,#N/A,Proposal/Price Quote,34995.0,75.0,2025-02-09,#N/A,#N/A,#N/A,false,false,Pipeline,Pipeline,true,false,0,#N/A,1,2021,false,false,false,false,#N/A,false,#N/A,false,#N/A,#N/A,false,#N/A
ed168366-6be4-4c2f-ab37-333d5358578c,24c37fae-9e9b-4767-a679-98a2d77ecdba,Skalith - Initial Sale,#N/A,Closed Lost,72395.0,0.0,2024-11-19,#N/A,#N/A,#N/A,true,false,Omitted,Omitted,true,false,0,#N/A,4,2020,false,false,false,false,#N/A,false,#N/A,false,#N/A,#N/A,false,#N/A
792e38e8-9290-4a54-a583-fbc9a58bb090,4b80d5c3-49f6-48da-83f2-8ba3d7b52d80,Yamia - Cross-sell,#N/A,Proposal/Price Quote,18350.0,75.0,2025-06-18,#N/A,#N/A,#N/A,false,false,Pipeline,Pipeline,true,false,0,#N/A,2,2021,false,false,false,false,#N/A,false,#N/A,false,#N/A,#N/A,false,#N/A
50d6c1a2-9e96-4cc7-bb3a-7ed833328830,e9e56bd1-faa0-4ccf-a7e8-de78485381d1,Dynabox - Upsell,#N/A,Qualification,75000.0,10.0,2025-08-08,#N/A,#N/A,#N/A,false,false,Pipeline,Pipeline,true,false,0,#N/A,3,2021,false,false,false,false,#N/A,false,#N/A,false,#N/A,#N/A,false,#N/A
e7b6ac20-2e74-4746-b8b2-73dc3fbe0042,38bf9300-9c15-4194-be3f-40a09810853a,Oozz - Initial Sale,#N/A,Closed Lost,72395.0,0.0,2024-11-19,#N/A,#N/A,#N/A,true,false,Omitted,Omitted,true,false,0,#N/A,4,2020,false,false,false,false,#N/A,false,#N/A,false,#N/A,#N/A,false,#N/A
b7229882-e744-4135-ac55-db3ef2cb6dff,008b1ced-108a-461f-ad47-c2951a7a99f8,Realfire - Upsell,#N/A,Qualification,100082.0,10.0,2025-08-08,#N/A,#N/A,#N/A,false,false,Pipeline,Pipeline,true,false,0,#N/A,3,2021,false,false,false,false,#N/A,false,#N/A,false,#N/A,#N/A,false,#N/A
e2b3bc93-5367-4dea-b967-19a9e2871756,b31cc650-8ca5-4641-86fc-37d3bfcaac76,Jetpulse - Cross-sell,#N/A,Proposal/Price Quote,18050.0,75.0,2025-06-18,#N/A,#N/A,#N/A,false,false,Pipeline,Pipeline,true,false,0,#N/A,2,2021,false,false,false,false,#N/A,false,#N/A,false,#N/A,#N/A,false,#N/A
6929d30c-9816-43aa-b672-91bd695d5248,95e92fce-4b5c-4931-a868-bba192e83b93,Fliptune - SOW 1,#N/A,Needs Analysis,71595.0,20.0,2025-06-19,#N/A,#N/A,#N/A,false,false,Pipeline,Pipeline,true,false,0,#N/A,2,2021,false,false,false,false,#N/A,false,#N/A,false,#N/A,#N/A,false,#N/A
50121b3f-2702-446c-b2e6-2958db3e4880,29ca5f3e-f69b-43c5-96db-f0fcb2934ade,Centimia - Secondary Sale,#N/A,Closed Won,32395.00000002,100.0,2025-06-02,#N/A,#N/A,#N/A,true,true,Closed,Closed,true,false,0,#N/A,2,2021,false,false,false,false,#N/A,false,#N/A,false,#N/A,#N/A,false,#N/A
4dfd8a2b-7e51-475b-8a98-b8c0fea49932,1a26b41c-d212-44be-956a-5064237bc0a1,Buzzbean - Cross-sell,#N/A,Proposal/Price Quote,18350.0,75.0,2025-06-18,#N/A,#N/A,#N/A,false,false,Pipeline,Pipeline,true,false,0,#N/A,2,2021,false,false,false,false,#N/A,false,#N/A,false,#N/A,#N/A,false,#N/A
ff5061c5-38e8-422d-847f-23de983c0efa,194a8c6e-181d-40bb-84ff-36775a792b3d,Feedbug - Additional Sale,#N/A,Value Proposition,34995.0,50.0,2025-04-14,#N/A,#N/A,#N/A,false,false,Pipeline,Pipeline,true,false,0,#N/A,1,2021,false,false,false,false,#N/A,false,#N/A,false,#N/A,#N/A,false,#N/A
c72293ac-651c-45b0-bce1-6bc7795496b0,665a4387-ede2-4ce4-a726-000ff3d2d922,Eidelr-Ashpool - Additional Sale,#N/A,Closed Won,72395.0,100.0,2023-06-03,#N/A,#N/A,#N/A,true,true,Closed,Closed,true,false,0,#N/A,2,2019,false,false,false,false,#N/A,false,#N/A,false,#N/A,#N/A,false,#N/A
c01cb5c4-b3b7-4a9c-ba45-4181ca3563fa,c9da821e-eb47-4e5f-ab4b-2d75ca27137b,Shufflester - Secondary Sale,#N/A,Closed Won,32395.00000002,100.0,2025-04-04,#N/A,#N/A,#N/A,true,true,Closed,Closed,true,false,0,#N/A,1,2021,false,false,false,false,#N/A,false,#N/A,false,#N/A,#N/A,false,#N/A
5247bb03-3f46-4374-b358-675d27ceb3e6,0231da6a-f192-45c1-90b5-d11ea138fd7b,Topicblabh-Sto Associates - Cross-sell,#N/A,Proposal/Price Quote,18050.0,75.0,2025-06-18,#N/A,#N/A,#N/A,false,false,Pipeline,Pipeline,true,false,0,#N/A,2,2021,false,false,false,false,#N/A,false,#N/A,false,#N/A,#N/A,false,#N/A
dee2ec91-7141-4bee-92d8-69093c332b80,3ece893c-ab24-42eb-a466-e7fc2e4faee5,Yodel - Upsell,#N/A,Perception Analysis,100082.0,70.0,2025-08-08,#N/A,#N/A,#N/A,false,false,Pipeline,Pipeline,true,false,0,#N/A,3,2021,false,false,false,false,#N/A,false,#N/A,false,#N/A,#N/A,false,#N/A
f2898608-bef8-43d6-9188-057ef3c13de2,20284815-0924-4bf1-8ad5-42311d6ade31,Skinte - Secondary Sale,#N/A,Closed Won,32395.00000002,100.0,2025-06-02,#N/A,#N/A,#N/A,true,true,Closed,Closed,true,false,0,#N/A,2,2021,false,false,false,false,#N/A,false,#N/A,false,#N/A,#N/A,false,#N/A
46d73e41-af69-4f00-aa7f-35d3c11bd8da,d023f5b9-1c83-466d-b922-630f7ec2dceb,Flipbug - Initial Sale,#N/A,Closed Lost,72395.0,0.0,2024-11-19,#N/A,#N/A,#N/A,true,false,Omitted,Omitted,true,false,0,#N/A,4,2020,false,false,false,false,#N/A,false,#N/A,false,#N/A,#N/A,false,#N/A
c7f10662-730d-42e8-a2bc-7c479e0b6f61,39ca738a-3930-4a69-a083-9baebe0bd47e,Gigaclub - Upsell,"This is a huge strategic opportunity. We're starting to gain momentum in this account, and the customer has the potential to be a referral machine for us.",Prospecting,72395.0,10.0,2025-01-29,#N/A,Identifying key decision makers and stakeholders.,#N/A,false,false,Pipeline,Pipeline,true,false,0,#N/A,1,2021,false,false,false,false,#N/A,false,#N/A,false,#N/A,#N/A,false,#N/A
338de60c-7a6e-40ab-8afd-8f02daac6b0e,c23c5a54-9c08-4c1b-894a-9fde70dac4c3,Wikizz - Initial Sale,#N/A,Closed Lost,72395.0,0.0,2024-11-04,#N/A,#N/A,#N/A,true,false,Omitted,Omitted,true,false,0,#N/A,4,2020,false,false,false,false,#N/A,false,#N/A,false,#N/A,#N/A,false,#N/A
352fa2b2-5b12-4c76-9201-a198de3503b2,b18f660b-73bf-4e7e-8c43-3545c94f2a1b,Dynazzy - Initial Sale,#N/A,Closed Lost,72395.0,0.0,2024-11-19,#N/A,#N/A,#N/A,true,false,Omitted,Omitted,true,false,0,#N/A,4,2020,false,false,false,false,#N/A,false,#N/A,false,#N/A,#N/A,false,#N/A
c5079887-b89d-47e9-a394-6e1f93c5af81,b18f2036-f373-4189-a9f3-2227c8ef8b7c,Acme - 600 Widgets,The deal is at 20% because they are at the sales process stage of defining their requirements.  It is not clear whether our solutions are a good fit or not but they are willing to discuss this in detail.,Needs Analysis,70000.0,20.0,2022-12-21,New Business,Need estimate,Trade Show,false,false,Pipeline,Pipeline,false,false,0,#N/A,3,2007,false,false,false,false,#N/A,false,#N/A,false,#N/A,#N/A,false,#N/A
b9f10bb1-f3ca-4901-80f4-82e445cef249,71741663-e680-4352-8de9-d7f0fad54026,Topicshots - Secondary Sale,#N/A,Closed Won,32395.00000002,100.0,2025-04-04,#N/A,#N/A,#N/A,true,true,Closed,Closed,true,false,0,#N/A,1,2021,false,false,false,false,#N/A,false,#N/A,false,#N/A,#N/A,false,#N/A
94bbd3ea-de71-42da-9d88-5a60a17783c1,4a0f32f7-4233-45a1-94bd-75faf566aa17,Ooba - Cross-sell,#N/A,Proposal/Price Quote,11550.0,75.0,2025-05-04,#N/A,#N/A,#N/A,false,false,Pipeline,Pipeline,true,false,0,#N/A,2,2021,false,false,false,false,#N/A,false,#N/A,false,#N/A,#N/A,false,#N/A
568e7add-c358-4e53-ad8a-2f134f9e805e,61838829-a9b7-4f28-86cc-0de1448b0912,Dabfeed - Additional Sale,#N/A,Closed Won,72395.0,100.0,2024-02-08,#N/A,#N/A,#N/A,true,true,Closed,Closed,true,false,0,#N/A,1,2020,false,false,false,false,#N/A,false,#N/A,false,#N/A,#N/A,false,#N/A
1353eedd-db06-4991-8c56-95d1d781c245,b08ff41e-a88c-4474-b658-d4bfa83df38d,Mybuzz - Initial Sale,#N/A,Closed Lost,72395.0,0.0,2024-11-19,#N/A,#N/A,#N/A,true,false,Omitted,Omitted,true,false,0,#N/A,4,2020,false,false,false,false,#N/A,false,#N/A,false,#N/A,#N/A,false,#N/A
64090de7-0e3e-45be-b3a1-f6e9c31e7e72,9e1650cb-2855-4a0d-a897-d0fc6f5cb30a,Oodoo - Cross-sell,#N/A,Proposal/Price Quote,18050.0,75.0,2025-06-18,#N/A,#N/A,#N/A,false,false,Pipeline,Pipeline,true,false,0,#N/A,2,2021,false,false,false,false,#N/A,false,#N/A,false,#N/A,#N/A,false,#N/A
7a575904-45ce-43ec-be51-ae59591e6e88,37d17b99-4830-49dd-b4a3-bf975a4ccd67,Kayveo - Cross-sell,#N/A,Proposal/Price Quote,11550.0,75.0,2025-04-18,#N/A,#N/A,#N/A,false,false,Pipeline,Pipeline,true,false,0,#N/A,1,2021,false,false,false,false,#N/A,false,#N/A,false,#N/A,#N/A,false,#N/A
e9255f46-28d8-4cf9-80bf-f34b5866a925,821fe8c7-12dc-44e2-86e9-f621f3088d0b,Twinder - Upsell,#N/A,Qualification,100082.0,10.0,2025-08-08,#N/A,#N/A,#N/A,false,false,Pipeline,Pipeline,true,false,0,#N/A,3,2021,false,false,false,false,#N/A,false,#N/A,false,#N/A,#N/A,false,#N/A
7bdc4b6f-8df6-429b-84b8-5ed9329729a1,39ca738a-3930-4a69-a083-9baebe0bd47e,Gigaclub - Additional Sale,This deal is looking good so far.,Closed Lost,72395.0,0.0,2025-01-18,#N/A,Where do the decision makers stand?,#N/A,true,false,Omitted,Omitted,true,false,0,#N/A,4,2020,false,false,false,false,#N/A,false,#N/A,false,#N/A,#N/A,false,#N/A
2556c9d0-aea1-453e-89b4-986261ee9475,b01c9288-d7bf-4228-add5-32807ee563b8,Quimm - SOW 1,#N/A,Value Proposition,72395.0,50.0,2025-06-19,#N/A,#N/A,#N/A,false,false,Pipeline,Pipeline,true,false,0,#N/A,2,2021,false,false,false,false,#N/A,false,#N/A,false,#N/A,#N/A,false,#N/A
da009361-cca8-4350-a7ca-22242b0f9408,820ddc74-222e-4f6c-86b0-c2bb1fe06fcc,Zoomlounge - Initial Sale,#N/A,Prospecting,72395.0,10.0,2025-06-10,#N/A,#N/A,#N/A,false,false,Pipeline,Pipeline,true,false,0,#N/A,2,2021,false,false,false,false,#N/A,false,#N/A,false,#N/A,#N/A,false,#N/A
0ed91080-1adc-4788-8a48-84bfb5da3359,a68e7eb7-7624-4b12-851c-d0163e8e9347,Mydo - Initial Sale,#N/A,Id. Decision Makers,73995.0,60.0,2025-06-10,#N/A,#N/A,#N/A,false,false,Pipeline,Pipeline,true,false,0,#N/A,2,2021,false,false,false,false,#N/A,false,#N/A,false,#N/A,#N/A,false,#N/A
66c638ae-e267-4e14-802e-87d66d4cfb97,0b42366e-682c-4195-bfa4-2d3fcaef7c5c,Tazzy - Initial Sale,#N/A,Closed Lost,72395.0,0.0,2024-11-19,#N/A,#N/A,#N/A,true,false,Omitted,Omitted,true,false,0,#N/A,4,2020,false,false,false,false,#N/A,false,#N/A,false,#N/A,#N/A,false,#N/A
021fb141-e4e3-4752-abb6-b526ef624b7b,01d60599-0870-4bce-a802-e1079d380e84,Brightdog - Upsell,#N/A,Qualification,100082.0,10.0,2025-08-08,#N/A,#N/A,#N/A,false,false,Pipeline,Pipeline,true,false,0,#N/A,3,2021,false,false,false,false,#N/A,false,#N/A,false,#N/A,#N/A,false,#N/A
681f0a82-6649-4c39-a782-51c23de39778,aea1a190-3b67-4e0a-bcf5-dce0be26dc43,Wikibox - Initial Sale,#N/A,Closed Lost,72395.0,0.0,2024-11-19,#N/A,#N/A,#N/A,true,false,Omitted,Omitted,true,false,0,#N/A,4,2020,false,false,false,false,#N/A,false,#N/A,false,#N/A,#N/A,false,#N/A
1b16ace2-96b9-40de-b89a-14409f201147,83dc89fc-8868-49a6-8638-db4d191b4c50,Talane - Initial Sale,#N/A,Closed Lost,72395.0,0.0,2024-11-19,#N/A,#N/A,#N/A,true,false,Omitted,Omitted,true,false,0,#N/A,4,2020,false,false,false,false,#N/A,false,#N/A,false,#N/A,#N/A,false,#N/A
1adcdcc8-9b34-4eeb-b9a5-7e454c875964,484d572f-f176-4951-8005-44fc815f8edf,Skyba - Upsell,#N/A,Qualification,100082.0,10.0,2025-08-08,#N/A,#N/A,#N/A,false,false,Pipeline,Pipeline,true,false,0,#N/A,3,2021,false,false,false,false,#N/A,false,#N/A,false,#N/A,#N/A,false,#N/A
694c8656-b211-410c-8cdd-f6c61edcd073,4b80d5c3-49f6-48da-83f2-8ba3d7b52d80,Yamia - Upsell,#N/A,Qualification,100082.0,10.0,2025-08-08,#N/A,#N/A,#N/A,false,false,Pipeline,Pipeline,true,false,0,#N/A,3,2021,false,false,false,false,#N/A,false,#N/A,false,#N/A,#N/A,false,#N/A
25101b1b-404c-4dd3-98e9-5f223b67646c,d53be6fe-9499-48b8-aff2-fb8a854294fe,Kanoodle - Secondary Sale,#N/A,Closed Won,32395.00000002,100.0,2025-06-02,#N/A,#N/A,#N/A,true,true,Closed,Closed,true,false,0,#N/A,2,2021,false,false,false,false,#N/A,false,#N/A,false,#N/A,#N/A,false,#N/A
27d3d4c9-b6a9-489d-9ea9-3a0ac9cf5e3f,61838829-a9b7-4f28-86cc-0de1448b0912,Dabfeed - Initial Sale,#N/A,Prospecting,72395.0,10.0,2025-06-10,#N/A,#N/A,#N/A,false,false,Pipeline,Pipeline,true,false,0,#N/A,2,2021,false,false,false,false,#N/A,false,#N/A,false,#N/A,#N/A,false,#N/A
74a3fcc0-e056-4e9a-99ff-19f37bea0c7e,1a26b41c-d212-44be-956a-5064237bc0a1,Buzzbean - Upsell,#N/A,Needs Analysis,100082.0,20.0,2025-08-08,#N/A,#N/A,#N/A,false,false,Pipeline,Pipeline,true,false,0,#N/A,3,2021,false,false,false,false,#N/A,false,#N/A,false,#N/A,#N/A,false,#N/A
78b542fd-d904-412b-bb34-44ab812ff2bd,ad4efe8f-969d-45a6-8367-92d37737206b,Voolia - Initial Sale,#N/A,Prospecting,72395.0,10.0,2025-06-10,#N/A,#N/A,#N/A,false,false,Pipeline,Pipeline,true,false,0,#N/A,2,2021,false,false,false,false,#N/A,false,#N/A,false,#N/A,#N/A,false,#N/A
156a2cbc-79fe-4649-876d-a54979dab5ed,e9e56bd1-faa0-4ccf-a7e8-de78485381d1,Dynabox - Cross-sell,#N/A,Proposal/Price Quote,11550.0,75.0,2025-06-18,#N/A,#N/A,#N/A,false,false,Pipeline,Pipeline,true,false,0,#N/A,2,2021,false,false,false,false,#N/A,false,#N/A,false,#N/A,#N/A,false,#N/A
6be6e1f7-a5fb-4c5e-b600-3b4470f50329,8ebefa0e-6518-4f34-8143-deed57b50916,Pixoboo - Upsell,#N/A,Qualification,100082.0,10.0,2025-08-08,#N/A,#N/A,#N/A,false,false,Pipeline,Pipeline,true,false,0,#N/A,3,2021,false,false,false,false,#N/A,false,#N/A,false,#N/A,#N/A,false,#N/A
82318b6d-1734-4a09-9998-8c0c641a4651,e555c464-726d-429a-b793-02b41a502538,Livefish - Upsell,#N/A,Qualification,75000.0,10.0,2025-08-08,#N/A,#N/A,#N/A,false,false,Pipeline,Pipeline,true,false,0,#N/A,3,2021,false,false,false,false,#N/A,false,#N/A,false,#N/A,#N/A,false,#N/A
0cfdeade-ba16-436c-8764-72b9ab9b33b9,52aa2d52-b22b-4d4d-b272-e956119dd30c,Twimm - Initial Sale,#N/A,Closed Lost,72395.0,0.0,2024-10-05,#N/A,#N/A,#N/A,true,false,Omitted,Omitted,true,false,0,#N/A,3,2020,false,false,false,false,#N/A,false,#N/A,false,#N/A,#N/A,false,#N/A
bd771258-579a-4f42-9ac5-aa677f991c5b,551d24c8-f10f-47a2-9f23-ea48b275ff48,Shuffletag - Initial Sale,#N/A,Closed Lost,72395.0,0.0,2024-11-19,#N/A,#N/A,#N/A,true,false,Omitted,Omitted,true,false,0,#N/A,4,2020,false,false,false,false,#N/A,false,#N/A,false,#N/A,#N/A,false,#N/A
bd7c06fb-1c9d-4892-b6e7-41f5a84fa6fe,e6b8eecb-c6a5-4a49-9a0b-608318fb1c89,Zoovu - Upsell,#N/A,Qualification,75000.0,10.0,2025-08-08,#N/A,#N/A,#N/A,false,false,Pipeline,Pipeline,true,false,0,#N/A,3,2021,false,false,false,false,#N/A,false,#N/A,false,#N/A,#N/A,false,#N/A
3f283622-cf8c-431b-ad25-15f29798ede8,63a2522c-da85-4079-a621-fd46a49cd78b,Eadel - Additional Sale,#N/A,Prospecting,34995.0,10.0,2025-05-23,#N/A,#N/A,#N/A,false,false,Pipeline,Pipeline,true,false,0,#N/A,2,2021,false,false,false,false,#N/A,false,#N/A,false,#N/A,#N/A,false,#N/A
d26f91c1-494e-4b09-bfe7-2f8680bc9818,95e92fce-4b5c-4931-a868-bba192e83b93,Fliptune - Additional Sale,#N/A,Closed Won,29995.0,100.0,2025-01-20,#N/A,#N/A,#N/A,true,true,Closed,Closed,true,false,0,#N/A,4,2020,false,false,false,false,#N/A,false,#N/A,false,#N/A,#N/A,false,#N/A
b27e5f7e-d873-4630-91a7-60ee78f924ee,957363ed-f7e7-4432-a639-c868929084aa,Twiyo - Additional Sale,#N/A,Id. Decision Makers,51495.0,60.0,2025-04-13,#N/A,#N/A,#N/A,false,false,Pipeline,Pipeline,true,false,0,#N/A,1,2021,false,false,false,false,#N/A,false,#N/A,false,#N/A,#N/A,false,#N/A
798d17e3-6974-4170-9a13-de083d3ff26a,aea1a190-3b67-4e0a-bcf5-dce0be26dc43,Wikibox - Upsell,#N/A,Qualification,75000.0,10.0,2025-08-08,#N/A,#N/A,#N/A,false,false,Pipeline,Pipeline,true,false,0,#N/A,3,2021,false,false,false,false,#N/A,false,#N/A,false,#N/A,#N/A,false,#N/A
6412f5b8-e8fe-4146-8002-6ad95e3000b2,ea2daf27-d46a-40d5-87c8-cb727a4d6b63,Topdrive - Secondary Sale,#N/A,Closed Won,32395.00000002,100.0,2025-04-04,#N/A,#N/A,#N/A,true,true,Closed,Closed,true,false,0,#N/A,1,2021,false,false,false,false,#N/A,false,#N/A,false,#N/A,#N/A,false,#N/A
2322f34f-ddf3-4009-b642-076c02cc06ff,83dc89fc-8868-49a6-8638-db4d191b4c50,Talane - Additional Sale,#N/A,Closed Won,72395.0,100.0,2023-07-07,#N/A,#N/A,#N/A,true,true,Closed,Closed,true,false,0,#N/A,2,2019,false,false,false,false,#N/A,false,#N/A,false,#N/A,#N/A,false,#N/A
f7e1f991-4b44-4481-95f9-25ef4f04ebf3,d731c096-ead3-472a-a729-b3b396f91530,Meeveo - Secondary Sale,#N/A,Closed Won,32395.00000002,100.0,2025-04-04,#N/A,#N/A,#N/A,true,true,Closed,Closed,true,false,0,#N/A,1,2021,false,false,false,false,#N/A,false,#N/A,false,#N/A,#N/A,false,#N/A
c4a398ae-448d-4db7-bd53-57a198b8e7a5,1f0ebca3-5492-47f2-a61e-8a8f0bf1ee82,Meembee -Complete Starter Package,#N/A,Value Proposition,72395.0,50.0,2024-09-18,#N/A,#N/A,#N/A,false,false,Pipeline,Pipeline,true,false,0,#N/A,3,2020,false,false,false,false,#N/A,false,#N/A,false,#N/A,#N/A,false,#N/A
ccf47c5c-88b1-4e4b-b642-57147215183d,1c9016e4-816b-4e62-a1b0-c1f5c8fa1188,Voomm - Initial Sale,#N/A,Closed Lost,72395.0,0.0,2024-11-19,#N/A,#N/A,#N/A,true,false,Omitted,Omitted,true,false,0,#N/A,4,2020,false,false,false,false,#N/A,false,#N/A,false,#N/A,#N/A,false,#N/A
4cead49b-a6f0-40e9-8177-af6798ddcdf2,b08ff41e-a88c-4474-b658-d4bfa83df38d,Mybuzz - Secondary Sale,#N/A,Closed Won,32395.00000002,100.0,2025-04-04,#N/A,#N/A,#N/A,true,true,Closed,Closed,true,false,0,#N/A,1,2021,false,false,false,false,#N/A,false,#N/A,false,#N/A,#N/A,false,#N/A
8efa92fd-da30-421e-8a51-1e278d5556b3,e2705254-9a30-42a3-ac3d-f0403ba3e71d,Browseblabc-Morales Corp. - Cross-sell,#N/A,Proposal/Price Quote,18050.0,75.0,2025-06-18,#N/A,#N/A,#N/A,false,false,Pipeline,Pipeline,true,false,0,#N/A,2,2021,false,false,false,false,#N/A,false,#N/A,false,#N/A,#N/A,false,#N/A
b571d1b5-2fd2-4259-83d6-8cfebf7b7bdb,360f9b04-cd03-42d9-a9d0-cc05ee0c2e92,Camimbo - Upsell,#N/A,Needs Analysis,37575.0,20.0,2025-05-29,#N/A,#N/A,#N/A,false,false,Pipeline,Pipeline,true,false,0,#N/A,2,2021,false,false,false,false,#N/A,false,#N/A,false,#N/A,#N/A,false,#N/A
fd98f112-68ac-4dfd-9dac-081761647e43,ea2daf27-d46a-40d5-87c8-cb727a4d6b63,Topdrive - Additional Sale,#N/A,Value Proposition,34995.0,50.0,2025-06-12,#N/A,#N/A,#N/A,false,false,Pipeline,Pipeline,false,false,0,#N/A,2,2021,false,false,false,false,#N/A,false,#N/A,false,#N/A,#N/A,false,#N/A
da74ff21-f5db-46c7-8846-5cf2d5e3a258,1f0ebca3-5492-47f2-a61e-8a8f0bf1ee82,Meembee - Upsell,#N/A,Qualification,75000.0,10.0,2025-08-08,#N/A,#N/A,#N/A,false,false,Pipeline,Pipeline,true,false,0,#N/A,3,2021,false,false,false,false,#N/A,false,#N/A,false,#N/A,#N/A,false,#N/A
0fbeee1d-dd25-4ba8-99da-b5b880d51c28,fe981786-e62e-4e7c-9912-0f705b23f2af,Bubblemix - Secondary Sale,#N/A,Closed Won,32395.00000002,100.0,2025-04-04,#N/A,#N/A,#N/A,true,true,Closed,Closed,true,false,0,#N/A,1,2021,false,false,false,false,#N/A,false,#N/A,false,#N/A,#N/A,false,#N/A
222758c0-f6e0-47b4-a48b-d67debabfa1a,9012b860-a22c-4bc3-8153-993c20d04218,Topiclounge - Upsell,#N/A,Qualification,75000.0,10.0,2025-08-08,#N/A,#N/A,#N/A,false,false,Pipeline,Pipeline,true,false,0,#N/A,3,2021,false,false,false,false,#N/A,false,#N/A,false,#N/A,#N/A,false,#N/A
28d1ac37-18f2-4d25-b5d0-50c5540935a4,d731c096-ead3-472a-a729-b3b396f91530,Meeveo - Cross-sell,#N/A,Proposal/Price Quote,11550.0,75.0,2025-06-18,#N/A,#N/A,#N/A,false,false,Pipeline,Pipeline,true,false,0,#N/A,2,2021,false,false,false,false,#N/A,false,#N/A,false,#N/A,#N/A,false,#N/A
a0e62211-418b-4e05-94b2-edaba718a9fa,52aa2d52-b22b-4d4d-b272-e956119dd30c,Twimm - Cross-sell,#N/A,Proposal/Price Quote,11550.0,75.0,2025-05-04,#N/A,#N/A,#N/A,false,false,Pipeline,Pipeline,true,false,0,#N/A,2,2021,false,false,false,false,#N/A,false,#N/A,false,#N/A,#N/A,false,#N/A
277ef766-d28b-43d6-9156-c5be00aa01a2,989094de-5598-4d5a-9c5f-2e1aa671f77c,Jabbersphere - Additional Sale,#N/A,Qualification,34995.0,10.0,2025-06-19,#N/A,#N/A,#N/A,false,false,Pipeline,Pipeline,true,false,0,#N/A,2,2021,false,false,false,false,#N/A,false,#N/A,false,#N/A,#N/A,false,#N/A
8bf300b4-e812-4efa-bb56-ebf5f36e7e8a,9b63c39c-860e-49d1-b10c-555d25dca149,Eazzy - Initial Sale,#N/A,Closed Lost,72395.0,0.0,2024-11-19,#N/A,#N/A,#N/A,true,false,Omitted,Omitted,true,false,0,#N/A,4,2020,false,false,false,false,#N/A,false,#N/A,false,#N/A,#N/A,false,#N/A
cfc004e8-aad2-4fb9-86e8-8667a9aa90e7,b411ef6e-3022-43ee-b553-40d3ff2e8b85,Dazzlesphere - Additional Sale,#N/A,Closed Won,37495.0,100.0,2024-10-22,#N/A,#N/A,#N/A,true,true,Closed,Closed,true,false,0,#N/A,3,2020,false,false,false,false,#N/A,false,#N/A,false,#N/A,#N/A,false,#N/A
33eea56e-4ca4-4b22-8b34-6c3f99769424,96f71fc6-a2ff-454d-a3ed-d3b3813f52f9,Tagopia - Cross-sell,#N/A,Proposal/Price Quote,11550.0,75.0,2025-04-18,#N/A,#N/A,#N/A,false,false,Pipeline,Pipeline,true,false,0,#N/A,1,2021,false,false,false,false,#N/A,false,#N/A,false,#N/A,#N/A,false,#N/A
c121c3df-6ac2-4cc8-8141-2f3e7c218892,0b42366e-682c-4195-bfa4-2d3fcaef7c5c,Tazzy - Secondary Sale,#N/A,Closed Won,32395.00000002,100.0,2025-04-04,#N/A,#N/A,#N/A,true,true,Closed,Closed,true,false,0,#N/A,1,2021,false,false,false,false,#N/A,false,#N/A,false,#N/A,#N/A,false,#N/A
2f233914-410a-4671-a3ae-e6eb633f84f4,01344150-6523-4ab5-a6bd-5f4f4994885f,Kamba - Cross-sell,#N/A,Proposal/Price Quote,34350.0,75.0,2025-06-18,#N/A,#N/A,#N/A,false,false,Pipeline,Pipeline,true,false,0,#N/A,2,2021,false,false,false,false,#N/A,false,#N/A,false,#N/A,#N/A,false,#N/A
c51ddd0b-f15b-4b5c-a143-e45f66e44554,71741663-e680-4352-8de9-d7f0fad54026,Topicshots - Additional Sale,#N/A,Closed Won,29995.0,100.0,2025-01-20,#N/A,#N/A,#N/A,true,true,Closed,Closed,true,false,0,#N/A,4,2020,false,false,false,false,#N/A,false,#N/A,false,#N/A,#N/A,false,#N/A
a6404832-cd35-4ab0-aede-76a959264991,2aaa3f1b-0810-40c9-a48e-691cc50d9dac,Fiveclub - Initial Sale,#N/A,Closed Lost,72395.0,0.0,2024-11-19,#N/A,#N/A,#N/A,true,false,Omitted,Omitted,true,false,0,#N/A,4,2020,false,false,false,false,#N/A,false,#N/A,false,#N/A,#N/A,false,#N/A
8530fd40-81d4-4e6a-8edb-6b2092ed620f,551d24c8-f10f-47a2-9f23-ea48b275ff48,Shuffletag - Additional Sale,#N/A,Value Proposition,34995.0,50.0,2025-03-16,#N/A,#N/A,#N/A,false,false,Pipeline,Pipeline,true,false,0,#N/A,1,2021,false,false,false,false,#N/A,false,#N/A,false,#N/A,#N/A,false,#N/A
c59726e5-1f42-466e-865f-71beea5b93c9,51b706db-46cb-4f9e-88c2-0ff80ad8062f,Kimia - Upsell,#N/A,Qualification,75000.0,10.0,2025-07-24,#N/A,#N/A,#N/A,false,false,Pipeline,Pipeline,true,false,0,#N/A,3,2021,false,false,false,false,#N/A,false,#N/A,false,#N/A,#N/A,false,#N/A
01802f72-9296-424b-a5a6-180d68ad8f2a,cb72bdda-b101-4835-9161-3bf06bf82742,Photofeed - Secondary Sale,#N/A,Closed Won,32395.00000002,100.0,2025-06-02,#N/A,#N/A,#N/A,true,true,Closed,Closed,true,false,0,#N/A,2,2021,false,false,false,false,#N/A,false,#N/A,false,#N/A,#N/A,false,#N/A
42c4aafd-6811-4ed4-8c12-a23942c9f4c1,c7717326-09af-4348-b090-e4be2dac6029,Chatterpoint - Upsell,#N/A,Qualification,75000.0,10.0,2025-08-08,#N/A,#N/A,#N/A,false,false,Pipeline,Pipeline,true,false,0,#N/A,3,2021,false,false,false,false,#N/A,false,#N/A,false,#N/A,#N/A,false,#N/A
ddeb5b4e-a354-41bc-b14e-e868622b2df0,687ec0e4-c6b9-4e70-a0f4-f1094656bbb6,Edgeclub - Upsell,#N/A,Qualification,100082.0,10.0,2025-08-08,#N/A,#N/A,#N/A,false,false,Pipeline,Pipeline,true,false,0,#N/A,3,2021,false,false,false,false,#N/A,false,#N/A,false,#N/A,#N/A,false,#N/A
ef616705-e123-45b7-8953-f253d56396bf,082acf9c-8891-420c-a3fd-66f6c6097e3c,Quire - Cross-sell,#N/A,Proposal/Price Quote,11550.0,75.0,2025-06-18,#N/A,#N/A,#N/A,false,false,Pipeline,Pipeline,true,false,0,#N/A,2,2021,false,false,false,false,#N/A,false,#N/A,false,#N/A,#N/A,false,#N/A
176aa1f2-5caf-4d59-9faf-3e2eaa6ff119,1f0ebca3-5492-47f2-a61e-8a8f0bf1ee82,Meembee - Initial Sale,#N/A,Closed Lost,72395.0,0.0,2024-11-19,#N/A,#N/A,#N/A,true,false,Omitted,Omitted,true,false,0,#N/A,4,2020,false,false,false,false,#N/A,false,#N/A,false,#N/A,#N/A,false,#N/A
d418684f-06a6-48be-a33d-9b372dc3b971,b411ef6e-3022-43ee-b553-40d3ff2e8b85,Dazzlesphere - Additional Sale,#N/A,Proposal/Price Quote,34995.0,75.0,2025-04-07,#N/A,#N/A,#N/A,false,false,Pipeline,Pipeline,true,false,0,#N/A,1,2021,false,false,false,false,#N/A,false,#N/A,false,#N/A,#N/A,false,#N/A
97e2952f-d706-476b-8bc8-bcc60c6acbe5,ec4fe2b0-83be-4a18-8a3b-0262fd09ea76,Jabberstorm - Upsell,#N/A,Qualification,75000.0,10.0,2025-08-08,#N/A,#N/A,#N/A,false,false,Pipeline,Pipeline,true,false,0,#N/A,3,2021,false,false,false,false,#N/A,false,#N/A,false,#N/A,#N/A,false,#N/A
f3a09ba5-b990-4796-8d28-c420488d5df6,e6b8eecb-c6a5-4a49-9a0b-608318fb1c89,Zoovu - Initial Sale,#N/A,Prospecting,72395.0,10.0,2025-06-10,#N/A,#N/A,#N/A,false,false,Pipeline,Pipeline,true,false,0,#N/A,2,2021,false,false,false,false,#N/A,false,#N/A,false,#N/A,#N/A,false,#N/A
1b3ace08-3986-4d10-88ac-435186141b4d,af8d1a59-ad75-4b1b-9818-efc4c2e19b8f,Gabtype - Additional Sale,#N/A,Closed Won,29995.0,100.0,2025-01-20,#N/A,#N/A,#N/A,true,true,Closed,Closed,true,false,0,#N/A,4,2020,false,false,false,false,#N/A,false,#N/A,false,#N/A,#N/A,false,#N/A
30861789-60d2-449b-962b-ecca4a6be9b9,af271580-40f5-4d49-b1ea-03b49850606f,Meejo - Secondary Sale,#N/A,Closed Won,32395.00000002,100.0,2025-05-20,#N/A,#N/A,#N/A,true,true,Closed,Closed,true,false,0,#N/A,2,2021,false,false,false,false,#N/A,false,#N/A,false,#N/A,#N/A,false,#N/A
a010c78b-98e5-4b1a-9304-86e66a88cd55,dc879b26-eef5-4a42-9f54-2f6391bb5444,Aibox - Upsell,#N/A,Qualification,75000.0,10.0,2025-08-08,#N/A,#N/A,#N/A,false,false,Pipeline,Pipeline,true,false,0,#N/A,3,2021,false,false,false,false,#N/A,false,#N/A,false,#N/A,#N/A,false,#N/A
d8b589ef-5a69-4cad-b5dc-c24c339517db,360f9b04-cd03-42d9-a9d0-cc05ee0c2e92,Camimbo - Additional Sale,#N/A,Closed Won,34249.0,100.0,2025-07-05,#N/A,#N/A,#N/A,true,true,Closed,Closed,true,false,0,#N/A,2,2021,false,false,false,false,#N/A,false,#N/A,false,#N/A,#N/A,false,#N/A
59eccd0b-9659-4a48-b156-f82f0dc42c1e,4dffeb4d-d4f6-464c-9b57-cda36636f156,Bluezoom - Initial Sale,#N/A,Qualification,83690.0,10.0,2025-04-10,#N/A,#N/A,#N/A,false,false,Pipeline,Pipeline,true,false,0,#N/A,1,2021,false,false,false,false,#N/A,false,#N/A,false,#N/A,#N/A,false,#N/A
838273eb-92a1-4b35-a043-0e49c93adb23,eb8cb615-f1be-41cb-8293-0a1b08473ad4,Trunyx - Upsell,#N/A,Qualification,100082.0,10.0,2025-08-08,#N/A,#N/A,#N/A,false,false,Pipeline,Pipeline,true,false,0,#N/A,3,2021,false,false,false,false,#N/A,false,#N/A,false,#N/A,#N/A,false,#N/A
673e89ab-efa1-4b07-af34-35961056682f,af271580-40f5-4d49-b1ea-03b49850606f,Meejo - Cross-sell,#N/A,Proposal/Price Quote,11550.0,75.0,2025-06-03,#N/A,#N/A,#N/A,false,false,Pipeline,Pipeline,true,false,0,#N/A,2,2021,false,false,false,false,#N/A,false,#N/A,false,#N/A,#N/A,false,#N/A
4f4be154-1395-4c77-8942-1051cc5e4f0a,e6b8eecb-c6a5-4a49-9a0b-608318fb1c89,Zoovu - Additional Sale,Potential big win for their decision maker,Closed Won,29995.0,100.0,2025-04-04,#N/A,great win for us,#N/A,true,true,Closed,Closed,true,false,0,#N/A,1,2021,false,false,false,false,#N/A,false,#N/A,false,#N/A,#N/A,false,#N/A
e5f9b1ba-97ab-4dfe-b419-d241af836fb3,63a2522c-da85-4079-a621-fd46a49cd78b,Eadel - Additional Sale,#N/A,Negotiation/Review,34995.0,90.0,2025-06-03,#N/A,#N/A,#N/A,false,false,Pipeline,Pipeline,true,false,0,#N/A,2,2021,false,false,false,false,#N/A,false,#N/A,false,#N/A,#N/A,false,#N/A
96300982-8232-46aa-9fd6-cbdedfc3c1a0,af8d1a59-ad75-4b1b-9818-efc4c2e19b8f,Gabtype - Upsell,#N/A,Qualification,100082.0,10.0,2025-08-08,#N/A,#N/A,#N/A,false,false,Pipeline,Pipeline,true,false,0,#N/A,3,2021,false,false,false,false,#N/A,false,#N/A,false,#N/A,#N/A,false,#N/A
da7a3638-bca8-429e-bb35-75a42f4dd8ea,3c66b37b-b0b5-47a9-bf58-0c9686d72d93,Thoughtmix - Cross-sell,#N/A,Proposal/Price Quote,18350.0,75.0,2025-06-18,#N/A,#N/A,#N/A,false,false,Pipeline,Pipeline,true,false,0,#N/A,2,2021,false,false,false,false,#N/A,false,#N/A,false,#N/A,#N/A,false,#N/A
44ddf75f-c296-4436-9fce-5aaadec09d30,ab96b432-45f8-4254-bdab-fffc68af26e7,Topicware - Cross-sell,#N/A,Proposal/Price Quote,11550.0,75.0,2025-06-18,#N/A,#N/A,#N/A,false,false,Pipeline,Pipeline,true,false,0,#N/A,2,2021,false,false,false,false,#N/A,false,#N/A,false,#N/A,#N/A,false,#N/A
0d958813-fcbf-4371-8f5e-a798943c9a40,360f9b04-cd03-42d9-a9d0-cc05ee0c2e92,Camimbo - Initial Sale,#N/A,Prospecting,81083.0,10.0,2025-05-29,#N/A,#N/A,#N/A,false,false,Pipeline,Pipeline,true,false,0,#N/A,2,2021,false,false,false,false,#N/A,false,#N/A,false,#N/A,#N/A,false,#N/A
d99a34a8-78ba-4c15-b0f3-c8316d0c4dbe,1562ae0b-10ff-48c4-aadc-8994d1e273ae,Mynte - Secondary Sale,#N/A,Closed Won,32395.00000002,100.0,2025-04-04,#N/A,#N/A,#N/A,true,true,Closed,Closed,true,false,0,#N/A,1,2021,false,false,false,false,#N/A,false,#N/A,false,#N/A,#N/A,false,#N/A
74a9b373-b1af-4c46-940a-9badcabbd85a,9b63c39c-860e-49d1-b10c-555d25dca149,Eazzy - Cross-sell,#N/A,Proposal/Price Quote,34350.0,75.0,2025-06-08,#N/A,#N/A,#N/A,false,false,Pipeline,Pipeline,true,false,0,#N/A,2,2021,false,false,false,false,#N/A,false,#N/A,false,#N/A,#N/A,false,#N/A
5a213f2d-96b6-4636-bfd1-ed18dc4cf6fb,b18f660b-73bf-4e7e-8c43-3545c94f2a1b,Dynazzy - Additional Sale,#N/A,Closed Won,29995.0,100.0,2025-01-20,#N/A,#N/A,#N/A,true,true,Closed,Closed,true,false,0,#N/A,4,2020,false,false,false,false,#N/A,false,#N/A,false,#N/A,#N/A,false,#N/A
fa399a97-a145-4819-94f5-62615427a1b7,3ece893c-ab24-42eb-a466-e7fc2e4faee5,Yodel - Secondary Sale,#N/A,Closed Won,32395.00000002,100.0,2025-04-04,#N/A,#N/A,#N/A,true,true,Closed,Closed,true,false,0,#N/A,1,2021,false,false,false,false,#N/A,false,#N/A,false,#N/A,#N/A,false,#N/A
a6a68e0f-535f-43f9-a495-a35fef9d34c5,37afb168-f0e8-423a-a651-bf9649ca6220,Tagtune - Initial Sale,#N/A,Closed Lost,72395.0,0.0,2024-11-19,#N/A,#N/A,#N/A,true,false,Omitted,Omitted,true,false,0,#N/A,4,2020,false,false,false,false,#N/A,false,#N/A,false,#N/A,#N/A,false,#N/A
6a356e4a-74eb-4654-b295-0c7b903b8bca,d76c61e6-6647-4252-942f-1e9ad16b1557,Edgepulse - Additional Sale,#N/A,Proposal/Price Quote,72395.0,75.0,2024-01-20,#N/A,#N/A,#N/A,false,false,Pipeline,Pipeline,true,false,0,#N/A,4,2019,false,false,false,false,#N/A,false,#N/A,false,#N/A,#N/A,false,#N/A
d9a15ea6-ba63-4c29-9ee3-53403f357134,9cc34213-1502-44f3-8ed1-609b175b2f72,Trudoo - Initial Sale,#N/A,Prospecting,73995.0,10.0,2025-06-10,#N/A,#N/A,#N/A,false,false,Pipeline,Pipeline,true,false,0,#N/A,2,2021,false,false,false,false,#N/A,false,#N/A,false,#N/A,#N/A,false,#N/A
e5d2875c-ffc0-4a55-990a-d34a2b16dce3,0983f854-45ad-4c2e-a205-63920f102444,Tavu - Secondary Sale,#N/A,Closed Won,32395.00000002,100.0,2025-06-02,#N/A,#N/A,#N/A,true,true,Closed,Closed,true,false,0,#N/A,2,2021,false,false,false,false,#N/A,false,#N/A,false,#N/A,#N/A,false,#N/A
a8966f18-78c7-4c05-8bce-f7cef31c8c53,e2705254-9a30-42a3-ac3d-f0403ba3e71d,Browseblabc-Morales Corp. - Secondary Sale,#N/A,Closed Won,32395.00000002,100.0,2025-04-04,#N/A,#N/A,#N/A,true,true,Closed,Closed,true,false,0,#N/A,1,2021,false,false,false,false,#N/A,false,#N/A,false,#N/A,#N/A,false,#N/A
0fa9620a-b51e-4c8a-9444-034d2baa4790,78c2ed00-4bd4-4843-8916-53c1b65e17b8,Trilith - Initial Sale,#N/A,Closed Lost,72395.0,0.0,2024-11-19,#N/A,#N/A,#N/A,true,false,Omitted,Omitted,true,false,0,#N/A,4,2020,false,false,false,false,#N/A,false,#N/A,false,#N/A,#N/A,false,#N/A
88dc7058-865e-453f-a655-ad936e2f6ced,95e92fce-4b5c-4931-a868-bba192e83b93,Fliptune - Cross-sell,#N/A,Proposal/Price Quote,18050.0,75.0,2025-06-18,#N/A,#N/A,#N/A,false,false,Pipeline,Pipeline,true,false,0,#N/A,2,2021,false,false,false,false,#N/A,false,#N/A,false,#N/A,#N/A,false,#N/A
71d63741-c88b-4e2a-abde-7ddf5b7b0901,4b80d5c3-49f6-48da-83f2-8ba3d7b52d80,Yamia - Initial Sale,#N/A,Closed Lost,72395.0,0.0,2024-11-19,#N/A,#N/A,#N/A,true,false,Omitted,Omitted,true,false,0,#N/A,4,2020,false,false,false,false,#N/A,false,#N/A,false,#N/A,#N/A,false,#N/A
51a910c7-70f8-4db6-b0f8-42bd0739ce56,d25f9e87-c125-482b-93bb-ce34d731180f,Tazz - Cross-sell,#N/A,Proposal/Price Quote,18050.0,75.0,2025-06-18,#N/A,#N/A,#N/A,false,false,Pipeline,Pipeline,true,false,0,#N/A,2,2021,false,false,false,false,#N/A,false,#N/A,false,#N/A,#N/A,false,#N/A
5116c2ad-e93e-4186-b1b4-5dc8c6baa34a,3c66b37b-b0b5-47a9-bf58-0c9686d72d93,Thoughtmix - Secondary Sale,#N/A,Closed Won,32395.00000002,100.0,2025-04-04,#N/A,#N/A,#N/A,true,true,Closed,Closed,true,false,0,#N/A,1,2021,false,false,false,false,#N/A,false,#N/A,false,#N/A,#N/A,false,#N/A
400f0665-b2f0-46fd-97b4-b5887cd27879,821fe8c7-12dc-44e2-86e9-f621f3088d0b,Twinder - Secondary Sale,#N/A,Closed Won,32395.00000002,100.0,2025-06-02,#N/A,#N/A,#N/A,true,true,Closed,Closed,true,false,0,#N/A,2,2021,false,false,false,false,#N/A,false,#N/A,false,#N/A,#N/A,false,#N/A
2c272c73-6ae9-47b5-8afd-a59f0418e705,008b1ced-108a-461f-ad47-c2951a7a99f8,Realfire - Secondary Sale,#N/A,Closed Won,32395.00000002,100.0,2025-06-02,#N/A,#N/A,#N/A,true,true,Closed,Closed,true,false,0,#N/A,2,2021,false,false,false,false,#N/A,false,#N/A,false,#N/A,#N/A,false,#N/A
205b2519-a664-48c5-ad9e-c4880f269dc3,65348251-9e23-4124-ae6c-95098e9d91a2,Myworks - Initial Sale,#N/A,Closed Lost,72395.0,0.0,2024-11-04,#N/A,#N/A,#N/A,true,false,Omitted,Omitted,true,false,0,#N/A,4,2020,false,false,false,false,#N/A,false,#N/A,false,#N/A,#N/A,false,#N/A
ba726373-8a48-4723-98a3-302a7a1e08e3,2aaa3f1b-0810-40c9-a48e-691cc50d9dac,Fiveclub - Upsell,#N/A,Qualification,100082.0,10.0,2025-08-08,#N/A,#N/A,#N/A,false,false,Pipeline,Pipeline,true,false,0,#N/A,3,2021,false,false,false,false,#N/A,false,#N/A,false,#N/A,#N/A,false,#N/A
f19e131d-71b3-4a87-9014-c36a9981ab64,4b80d5c3-49f6-48da-83f2-8ba3d7b52d80,Yamia - Secondary Sale,#N/A,Closed Won,32395.00000002,100.0,2025-04-04,#N/A,#N/A,#N/A,true,true,Closed,Closed,true,false,0,#N/A,1,2021,false,false,false,false,#N/A,false,#N/A,false,#N/A,#N/A,false,#N/A
b1d7889d-7728-4344-b2f9-4d87129add99,fe981786-e62e-4e7c-9912-0f705b23f2af,Bubblemix - Upsell,#N/A,Qualification,75000.0,10.0,2025-06-08,#N/A,#N/A,#N/A,false,false,Pipeline,Pipeline,true,false,0,#N/A,2,2021,false,false,false,false,#N/A,false,#N/A,false,#N/A,#N/A,false,#N/A
0bfcd7bb-53b6-4d60-80a8-8b7e19ccdb86,1b4f20e0-7e2c-4549-89af-b8d3914ab8cb,Vipe - Initial Sale,#N/A,Closed Lost,72395.0,0.0,2024-11-19,#N/A,#N/A,#N/A,true,false,Omitted,Omitted,true,false,0,#N/A,4,2020,false,false,false,false,#N/A,false,#N/A,false,#N/A,#N/A,false,#N/A
a17551e8-7399-48ff-b7db-b8dbdefdea2c,d26c9074-769f-4dd3-b822-08762ec5f435,Digitube - Cross-sell,#N/A,Proposal/Price Quote,18050.0,75.0,2025-06-18,#N/A,#N/A,#N/A,false,false,Pipeline,Pipeline,true,false,0,#N/A,2,2021,false,false,false,false,#N/A,false,#N/A,false,#N/A,#N/A,false,#N/A
734f18d0-fac6-496b-8ff1-4a2520220db9,b411ef6e-3022-43ee-b553-40d3ff2e8b85,Dazzlesphere - Secondary Sale,#N/A,Closed Won,32395.00000002,100.0,2025-04-04,#N/A,#N/A,#N/A,true,true,Closed,Closed,true,false,0,#N/A,1,2021,false,false,false,false,#N/A,false,#N/A,false,#N/A,#N/A,false,#N/A
60f56b28-f1c1-4449-b2cb-e6686575dc78,01344150-6523-4ab5-a6bd-5f4f4994885f,Kamba - Additional Sale,#N/A,Value Proposition,34995.0,50.0,2025-04-14,#N/A,#N/A,#N/A,false,false,Pipeline,Pipeline,true,false,0,#N/A,1,2021,false,false,false,false,#N/A,false,#N/A,false,#N/A,#N/A,false,#N/A
9682fde3-c0ce-47c0-908b-80e73516ece7,1c9016e4-816b-4e62-a1b0-c1f5c8fa1188,Voomm - Additional Sale,#N/A,Closed Won,29995.0,100.0,2025-01-20,#N/A,#N/A,#N/A,true,true,Closed,Closed,true,false,0,#N/A,4,2020,false,false,false,false,#N/A,false,#N/A,false,#N/A,#N/A,false,#N/A
38956575-1ce0-4436-a6c0-70a917bb6e09,0983f854-45ad-4c2e-a205-63920f102444,Tavu - Cross-sell,#N/A,Proposal/Price Quote,11550.0,75.0,2025-06-18,#N/A,#N/A,#N/A,false,false,Pipeline,Pipeline,true,false,0,#N/A,2,2021,false,false,false,false,#N/A,false,#N/A,false,#N/A,#N/A,false,#N/A
a7486ae8-c8c8-4ed9-a45b-b31887ae99de,af8d1a59-ad75-4b1b-9818-efc4c2e19b8f,Gabtype - Secondary Sale,#N/A,Closed Won,32395.00000002,100.0,2025-06-02,#N/A,#N/A,#N/A,true,true,Closed,Closed,true,false,0,#N/A,2,2021,false,false,false,false,#N/A,false,#N/A,false,#N/A,#N/A,false,#N/A
45376bb8-66a0-4db3-8517-cd27d0483a07,ec932bc1-25e3-4572-845a-5c2262116a17,Dynava - Upsell,#N/A,Value Proposition,100082.0,50.0,2025-08-08,#N/A,#N/A,#N/A,false,false,Pipeline,Pipeline,true,false,0,#N/A,3,2021,false,false,false,false,#N/A,false,#N/A,false,#N/A,#N/A,false,#N/A
7cba0dcd-3c61-4336-acaf-b08cc214f262,d9104446-70d4-463d-ae1e-3485b7a6fa74,Rhynyx - Additional Sale,#N/A,Negotiation/Review,34995.0,90.0,2025-04-07,#N/A,#N/A,#N/A,false,false,Pipeline,Pipeline,false,false,0,#N/A,1,2021,false,false,false,false,#N/A,false,#N/A,false,#N/A,#N/A,false,#N/A
48919971-82fb-401d-9fb7-a57420e92c53,b411ef6e-3022-43ee-b553-40d3ff2e8b85,Dazzlesphere - Initial Sale,#N/A,Prospecting,73995.0,10.0,2025-06-10,#N/A,#N/A,#N/A,false,false,Pipeline,Pipeline,true,false,0,#N/A,2,2021,false,false,false,false,#N/A,false,#N/A,false,#N/A,#N/A,false,#N/A
82f0d86b-ddf9-44d6-96ba-c8644ff382b5,e555c464-726d-429a-b793-02b41a502538,Livefish - Secondary Sale,#N/A,Closed Won,32395.00000002,100.0,2025-04-04,#N/A,#N/A,#N/A,true,true,Closed,Closed,true,false,0,#N/A,1,2021,false,false,false,false,#N/A,false,#N/A,false,#N/A,#N/A,false,#N/A
bb2934fe-a185-4f76-ba45-0a6e2d375e33,4b80d5c3-49f6-48da-83f2-8ba3d7b52d80,Yamia - Additional Sale,#N/A,Closed Won,29995.0,100.0,2025-01-20,#N/A,#N/A,#N/A,true,true,Closed,Closed,true,false,0,#N/A,4,2020,false,false,false,false,#N/A,false,#N/A,false,#N/A,#N/A,false,#N/A
9c8cf4ba-77eb-4832-904d-af48635220d3,20c03afe-1d26-4cb2-af84-c989196cf6ab,Fizzly Products,#N/A,Prospecting,#N/A,10.0,2033-04-07,#N/A,#N/A,#N/A,false,false,Pipeline,Pipeline,false,false,0,#N/A,1,2029,false,false,false,false,#N/A,false,#N/A,false,#N/A,#N/A,false,#N/A
0800e575-2f12-4474-9949-ac353e00da08,9e1650cb-2855-4a0d-a897-d0fc6f5cb30a,Oodoo - Additional Sale,#N/A,Closed Won,29995.0,100.0,2025-01-20,#N/A,#N/A,#N/A,true,true,Closed,Closed,true,false,0,#N/A,4,2020,false,false,false,false,#N/A,false,#N/A,false,#N/A,#N/A,false,#N/A
edae9977-144e-4f24-a380-bba470fc6593,269f82ea-422b-48a2-bc48-586d44eca005,Yakidoo - Additional Sale,#N/A,Closed Won,72395.0,100.0,2023-12-06,#N/A,#N/A,#N/A,true,true,Closed,Closed,true,false,0,#N/A,4,2019,false,false,false,false,#N/A,false,#N/A,false,#N/A,#N/A,false,#N/A
d9693f1c-2750-42af-b443-4b9205f1d24e,4adaaf8f-2211-4fde-a9f3-90aa2beda6b2,Babbleopia - Upsell,#N/A,Qualification,75000.0,10.0,2025-08-08,#N/A,#N/A,#N/A,false,false,Pipeline,Pipeline,true,false,0,#N/A,3,2021,false,false,false,false,#N/A,false,#N/A,false,#N/A,#N/A,false,#N/A
6dcbfe10-8432-4a3e-bc0a-085e2e5fb122,aeb8d549-4aaf-45c9-bd83-ba0ccb3cce35,Topicstorm - Additional Sale,#N/A,Needs Analysis,34995.0,20.0,2025-04-24,#N/A,#N/A,#N/A,false,false,Pipeline,Pipeline,true,false,0,#N/A,2,2021,false,false,false,false,#N/A,false,#N/A,false,#N/A,#N/A,false,#N/A
60604ae8-1bfe-403a-8bdb-67b38b1873e6,551d24c8-f10f-47a2-9f23-ea48b275ff48,Shuffletag - Secondary Sale,#N/A,Closed Won,32395.00000002,100.0,2025-04-04,#N/A,#N/A,#N/A,true,true,Closed,Closed,true,false,0,#N/A,1,2021,false,false,false,false,#N/A,false,#N/A,false,#N/A,#N/A,false,#N/A
328b7ed3-b8b0-4706-8322-ddb53e6f2959,60135a75-1be6-4d4c-a56d-f11b48cf1a8d,Kwideo - Cross-sell,#N/A,Proposal/Price Quote,11550.0,75.0,2025-06-18,#N/A,#N/A,#N/A,false,false,Pipeline,Pipeline,true,false,0,#N/A,2,2021,false,false,false,false,#N/A,false,#N/A,false,#N/A,#N/A,false,#N/A
d7d24105-70fb-47f4-990f-5157c54d1e91,d8b37903-170a-46f1-a891-24eb1dafc178,Noba - Cross-sell,#N/A,Proposal/Price Quote,18050.0,75.0,2025-06-18,Existing Business,#N/A,#N/A,false,false,Pipeline,Pipeline,true,false,0,#N/A,2,2021,false,false,false,false,#N/A,false,#N/A,false,#N/A,#N/A,false,#N/A
9da7e3aa-0e9f-400c-8e8b-44bd08be5ac9,ec1db4a3-33fa-446f-a7aa-4dfca9d8017d,Skaboo - Cross-sell,#N/A,Proposal/Price Quote,11250.0,75.0,2025-06-18,#N/A,#N/A,#N/A,false,false,Pipeline,Pipeline,true,false,0,#N/A,2,2021,false,false,false,false,#N/A,false,#N/A,false,#N/A,#N/A,false,#N/A
55c35555-51d7-4160-b55c-c86189f9c684,65c49a71-2fcd-438b-9c70-afeb68e149a2,Zoonoodle - Cross-sell,#N/A,Proposal/Price Quote,18350.0,75.0,2025-06-18,#N/A,#N/A,#N/A,false,false,Pipeline,Pipeline,true,false,0,#N/A,2,2021,false,false,false,false,#N/A,false,#N/A,false,#N/A,#N/A,false,#N/A
3c32035d-2a86-4537-8afc-90c8bb0355af,d25f9e87-c125-482b-93bb-ce34d731180f,Tazz -SOW 3,#N/A,Needs Analysis,72395.0,20.0,2025-06-19,#N/A,#N/A,#N/A,false,false,Pipeline,Pipeline,true,false,0,#N/A,2,2021,false,false,false,false,#N/A,false,#N/A,false,#N/A,#N/A,false,#N/A
f699d88e-c723-47ae-be74-a28d6f2c0a08,ec1db4a3-33fa-446f-a7aa-4dfca9d8017d,Skaboo - Additional Sale,#N/A,Qualification,29995.0,10.0,2025-07-24,#N/A,#N/A,#N/A,false,false,Pipeline,Pipeline,true,false,0,#N/A,3,2021,false,false,false,false,#N/A,false,#N/A,false,#N/A,#N/A,false,#N/A
3e4756dd-a4e4-4d53-b9d8-2a4471e1edac,ec932bc1-25e3-4572-845a-5c2262116a17,Dynava - Cross-sell,#N/A,Proposal/Price Quote,18350.0,75.0,2025-06-18,#N/A,#N/A,#N/A,false,false,Pipeline,Pipeline,true,false,0,#N/A,2,2021,false,false,false,false,#N/A,false,#N/A,false,#N/A,#N/A,false,#N/A
794e2eab-be40-4e6b-be59-923c50542b0d,0231da6a-f192-45c1-90b5-d11ea138fd7b,Topicblabh-Sto Associates - Secondary Sale,#N/A,Closed Won,32395.00000002,100.0,2025-06-02,#N/A,#N/A,#N/A,true,true,Closed,Closed,true,false,0,#N/A,2,2021,false,false,false,false,#N/A,false,#N/A,false,#N/A,#N/A,false,#N/A
525d61da-b2d7-4487-a854-21adb19a70dd,fe83115d-1b24-4ca4-951f-9dbf397747e6,Plambee - Secondary Sale,#N/A,Closed Won,32395.00000002,100.0,2025-04-04,#N/A,#N/A,#N/A,true,true,Closed,Closed,true,false,0,#N/A,1,2021,false,false,false,false,#N/A,false,#N/A,false,#N/A,#N/A,false,#N/A
cf3e21ff-aceb-4fe4-b36a-cdf6758af079,79885fd4-1421-42ea-a120-91ac20fcb953,Gabcube - Cross-sell,#N/A,Proposal/Price Quote,11550.0,75.0,2025-06-18,#N/A,#N/A,#N/A,false,false,Pipeline,Pipeline,true,false,0,#N/A,2,2021,false,false,false,false,#N/A,false,#N/A,false,#N/A,#N/A,false,#N/A
91c6c316-e033-4b60-8650-871933178646,821fe8c7-12dc-44e2-86e9-f621f3088d0b,Twinder - Initial Sale,#N/A,Closed Lost,72395.0,0.0,2024-11-19,#N/A,#N/A,#N/A,true,false,Omitted,Omitted,true,false,0,#N/A,4,2020,false,false,false,false,#N/A,false,#N/A,false,#N/A,#N/A,false,#N/A
315c166b-388b-47ee-935a-5821e271f499,1562ae0b-10ff-48c4-aadc-8994d1e273ae,Mynte - Upsell,#N/A,Qualification,75000.0,10.0,2025-08-08,#N/A,#N/A,#N/A,false,false,Pipeline,Pipeline,true,false,0,#N/A,3,2021,false,false,false,false,#N/A,false,#N/A,false,#N/A,#N/A,false,#N/A
32902c12-653d-4b1e-af06-1aba51b77254,0bbebd9e-980f-4489-bb4b-cd92c88314a3,Pixonyx - Cross-sell,#N/A,Proposal/Price Quote,18350.0,75.0,2025-06-18,#N/A,#N/A,#N/A,false,false,Pipeline,Pipeline,true,false,0,#N/A,2,2021,false,false,false,false,#N/A,false,#N/A,false,#N/A,#N/A,false,#N/A
17e84afe-c1f3-4e9f-a09b-c271425458e1,e8b1df73-2693-4997-b345-adf992fbb341,Zazio - Cross-sell,#N/A,Proposal/Price Quote,18050.0,75.0,2025-06-18,#N/A,#N/A,#N/A,false,false,Pipeline,Pipeline,true,false,0,#N/A,2,2021,false,false,false,false,#N/A,false,#N/A,false,#N/A,#N/A,false,#N/A
c85a480a-de2d-4d4a-8898-c7b5449f9fc1,d731c096-ead3-472a-a729-b3b396f91530,Meeveo - Initial Sale,#N/A,Prospecting,72395.0,10.0,2025-06-10,#N/A,#N/A,#N/A,false,false,Pipeline,Pipeline,true,false,0,#N/A,2,2021,false,false,false,false,#N/A,false,#N/A,false,#N/A,#N/A,false,#N/A
ee4156c3-c2bd-4fff-902c-8293c2663da9,73729ff8-9a1a-45f3-bd8c-493be8b824c1,Skyvu - Additional Sale,Some people like putting there notes into these long description fields to describe the deal. This can be unruly in a grid and out-of-box Salesforce doesn't even allow Long Notes fields to be displayed in a grid.,Closed Won,29995.0,100.0,2024-12-05,#N/A,Call to check on Quote,#N/A,true,true,Closed,Closed,true,false,0,#N/A,4,2020,false,false,false,false,#N/A,false,#N/A,false,#N/A,#N/A,false,#N/A
c48dce08-237f-44d9-ab78-fb74813ddf77,39ca738a-3930-4a69-a083-9baebe0bd47e,Gigaclub - Initial Sale,#N/A,Prospecting,72395.0,10.0,2025-06-10,#N/A,#N/A,#N/A,false,false,Pipeline,Pipeline,true,false,0,#N/A,2,2021,false,false,false,false,#N/A,false,#N/A,false,#N/A,#N/A,false,#N/A
e8f0e8f2-3bac-4fc5-923a-51a22ac2c2ad,c0d8f6b6-44a7-40f9-a219-ddba28b10ecc,Oloo - Cross-sell,#N/A,Proposal/Price Quote,18050.0,75.0,2025-06-18,#N/A,#N/A,#N/A,false,false,Pipeline,Pipeline,true,false,0,#N/A,2,2021,false,false,false,false,#N/A,false,#N/A,false,#N/A,#N/A,false,#N/A
b92b5574-5a4a-4a09-892c-1312384248a4,551d24c8-f10f-47a2-9f23-ea48b275ff48,Shuffletag - Cross-sell,#N/A,Proposal/Price Quote,18050.0,75.0,2025-06-18,#N/A,#N/A,#N/A,false,false,Pipeline,Pipeline,true,false,0,#N/A,2,2021,false,false,false,false,#N/A,false,#N/A,false,#N/A,#N/A,false,#N/A
d29b17d4-ee4e-4316-8220-be247982fdc1,ec1db4a3-33fa-446f-a7aa-4dfca9d8017d,Skaboo - Secondary Sale,#N/A,Closed Won,32395.00000002,100.0,2025-04-04,#N/A,#N/A,#N/A,true,true,Closed,Closed,true,false,0,#N/A,1,2021,false,false,false,false,#N/A,false,#N/A,false,#N/A,#N/A,false,#N/A
86003090-e1eb-4776-a85d-40218e0db3a2,c0d8f6b6-44a7-40f9-a219-ddba28b10ecc,Oloo - SOW 1,#N/A,Needs Analysis,72395.0,20.0,2025-06-04,#N/A,#N/A,#N/A,false,false,Pipeline,Pipeline,true,false,0,#N/A,2,2021,false,false,false,false,#N/A,false,#N/A,false,#N/A,#N/A,false,#N/A
68bcc2d6-8ec9-4278-a1f5-4f3c6ae14b4e,3f1019f9-8981-40f5-a60f-3c5c43ec63da,Browsedrive - Cross-sell,#N/A,Proposal/Price Quote,11550.0,75.0,2025-06-18,#N/A,#N/A,#N/A,false,false,Pipeline,Pipeline,true,false,0,#N/A,2,2021,false,false,false,false,#N/A,false,#N/A,false,#N/A,#N/A,false,#N/A
3dd1aafb-8874-4271-b251-11b5e1428267,b491c743-48bf-492e-b0a6-6e7d3d442969,Browsetype - Additional Sale,#N/A,Value Proposition,34995.0,50.0,2025-03-16,#N/A,#N/A,#N/A,false,false,Pipeline,Pipeline,true,false,0,#N/A,1,2021,false,false,false,false,#N/A,false,#N/A,false,#N/A,#N/A,false,#N/A
496b5a00-f489-48ee-a523-00b23289266e,7fdede46-988b-4634-8b37-9392bb140aef,Omba - Secondary Sale,#N/A,Closed Won,32395.00000002,100.0,2025-06-02,#N/A,#N/A,#N/A,true,true,Closed,Closed,true,false,0,#N/A,2,2021,false,false,false,false,#N/A,false,#N/A,false,#N/A,#N/A,false,#N/A
d85ae73a-f3a0-4154-bfc4-5641f962501f,b18f660b-73bf-4e7e-8c43-3545c94f2a1b,Dynazzy - Secondary Sale,#N/A,Closed Won,32395.00000002,100.0,2025-04-04,#N/A,#N/A,#N/A,true,true,Closed,Closed,true,false,0,#N/A,1,2021,false,false,false,false,#N/A,false,#N/A,false,#N/A,#N/A,false,#N/A
f36571d3-17f7-46b4-ae5c-4c3932c8ffbd,deb2643f-e4b0-4a03-bbfd-99725a62a149,Blognation - Upsell,#N/A,Qualification,100082.0,10.0,2025-08-08,#N/A,#N/A,#N/A,false,false,Pipeline,Pipeline,true,false,0,#N/A,3,2021,false,false,false,false,#N/A,false,#N/A,false,#N/A,#N/A,false,#N/A
b4d55a64-7b29-4b15-89c9-ffdcf8bddec3,32e8f6f3-5748-4baf-8bda-c17fff24bb87,Fatz - Cross-sell,#N/A,Proposal/Price Quote,18050.0,75.0,2025-06-18,#N/A,#N/A,#N/A,false,false,Pipeline,Pipeline,true,false,0,#N/A,2,2021,false,false,false,false,#N/A,false,#N/A,false,#N/A,#N/A,false,#N/A
924e0512-33bf-47a2-a38d-265a67ab3092,32e8f6f3-5748-4baf-8bda-c17fff24bb87,Fatz - Additional Sale,#N/A,Closed Won,29995.0,100.0,2025-01-20,#N/A,#N/A,#N/A,true,true,Closed,Closed,true,false,0,#N/A,4,2020,false,false,false,false,#N/A,false,#N/A,false,#N/A,#N/A,false,#N/A
4f85b5f9-58a0-4655-8e07-e74e1fad233a,67426f85-bf8c-4abf-b75e-2c60defdf66c,Viva - Initial Sale,#N/A,Closed Lost,72395.0,0.0,2024-11-19,#N/A,#N/A,#N/A,true,false,Omitted,Omitted,true,false,0,#N/A,4,2020,false,false,false,false,#N/A,false,#N/A,false,#N/A,#N/A,false,#N/A
336f63c7-80f4-4342-92c9-d8d42be810eb,b8676e86-873e-41ee-b619-01b3a56c8f33,JumpXS - Cross-sell,#N/A,Proposal/Price Quote,34350.0,75.0,2025-04-18,#N/A,#N/A,#N/A,false,false,Pipeline,Pipeline,true,false,0,#N/A,1,2021,false,false,false,false,#N/A,false,#N/A,false,#N/A,#N/A,false,#N/A
54a98bae-85ca-4b39-bca2-c5c7d6589521,0b42366e-682c-4195-bfa4-2d3fcaef7c5c,Tazzy - Additional Sale,#N/A,Qualification,34995.0,10.0,2025-04-14,#N/A,#N/A,#N/A,false,false,Pipeline,Pipeline,true,false,0,#N/A,1,2021,false,false,false,false,#N/A,false,#N/A,false,#N/A,#N/A,false,#N/A
7f75f6cd-fe94-4714-b333-ba7cc119d156,67426f85-bf8c-4abf-b75e-2c60defdf66c,Viva - Upsell,#N/A,Qualification,75000.0,10.0,2025-08-08,#N/A,#N/A,#N/A,false,false,Pipeline,Pipeline,true,false,0,#N/A,3,2021,false,false,false,false,#N/A,false,#N/A,false,#N/A,#N/A,false,#N/A
ee1ee903-be57-4a7f-b4bb-4cb9194b9f14,95e92fce-4b5c-4931-a868-bba192e83b93,Fliptune - Initial Sale,#N/A,Closed Lost,72395.0,0.0,2024-11-19,#N/A,#N/A,#N/A,true,false,Omitted,Omitted,true,false,0,#N/A,4,2020,false,false,false,false,#N/A,false,#N/A,false,#N/A,#N/A,false,#N/A
84023489-13e0-4a65-ac09-631fd21dc902,d53be6fe-9499-48b8-aff2-fb8a854294fe,Kanoodle - Initial Sale,#N/A,Closed Lost,72395.0,0.0,2024-11-19,#N/A,#N/A,#N/A,true,false,Omitted,Omitted,true,false,0,#N/A,4,2020,false,false,false,false,#N/A,false,#N/A,false,#N/A,#N/A,false,#N/A
0b630ef8-7a69-4475-9fb8-d2481958be33,d023f5b9-1c83-466d-b922-630f7ec2dceb,Flipbug - Additional Sale,#N/A,Closed Won,72395.0,100.0,2023-12-06,#N/A,#N/A,#N/A,true,true,Closed,Closed,true,false,0,#N/A,4,2019,false,false,false,false,#N/A,false,#N/A,false,#N/A,#N/A,false,#N/A
1cf4daf0-481e-4413-b186-f35a30f1f7cb,e6b8eecb-c6a5-4a49-9a0b-608318fb1c89,Zoovu - Secondary Sale,#N/A,Closed Won,32395.00000002,100.0,2025-06-02,#N/A,#N/A,#N/A,true,true,Closed,Closed,true,false,0,#N/A,2,2021,false,false,false,false,#N/A,false,#N/A,false,#N/A,#N/A,false,#N/A
66c77715-15a6-475c-92e2-61ce035d4ab7,c9da821e-eb47-4e5f-ab4b-2d75ca27137b,Shufflester - Cross-sell,#N/A,Proposal/Price Quote,18350.0,75.0,2025-06-18,#N/A,#N/A,#N/A,false,false,Pipeline,Pipeline,true,false,0,#N/A,2,2021,false,false,false,false,#N/A,false,#N/A,false,#N/A,#N/A,false,#N/A
4422e623-6eed-472a-bf2c-05606e326053,29ca5f3e-f69b-43c5-96db-f0fcb2934ade,Centimia - Upsell,#N/A,Qualification,100082.0,10.0,2025-08-08,#N/A,#N/A,#N/A,false,false,Pipeline,Pipeline,true,false,0,#N/A,3,2021,false,false,false,false,#N/A,false,#N/A,false,#N/A,#N/A,false,#N/A
4badfaa0-73ee-4af4-8dcf-933f8be2f7e2,d25f9e87-c125-482b-93bb-ce34d731180f,Tazz - SOW 1,#N/A,Needs Analysis,25400.0,20.0,2025-06-04,#N/A,#N/A,#N/A,false,false,Pipeline,Pipeline,true,false,0,#N/A,2,2021,false,false,false,false,#N/A,false,#N/A,false,#N/A,#N/A,false,#N/A
67ec2670-2ea4-49da-8c32-b75d137abcf5,d76c61e6-6647-4252-942f-1e9ad16b1557,Edgepulse - Initial Sale,#N/A,Closed Lost,72395.0,0.0,2024-11-19,#N/A,#N/A,#N/A,true,false,Omitted,Omitted,true,false,0,#N/A,4,2020,false,false,false,false,#N/A,false,#N/A,false,#N/A,#N/A,false,#N/A
397ae932-9fb0-4943-aa9c-164ba40467d7,b18f2036-f373-4189-a9f3-2227c8ef8b7c,Acme - 200 Widgets,The deal is at 10% because they are at the sales process stage of evaluating just being converted from a lead.  No formal sales engagement has taken place yet.,Prospecting,20000.0,10.0,2023-02-23,Existing Business,Need estimate,Word of mouth,false,false,Pipeline,Pipeline,false,false,0,#N/A,4,2007,false,false,false,false,#N/A,false,#N/A,false,#N/A,#N/A,false,#N/A
d9b7b078-b745-4927-b767-0bd3ede6d5cf,d855bf74-e885-4ce8-82cc-3149e020b3cf,Jaxspan - Cross-sell,#N/A,Proposal/Price Quote,11250.0,75.0,2025-06-18,#N/A,#N/A,#N/A,false,false,Pipeline,Pipeline,true,false,0,#N/A,2,2021,false,false,false,false,#N/A,false,#N/A,false,#N/A,#N/A,false,#N/A
dbb936bb-86bb-4b8d-be98-ced220332487,194a8c6e-181d-40bb-84ff-36775a792b3d,Feedbug - Upsell,#N/A,Qualification,100082.0,10.0,2025-08-08,#N/A,#N/A,#N/A,false,false,Pipeline,Pipeline,true,false,0,#N/A,3,2021,false,false,false,false,#N/A,false,#N/A,false,#N/A,#N/A,false,#N/A
ccf43966-8387-4d97-9e26-a9958ebace35,9b63c39c-860e-49d1-b10c-555d25dca149,Eazzy - Secondary Sale,#N/A,Closed Won,32395.00000002,100.0,2025-04-04,#N/A,#N/A,#N/A,true,true,Closed,Closed,true,false,0,#N/A,1,2021,false,false,false,false,#N/A,false,#N/A,false,#N/A,#N/A,false,#N/A
f39d6707-987d-48b2-9f67-34cf9d566157,1c9016e4-816b-4e62-a1b0-c1f5c8fa1188,Voomm - Upsell,#N/A,Qualification,100082.0,10.0,2025-08-08,#N/A,#N/A,#N/A,false,false,Pipeline,Pipeline,true,false,0,#N/A,3,2021,false,false,false,false,#N/A,false,#N/A,false,#N/A,#N/A,false,#N/A
2b4af488-ecf2-4953-a090-43830037eb3f,38bf9300-9c15-4194-be3f-40a09810853a,Oozz - Cross-sell,#N/A,Proposal/Price Quote,18050.0,75.0,2025-06-18,#N/A,#N/A,#N/A,false,false,Pipeline,Pipeline,true,false,0,#N/A,2,2021,false,false,false,false,#N/A,false,#N/A,false,#N/A,#N/A,false,#N/A
c2ed2481-c3f4-4d03-81a0-8e83d07a9731,af271580-40f5-4d49-b1ea-03b49850606f,Meejo - Upsell,#N/A,Qualification,75000.0,10.0,2025-07-24,#N/A,#N/A,#N/A,false,false,Pipeline,Pipeline,true,false,0,#N/A,3,2021,false,false,false,false,#N/A,false,#N/A,false,#N/A,#N/A,false,#N/A
34a7e26b-dbcf-475b-b1e8-c5b80b64d368,687ec0e4-c6b9-4e70-a0f4-f1094656bbb6,Edgeclub - Cross-sell,#N/A,Proposal/Price Quote,18350.0,75.0,2025-06-18,#N/A,#N/A,#N/A,false,false,Pipeline,Pipeline,true,false,0,#N/A,2,2021,false,false,false,false,#N/A,false,#N/A,false,#N/A,#N/A,false,#N/A
88acc084-0691-40f3-8517-5277ee5d8920,d76c61e6-6647-4252-942f-1e9ad16b1557,Edgepulse - Secondary Sale,#N/A,Closed Won,32395.00000002,100.0,2025-04-04,#N/A,#N/A,#N/A,true,true,Closed,Closed,true,false,0,#N/A,1,2021,false,false,false,false,#N/A,false,#N/A,false,#N/A,#N/A,false,#N/A
c4b9072f-b944-4b1c-97d2-657006586862,c0d8f6b6-44a7-40f9-a219-ddba28b10ecc,Oloo - SOW 2,#N/A,Needs Analysis,72395.0,20.0,2025-06-04,#N/A,#N/A,#N/A,false,false,Pipeline,Pipeline,true,false,0,#N/A,2,2021,false,false,false,false,#N/A,false,#N/A,false,#N/A,#N/A,false,#N/A
6c1afd35-b969-43d8-ab69-7044cf646405,e9e56bd1-faa0-4ccf-a7e8-de78485381d1,Dynabox - Secondary Sale,#N/A,Closed Won,32395.00000002,100.0,2025-04-04,#N/A,#N/A,#N/A,true,true,Closed,Closed,true,false,0,#N/A,1,2021,false,false,false,false,#N/A,false,#N/A,false,#N/A,#N/A,false,#N/A
93e63f49-25ac-420b-92f7-587cbfe3bcae,42d553ae-1574-4824-853c-1962fa336861,Kazu - Cross-sell,#N/A,Proposal/Price Quote,18350.0,75.0,2025-06-18,#N/A,#N/A,#N/A,false,false,Pipeline,Pipeline,true,false,0,#N/A,2,2021,false,false,false,false,#N/A,false,#N/A,false,#N/A,#N/A,false,#N/A
9b00ab17-6450-49aa-bfd7-f4ececa90dd9,61838829-a9b7-4f28-86cc-0de1448b0912,Dabfeed - Cross-sell,#N/A,Proposal/Price Quote,11250.0,75.0,2025-06-18,#N/A,#N/A,#N/A,false,false,Pipeline,Pipeline,true,false,0,#N/A,2,2021,false,false,false,false,#N/A,false,#N/A,false,#N/A,#N/A,false,#N/A
79f8623c-395c-48e2-8814-43ccea55c7dc,d8b37903-170a-46f1-a891-24eb1dafc178,Noba - Initial Sale,#N/A,Closed Lost,72395.0,0.0,2024-11-19,#N/A,#N/A,#N/A,true,false,Omitted,Omitted,true,false,0,#N/A,4,2020,false,false,false,false,#N/A,false,#N/A,false,#N/A,#N/A,false,#N/A
4bbb1b48-c2f5-45bb-96b0-20ba28ae8dda,7fdede46-988b-4634-8b37-9392bb140aef,Omba - Upsell,#N/A,Qualification,75000.0,10.0,2025-08-08,#N/A,#N/A,#N/A,false,false,Pipeline,Pipeline,true,false,0,#N/A,3,2021,false,false,false,false,#N/A,false,#N/A,false,#N/A,#N/A,false,#N/A
0a75df1c-b68e-4e0f-a9fe-2717f3f31547,d26c9074-769f-4dd3-b822-08762ec5f435,Digitube - Additional Sale,#N/A,Closed Won,29995.0,100.0,2025-01-20,#N/A,#N/A,#N/A,true,true,Closed,Closed,true,false,0,#N/A,4,2020,false,false,false,false,#N/A,false,#N/A,false,#N/A,#N/A,false,#N/A
0f872866-61a3-4c1d-9741-bf5bcaaa359f,b18f660b-73bf-4e7e-8c43-3545c94f2a1b,Dynazzy - New Sale,#N/A,Negotiation/Review,#N/A,90.0,2025-07-05,#N/A,#N/A,#N/A,false,false,Pipeline,Pipeline,false,false,0,#N/A,2,2021,false,false,false,false,#N/A,false,#N/A,false,#N/A,#N/A,false,#N/A
c7356940-760a-4931-b33f-635b1363d715,20284815-0924-4bf1-8ad5-42311d6ade31,Skinte - Additional Sale,#N/A,Value Proposition,34995.0,50.0,2025-04-07,#N/A,#N/A,#N/A,false,false,Pipeline,Pipeline,true,false,0,#N/A,1,2021,false,false,false,false,#N/A,false,#N/A,false,#N/A,#N/A,false,#N/A
f6619bae-9415-416c-a35b-8480c824e1d0,957363ed-f7e7-4432-a639-c868929084aa,Twiyo - Upsell,#N/A,Qualification,100082.0,10.0,2025-06-08,#N/A,#N/A,#N/A,false,false,Pipeline,Pipeline,true,false,0,#N/A,2,2021,false,false,false,false,#N/A,false,#N/A,false,#N/A,#N/A,false,#N/A
438aba65-c13a-4a3d-98c2-2d29004a3123,ab7ee815-3a11-44cc-b064-55d63536825e,Yakitrit-Germain Hospital - Cross-sell,#N/A,Proposal/Price Quote,18050.0,75.0,2025-06-18,#N/A,#N/A,#N/A,false,false,Pipeline,Pipeline,true,false,0,#N/A,2,2021,false,false,false,false,#N/A,false,#N/A,false,#N/A,#N/A,false,#N/A
0f9708de-8980-4505-8983-14c8b3ff4471,366f30ac-06fa-4d07-bd6a-526f628d72f9,Roomm - Additional Sale,#N/A,Closed Won,29995.0,100.0,2025-01-20,#N/A,#N/A,#N/A,true,true,Closed,Closed,true,false,0,#N/A,4,2020,false,false,false,false,#N/A,false,#N/A,false,#N/A,#N/A,false,#N/A
60fd3cc3-7513-4593-bf42-9cfe7b2c17d1,b18f2036-f373-4189-a9f3-2227c8ef8b7c,"Acme - 1,200 Widgets",The deal is at  50% because they are at the sales process stage of evaluating our ROI justification.,Value Proposition,140000.0,50.0,2022-10-25,Existing Business,Need estimate,Trade Show,false,false,Pipeline,Pipeline,false,false,0,#N/A,2,2007,false,false,false,false,#N/A,false,#N/A,false,#N/A,#N/A,false,#N/A
c9e15958-b8cc-4b23-b876-639927182630,58fcb992-01d9-44fc-af97-1bdec9cada6b,Bluejam - Upsell,#N/A,Qualification,75000.0,10.0,2025-08-08,#N/A,#N/A,#N/A,false,false,Pipeline,Pipeline,true,false,0,#N/A,3,2021,false,false,false,false,#N/A,false,#N/A,false,#N/A,#N/A,false,#N/A
aff0a2b8-5834-4842-b74d-68389ba5a12a,1a26b41c-d212-44be-956a-5064237bc0a1,Buzzbean - Secondary Sale,#N/A,Closed Won,32395.00000002,100.0,2025-04-04,#N/A,#N/A,#N/A,true,true,Closed,Closed,true,false,0,#N/A,1,2021,false,false,false,false,#N/A,false,#N/A,false,#N/A,#N/A,false,#N/A
e0a2c2c6-a0d1-4afc-b3f5-082b5bdc2463,bad389f6-e263-4c09-bfb4-0d16f88c1b41,Thoughtworks - Cross-sell,#N/A,Proposal/Price Quote,11250.0,75.0,2025-06-18,#N/A,#N/A,#N/A,false,false,Pipeline,Pipeline,true,false,0,#N/A,2,2021,false,false,false,false,#N/A,false,#N/A,false,#N/A,#N/A,false,#N/A
db7e5d1f-5758-4685-b9c4-5f0d7a9e3ceb,67426f85-bf8c-4abf-b75e-2c60defdf66c,Viva - Secondary Sale,#N/A,Closed Won,32395.00000002,100.0,2025-04-04,#N/A,#N/A,#N/A,true,true,Closed,Closed,true,false,0,#N/A,1,2021,false,false,false,false,#N/A,false,#N/A,false,#N/A,#N/A,false,#N/A
8da0d23e-5a5d-4d0f-b530-fa5c522f53cb,ec4fe2b0-83be-4a18-8a3b-0262fd09ea76,Jabberstorm - Initial Sale,#N/A,Prospecting,72395.0,10.0,2025-06-10,#N/A,#N/A,#N/A,false,false,Pipeline,Pipeline,true,false,0,#N/A,2,2021,false,false,false,false,#N/A,false,#N/A,false,#N/A,#N/A,false,#N/A
237686c3-5200-490f-bdf3-5d475fe6e85a,008b1ced-108a-461f-ad47-c2951a7a99f8,Realfire - Cross-sell,#N/A,Proposal/Price Quote,34350.0,75.0,2025-06-18,#N/A,#N/A,#N/A,false,false,Pipeline,Pipeline,true,false,0,#N/A,2,2021,false,false,false,false,#N/A,false,#N/A,false,#N/A,#N/A,false,#N/A
44007513-2b64-41f0-a571-a6d2835391c8,687ec0e4-c6b9-4e70-a0f4-f1094656bbb6,Edgeclub - Additional Sale,#N/A,Value Proposition,34995.0,50.0,2025-04-07,#N/A,#N/A,#N/A,false,false,Pipeline,Pipeline,true,false,0,#N/A,1,2021,false,false,false,false,#N/A,false,#N/A,false,#N/A,#N/A,false,#N/A
55c71f46-3a6f-43b0-8ccf-6309e7af83d2,39ca738a-3930-4a69-a083-9baebe0bd47e,Gigaclub - Cross-sell,#N/A,Proposal/Price Quote,11250.0,75.0,2025-06-18,#N/A,#N/A,#N/A,false,false,Pipeline,Pipeline,true,false,0,#N/A,2,2021,false,false,false,false,#N/A,false,#N/A,false,#N/A,#N/A,false,#N/A
12bad208-6f3f-46a5-99ec-b84fc905e01f,39a37eb5-2b43-45df-b870-c05664e05692,Kwimbee - Initial Sale,#N/A,Prospecting,74395.0,10.0,2025-06-10,#N/A,#N/A,#N/A,false,false,Pipeline,Pipeline,true,false,0,#N/A,2,2021,false,false,false,false,#N/A,false,#N/A,false,#N/A,#N/A,false,#N/A
5014a709-8833-45f8-90a9-f4af196f974f,665a4387-ede2-4ce4-a726-000ff3d2d922,Eidelr-Ashpool - Cross-sell,#N/A,Proposal/Price Quote,11250.0,75.0,2025-06-18,#N/A,#N/A,#N/A,false,false,Pipeline,Pipeline,true,false,0,#N/A,2,2021,false,false,false,false,#N/A,false,#N/A,false,#N/A,#N/A,false,#N/A
5faccde0-6b85-4b40-b9a3-596539dde313,b491c743-48bf-492e-b0a6-6e7d3d442969,Browsetype - Cross-sell,#N/A,Proposal/Price Quote,18050.0,75.0,2025-06-18,#N/A,#N/A,#N/A,false,false,Pipeline,Pipeline,true,false,0,#N/A,2,2021,false,false,false,false,#N/A,false,#N/A,false,#N/A,#N/A,false,#N/A
dadd84bb-e8d8-4a56-9318-35b3a61360a1,51a12852-b282-4490-b9dd-bf2285c93137,DabZ - Initial Sale,#N/A,Closed Lost,72395.0,0.0,2024-11-19,#N/A,#N/A,#N/A,true,false,Omitted,Omitted,true,false,0,#N/A,4,2020,false,false,false,false,#N/A,false,#N/A,false,#N/A,#N/A,false,#N/A
2b7b87e6-c3b9-4df6-b0fb-c125873d4ec4,71741663-e680-4352-8de9-d7f0fad54026,Topicshots - Cross-sell,#N/A,Proposal/Price Quote,18350.0,75.0,2025-06-18,#N/A,#N/A,#N/A,false,false,Pipeline,Pipeline,true,false,0,#N/A,2,2021,false,false,false,false,#N/A,false,#N/A,false,#N/A,#N/A,false,#N/A
4e70fb32-9d8a-48cc-8757-15dd8587a93b,3f1019f9-8981-40f5-a60f-3c5c43ec63da,Browsedrive - Initial Sale,#N/A,Needs Analysis,72395.0,20.0,2025-06-10,#N/A,#N/A,#N/A,false,false,Pipeline,Pipeline,true,false,0,#N/A,2,2021,false,false,false,false,#N/A,false,#N/A,false,#N/A,#N/A,false,#N/A
baa77ed7-9431-4650-9051-d88696d5ee15,14232913-25fb-45b0-9545-dc09cf9efc49,Quinu - Cross-sell,#N/A,Proposal/Price Quote,18050.0,75.0,2025-06-18,#N/A,#N/A,#N/A,false,false,Pipeline,Pipeline,true,false,0,#N/A,2,2021,false,false,false,false,#N/A,false,#N/A,false,#N/A,#N/A,false,#N/A
871f038d-39a8-4c2d-92b7-189fa06947e3,51b706db-46cb-4f9e-88c2-0ff80ad8062f,Kimia - Initial Sale,#N/A,Closed Lost,72395.0,0.0,2024-11-04,#N/A,#N/A,#N/A,true,false,Omitted,Omitted,true,false,0,#N/A,4,2020,false,false,false,false,#N/A,false,#N/A,false,#N/A,#N/A,false,#N/A
928364e5-4c80-46d5-808d-ba96cea3e73e,f0f01eb2-48d1-4867-a224-ac73e887e68e,Jaxworks - Cross-sell,#N/A,Proposal/Price Quote,18350.0,75.0,2025-05-04,#N/A,#N/A,#N/A,false,false,Pipeline,Pipeline,true,false,0,#N/A,2,2021,false,false,false,false,#N/A,false,#N/A,false,#N/A,#N/A,false,#N/A
40d7e471-564a-4e8c-9b65-b05a849a2059,082acf9c-8891-420c-a3fd-66f6c6097e3c,Quire - Upsell,#N/A,Qualification,75000.0,10.0,2025-08-08,#N/A,#N/A,#N/A,false,false,Pipeline,Pipeline,true,false,0,#N/A,3,2021,false,false,false,false,#N/A,false,#N/A,false,#N/A,#N/A,false,#N/A
b995da18-1a9d-45cc-bd4e-1eb0c36edb4f,b411ef6e-3022-43ee-b553-40d3ff2e8b85,Dazzlesphere - Cross-sell,#N/A,Proposal/Price Quote,18350.0,75.0,2025-06-18,#N/A,#N/A,#N/A,false,false,Pipeline,Pipeline,true,false,0,#N/A,2,2021,false,false,false,false,#N/A,false,#N/A,false,#N/A,#N/A,false,#N/A
e6b1f99c-9288-455b-b72b-13c4e0763935,a83fe1c6-0c86-4ba1-8db3-9603508e114a,Aivee - Cross-sell,#N/A,Proposal/Price Quote,11550.0,75.0,2025-06-18,#N/A,#N/A,#N/A,false,false,Pipeline,Pipeline,true,false,0,#N/A,2,2021,false,false,false,false,#N/A,false,#N/A,false,#N/A,#N/A,false,#N/A
6fc0047f-6bc6-47e8-81f3-9d2f3a6ec4ef,2aaa3f1b-0810-40c9-a48e-691cc50d9dac,Fiveclub - Secondary Sale,#N/A,Closed Won,32395.00000002,100.0,2025-04-04,#N/A,#N/A,#N/A,true,true,Closed,Closed,true,false,0,#N/A,1,2021,false,false,false,false,#N/A,false,#N/A,false,#N/A,#N/A,false,#N/A
d4d93c1f-2cab-4006-a968-eb440848cc1e,838737cb-ca38-4df7-892f-df722e0f1e7b,Fanoodle - Upsell,#N/A,Qualification,75000.0,10.0,2025-08-08,#N/A,#N/A,#N/A,false,false,Pipeline,Pipeline,true,false,0,#N/A,3,2021,false,false,false,false,#N/A,false,#N/A,false,#N/A,#N/A,false,#N/A
9c0c1ff1-e7d3-42a0-898a-f15dcb7fbf59,484d572f-f176-4951-8005-44fc815f8edf,Skyba - Cross-sell,#N/A,Proposal/Price Quote,18350.0,75.0,2025-06-18,#N/A,#N/A,#N/A,false,false,Pipeline,Pipeline,true,false,0,#N/A,2,2021,false,false,false,false,#N/A,false,#N/A,false,#N/A,#N/A,false,#N/A
260fbef4-f04e-45e0-be5d-e97bbee1e2a7,b09060e7-20a3-4d9f-9123-ffb1a3dfd34a,Buzzshare - Upsell,#N/A,Qualification,100082.0,10.0,2025-08-08,#N/A,#N/A,#N/A,false,false,Pipeline,Pipeline,true,false,0,#N/A,3,2021,false,false,false,false,#N/A,false,#N/A,false,#N/A,#N/A,false,#N/A
2c7c8b6b-baf1-43e4-9335-211bd2dae332,b18f660b-73bf-4e7e-8c43-3545c94f2a1b,Dynazzy - Upsell,#N/A,Qualification,100082.0,10.0,2025-08-08,#N/A,#N/A,#N/A,false,false,Pipeline,Pipeline,true,false,0,#N/A,3,2021,false,false,false,false,#N/A,false,#N/A,false,#N/A,#N/A,false,#N/A
4ab69736-353e-4346-b07b-5d579bcb020c,a757a03e-2ada-4533-ad05-fd33f887c8bb,Global Media - 400 Widgets,The deal is at 60% because they are still at the sales process stage of getting buy-in from the key decision makers.,Id. Decision Makers,40000.0,60.0,2022-11-23,New Business,#N/A,Partner,false,false,Pipeline,Pipeline,false,false,0,#N/A,3,2007,false,false,false,false,#N/A,false,#N/A,false,#N/A,#N/A,false,#N/A
d153fdaa-ac66-4907-83f3-34444136f403,d76c61e6-6647-4252-942f-1e9ad16b1557,Edgepulse - Additional Sale,#N/A,Qualification,72395.0,10.0,2025-03-04,#N/A,#N/A,#N/A,false,false,Pipeline,Pipeline,true,false,0,#N/A,1,2021,false,false,false,false,#N/A,false,#N/A,false,#N/A,#N/A,false,#N/A
ae5f8a81-3571-4780-ba93-41b0a419804c,0bbebd9e-980f-4489-bb4b-cd92c88314a3,Pixonyx - Upsell,#N/A,Qualification,100082.0,10.0,2025-08-08,#N/A,#N/A,#N/A,false,false,Pipeline,Pipeline,true,false,0,#N/A,3,2021,false,false,false,false,#N/A,false,#N/A,false,#N/A,#N/A,false,#N/A
efd65d18-4118-4e03-843c-3bb7e2ec536b,f048b26f-43df-4442-922a-f0f648d7051d,Uidoo - Upsell,#N/A,Qualification,100082.0,10.0,2025-08-08,#N/A,#N/A,#N/A,false,false,Pipeline,Pipeline,true,false,0,#N/A,3,2021,false,false,false,false,#N/A,false,#N/A,false,#N/A,#N/A,false,#N/A
dc2dea0e-b308-4300-988d-7ab1f3bca717,42d553ae-1574-4824-853c-1962fa336861,Kazu - Additional Sale,#N/A,Closed Won,29995.0,100.0,2025-01-20,#N/A,#N/A,#N/A,true,true,Closed,Closed,true,false,0,#N/A,4,2020,false,false,false,false,#N/A,false,#N/A,false,#N/A,#N/A,false,#N/A
77acce02-faa7-4d18-84ba-7ae6e204c83b,1243404d-ee73-4286-94cd-8d6a57821109,Podcat - Secondary Sale,#N/A,Closed Won,32395.00000002,100.0,2025-06-02,#N/A,#N/A,#N/A,true,true,Closed,Closed,true,false,0,#N/A,2,2021,false,false,false,false,#N/A,false,#N/A,false,#N/A,#N/A,false,#N/A
6b93aa4e-d23a-4b55-81b2-b8ba01fe1f0f,6320c506-ff02-4baf-8f16-c6a8a19f8565,Oyoba - Secondary Sale,#N/A,Closed Won,32395.00000002,100.0,2025-06-02,#N/A,#N/A,#N/A,true,true,Closed,Closed,true,false,0,#N/A,2,2021,false,false,false,false,#N/A,false,#N/A,false,#N/A,#N/A,false,#N/A
d134eaa5-b97e-45a6-8d19-b97ce9bef5e5,29ca5f3e-f69b-43c5-96db-f0fcb2934ade,Centimia - Additional Sale,#N/A,Closed Won,29995.0,100.0,2025-01-20,#N/A,#N/A,#N/A,true,true,Closed,Closed,true,false,0,#N/A,4,2020,false,false,false,false,#N/A,false,#N/A,false,#N/A,#N/A,false,#N/A
3fbc9396-b94b-422e-ac39-5b470888c30d,67426f85-bf8c-4abf-b75e-2c60defdf66c,Viva - Cross-sell,#N/A,Proposal/Price Quote,11550.0,75.0,2025-06-18,#N/A,#N/A,#N/A,false,false,Pipeline,Pipeline,true,false,0,#N/A,2,2021,false,false,false,false,#N/A,false,#N/A,false,#N/A,#N/A,false,#N/A
467298b0-c333-4937-b50b-e5917bfb9d2e,bae55ba3-ea80-48c6-b152-4ea7f82bfd53,Realcube - Upsell,#N/A,Qualification,75000.0,10.0,2025-08-08,#N/A,#N/A,#N/A,false,false,Pipeline,Pipeline,true,false,0,#N/A,3,2021,false,false,false,false,#N/A,false,#N/A,false,#N/A,#N/A,false,#N/A
c69e553a-e06e-4166-9052-7562ca22eb89,710fe2fe-521a-4718-bd07-70d4ff925556,Zoombox - Secondary Sale,#N/A,Closed Won,32395.00000002,100.0,2025-06-02,#N/A,#N/A,#N/A,true,true,Closed,Closed,true,false,0,#N/A,2,2021,false,false,false,false,#N/A,false,#N/A,false,#N/A,#N/A,false,#N/A
df3f0cd1-b5df-442c-a846-ff914440ec24,e5fcb320-af81-4efe-85d9-643034e2d899,Yozio - Initial Sale,#N/A,Closed Lost,72395.0,0.0,2024-11-19,#N/A,#N/A,#N/A,true,false,Omitted,Omitted,true,false,0,#N/A,4,2020,false,false,false,false,#N/A,false,#N/A,false,#N/A,#N/A,false,#N/A
159c4495-a183-4ef9-98e9-03bfdc960fd2,b08ff41e-a88c-4474-b658-d4bfa83df38d,Mybuzz - Cross-sell,#N/A,Proposal/Price Quote,20550.0,75.0,2025-06-03,#N/A,#N/A,#N/A,false,false,Pipeline,Pipeline,true,false,0,#N/A,2,2021,false,false,false,false,#N/A,false,#N/A,false,#N/A,#N/A,false,#N/A
4a73abda-62f1-4890-a21d-edb1c07b4549,194a8c6e-181d-40bb-84ff-36775a792b3d,Feedbug - Cross-sell,#N/A,Proposal/Price Quote,18350.0,75.0,2025-05-04,#N/A,#N/A,#N/A,false,false,Pipeline,Pipeline,true,false,0,#N/A,2,2021,false,false,false,false,#N/A,false,#N/A,false,#N/A,#N/A,false,#N/A
990fe621-9732-485f-9b1a-130f7b1ac909,269f82ea-422b-48a2-bc48-586d44eca005,Yakidoo - Cross-sell,#N/A,Proposal/Price Quote,11250.0,75.0,2025-06-18,#N/A,#N/A,#N/A,false,false,Pipeline,Pipeline,true,false,0,#N/A,2,2021,false,false,false,false,#N/A,false,#N/A,false,#N/A,#N/A,false,#N/A
fa0a3e90-236d-493f-b176-63fb50841607,65348251-9e23-4124-ae6c-95098e9d91a2,Myworks - Upsell,#N/A,Needs Analysis,100082.0,20.0,2025-07-24,#N/A,#N/A,#N/A,false,false,Pipeline,Pipeline,true,false,0,#N/A,3,2021,false,false,false,false,#N/A,false,#N/A,false,#N/A,#N/A,false,#N/A
b3fa83c7-383c-4a84-9afd-215ac58e32c2,b09060e7-20a3-4d9f-9123-ffb1a3dfd34a,Buzzshare - Cross-sell,#N/A,Proposal/Price Quote,18050.0,75.0,2025-06-18,#N/A,#N/A,#N/A,false,false,Pipeline,Pipeline,true,false,0,#N/A,2,2021,false,false,false,false,#N/A,false,#N/A,false,#N/A,#N/A,false,#N/A
b1cf293c-b1ab-41b7-8340-ef9e2b14628a,ad8f7837-d32f-413c-b3c4-b90bb36895cc,Wordtune - Upsell,#N/A,Qualification,100082.0,10.0,2025-08-08,#N/A,#N/A,#N/A,false,false,Pipeline,Pipeline,true,false,0,#N/A,3,2021,false,false,false,false,#N/A,false,#N/A,false,#N/A,#N/A,false,#N/A
710385d0-eaca-4cd9-a218-3bebb9c4a231,b01c9288-d7bf-4228-add5-32807ee563b8,Quimm - Initial Sale,#N/A,Closed Lost,72395.0,0.0,2024-11-19,#N/A,#N/A,#N/A,true,false,Omitted,Omitted,true,false,0,#N/A,4,2020,false,false,false,false,#N/A,false,#N/A,false,#N/A,#N/A,false,#N/A
ae90ce6e-9f0b-4091-9f20-7d220c8661d2,687ec0e4-c6b9-4e70-a0f4-f1094656bbb6,Edgeclub - Secondary Sale,#N/A,Closed Won,32395.00000002,100.0,2025-04-04,#N/A,#N/A,#N/A,true,true,Closed,Closed,true,false,0,#N/A,1,2021,false,false,false,false,#N/A,false,#N/A,false,#N/A,#N/A,false,#N/A
0605b072-dfb3-4e0e-998f-b8741387b0c7,a757a03e-2ada-4533-ad05-fd33f887c8bb,salesforce.com - 500 Widgets,Initial deal for 500 widgets. We expect follow-on business with a potential upside of 4000 additional widgets over the next 12 months.,Closed Won,50000.0,100.0,2022-09-22,Existing Business,Closed!,Advertisement,true,true,Closed,Closed,false,false,0,#N/A,2,2007,false,false,false,false,#N/A,false,#N/A,false,#N/A,#N/A,false,#N/A
fb7d58a6-d5a1-4eaf-bc2c-c385709a0f4e,0b1a2991-fee3-4caa-928a-de5c51300fd4,Avaveo - Initial Sale,#N/A,Closed Lost,72395.0,0.0,2024-11-19,#N/A,#N/A,#N/A,true,false,Omitted,Omitted,true,false,0,#N/A,4,2020,false,false,false,false,#N/A,false,#N/A,false,#N/A,#N/A,false,#N/A
186b9909-51ba-47d0-b439-8f1c9343669c,8c27cba5-f069-462c-a6a3-898619e956b4,Realbridge - Initial Sale,#N/A,Proposal/Price Quote,73995.0,75.0,2025-04-26,#N/A,#N/A,#N/A,false,false,Pipeline,Pipeline,true,false,0,#N/A,2,2021,false,false,false,false,#N/A,false,#N/A,false,#N/A,#N/A,false,#N/A
57f95d3b-2cf6-4b94-8480-487f7b305d8a,65348251-9e23-4124-ae6c-95098e9d91a2,Myworks - Additional Sale,#N/A,Id. Decision Makers,34995.0,60.0,2025-02-21,#N/A,#N/A,#N/A,false,false,Pipeline,Pipeline,true,false,0,#N/A,1,2021,false,false,false,false,#N/A,false,#N/A,false,#N/A,#N/A,false,#N/A
6e229b8d-4441-418e-be3b-2f583ddfaf32,e5fcb320-af81-4efe-85d9-643034e2d899,Yozio - Cross-sell,#N/A,Proposal/Price Quote,11250.0,75.0,2025-06-18,#N/A,#N/A,#N/A,false,false,Pipeline,Pipeline,true,false,0,#N/A,2,2021,false,false,false,false,#N/A,false,#N/A,false,#N/A,#N/A,false,#N/A
c6859bda-3e51-4624-8282-859fb3a64c5c,1f0ebca3-5492-47f2-a61e-8a8f0bf1ee82,Meembee -Complete Starter Package,#N/A,Closed Won,72395.0,100.0,2024-06-03,#N/A,#N/A,#N/A,true,true,Closed,Closed,true,false,0,#N/A,2,2020,false,false,false,false,#N/A,false,#N/A,false,#N/A,#N/A,false,#N/A
f915c904-ee93-4a3f-899c-b37966a8a8d6,eb8cb615-f1be-41cb-8293-0a1b08473ad4,Trunyx - Cross-sell,#N/A,Proposal/Price Quote,18350.0,75.0,2025-06-18,#N/A,#N/A,#N/A,false,false,Pipeline,Pipeline,true,false,0,#N/A,2,2021,false,false,false,false,#N/A,false,#N/A,false,#N/A,#N/A,false,#N/A
86b5f3f4-df11-4caf-9f48-ccf72e7388a2,d53be6fe-9499-48b8-aff2-fb8a854294fe,Kanoodle - Cross-sell,#N/A,Proposal/Price Quote,11250.0,75.0,2025-06-18,#N/A,#N/A,#N/A,false,false,Pipeline,Pipeline,true,false,0,#N/A,2,2021,false,false,false,false,#N/A,false,#N/A,false,#N/A,#N/A,false,#N/A
4fe344cb-b5a6-491f-ba94-e58e763b3f96,cb72bdda-b101-4835-9161-3bf06bf82742,Photofeed - Initial Sale,#N/A,Closed Lost,72395.0,0.0,2024-11-19,#N/A,#N/A,#N/A,true,false,Omitted,Omitted,true,false,0,#N/A,4,2020,false,false,false,false,#N/A,false,#N/A,false,#N/A,#N/A,false,#N/A
7a649ba2-14a5-48c6-805a-ad8cba540c89,df29e9b2-8e18-42f6-87ae-96ff28699745,Skimia - Secondary Sale,#N/A,Closed Won,32395.00000002,100.0,2025-04-04,#N/A,#N/A,#N/A,true,true,Closed,Closed,true,false,0,#N/A,1,2021,false,false,false,false,#N/A,false,#N/A,false,#N/A,#N/A,false,#N/A
07a2f269-c2ce-43d5-bb01-f768fbee1771,d023f5b9-1c83-466d-b922-630f7ec2dceb,Flipbug - Cross-sell,#N/A,Proposal/Price Quote,11550.0,75.0,2025-04-18,#N/A,#N/A,#N/A,false,false,Pipeline,Pipeline,true,false,0,#N/A,1,2021,false,false,false,false,#N/A,false,#N/A,false,#N/A,#N/A,false,#N/A
1aa4e186-da81-4af7-9edd-acbdb83d64a3,78c2ed00-4bd4-4843-8916-53c1b65e17b8,Trilith - Secondary Sale,#N/A,Closed Won,32395.00000002,100.0,2025-04-04,#N/A,#N/A,#N/A,true,true,Closed,Closed,true,false,0,#N/A,1,2021,false,false,false,false,#N/A,false,#N/A,false,#N/A,#N/A,false,#N/A
a00f68b3-594d-4288-97d9-678940190dd7,0983f854-45ad-4c2e-a205-63920f102444,Tavu - Upsell,#N/A,Qualification,75000.0,10.0,2025-08-08,#N/A,#N/A,#N/A,false,false,Pipeline,Pipeline,true,false,0,#N/A,3,2021,false,false,false,false,#N/A,false,#N/A,false,#N/A,#N/A,false,#N/A
a964f2a4-ad8c-499f-92d1-d7269c193033,39a37eb5-2b43-45df-b870-c05664e05692,Kwimbee - Cross-sell,#N/A,Proposal/Price Quote,18050.0,75.0,2025-06-18,#N/A,#N/A,#N/A,false,false,Pipeline,Pipeline,true,false,0,#N/A,2,2021,false,false,false,false,#N/A,false,#N/A,false,#N/A,#N/A,false,#N/A
ec7dbe97-f483-4753-88bb-4dfcb10920a1,65c49a71-2fcd-438b-9c70-afeb68e149a2,Zoonoodle - Initial Sale,#N/A,Value Proposition,72395.0,50.0,2025-06-10,#N/A,#N/A,#N/A,false,false,Pipeline,Pipeline,true,false,0,#N/A,2,2021,false,false,false,false,#N/A,false,#N/A,false,#N/A,#N/A,false,#N/A
f160f936-e2b0-43ca-adbc-6b8975d1c8de,c0d8f6b6-44a7-40f9-a219-ddba28b10ecc,Oloo - SOW 3,#N/A,Needs Analysis,72395.0,20.0,2025-06-04,#N/A,#N/A,#N/A,false,false,Pipeline,Pipeline,true,false,0,#N/A,2,2021,false,false,false,false,#N/A,false,#N/A,false,#N/A,#N/A,false,#N/A
498298b6-6a3c-4eb6-be54-54ad961da530,1a26b41c-d212-44be-956a-5064237bc0a1,Buzzbean - Initial Sale,#N/A,Closed Lost,72395.0,0.0,2024-11-19,#N/A,#N/A,#N/A,true,false,Omitted,Omitted,true,false,0,#N/A,4,2020,false,false,false,false,#N/A,false,#N/A,false,#N/A,#N/A,false,#N/A
611412f6-8c25-4d72-b7fb-45e628307347,cb72bdda-b101-4835-9161-3bf06bf82742,Photofeed - Upsell,#N/A,Qualification,100082.0,10.0,2025-08-08,#N/A,#N/A,#N/A,false,false,Pipeline,Pipeline,true,false,0,#N/A,3,2021,false,false,false,false,#N/A,false,#N/A,false,#N/A,#N/A,false,#N/A
4ad060f3-00e5-407a-80b0-adea80680138,ea2daf27-d46a-40d5-87c8-cb727a4d6b63,Topdrive - Initial Sale,#N/A,Closed Lost,72395.0,0.0,2024-11-19,#N/A,#N/A,#N/A,true,false,Omitted,Omitted,true,false,0,#N/A,4,2020,false,false,false,false,#N/A,false,#N/A,false,#N/A,#N/A,false,#N/A
40a3fc24-9f6c-405d-939b-8b8678a021ff,ab7ee815-3a11-44cc-b064-55d63536825e,Yakitrit-Germain Hospital - Upsell,#N/A,Qualification,100082.0,10.0,2025-08-08,#N/A,#N/A,#N/A,false,false,Pipeline,Pipeline,true,false,0,#N/A,3,2021,false,false,false,false,#N/A,false,#N/A,false,#N/A,#N/A,false,#N/A
c85d1514-6708-4953-a9ef-1c52cfa7af29,5463fefd-cbbe-4302-b187-6f06ed87166a,Twitterwire - Initial Sale,#N/A,Closed Lost,72395.0,0.0,2024-11-19,#N/A,#N/A,#N/A,true,false,Omitted,Omitted,true,false,0,#N/A,4,2020,false,false,false,false,#N/A,false,#N/A,false,#N/A,#N/A,false,#N/A
bf19703d-5808-4e20-9724-57e77a2326ba,ad8f7837-d32f-413c-b3c4-b90bb36895cc,Wordtune - Cross-sell,#N/A,Proposal/Price Quote,26050.0,75.0,2025-06-18,#N/A,#N/A,#N/A,false,false,Pipeline,Pipeline,true,false,0,#N/A,2,2021,false,false,false,false,#N/A,false,#N/A,false,#N/A,#N/A,false,#N/A
3e86d9f4-f601-42dc-9142-8fde7786a1bb,e8b1df73-2693-4997-b345-adf992fbb341,Zazio - Additional Sale,#N/A,Qualification,34995.0,10.0,2025-03-29,#N/A,#N/A,#N/A,false,false,Pipeline,Pipeline,true,false,0,#N/A,1,2021,false,false,false,false,#N/A,false,#N/A,false,#N/A,#N/A,false,#N/A
80c58e96-d1ba-456b-9d48-33782bad7922,14232913-25fb-45b0-9545-dc09cf9efc49,Quinu - Secondary Sale,#N/A,Closed Won,32395.00000002,100.0,2025-04-04,#N/A,#N/A,#N/A,true,true,Closed,Closed,true,false,0,#N/A,1,2021,false,false,false,false,#N/A,false,#N/A,false,#N/A,#N/A,false,#N/A
af22d0a5-a24d-4976-8d50-f65c00c8c819,e612b72c-01f9-4c49-a2bc-e0582274b24b,Voonix - Initial Sale,#N/A,Closed Lost,72395.0,0.0,2024-11-19,#N/A,#N/A,#N/A,true,false,Omitted,Omitted,true,false,0,#N/A,4,2020,false,false,false,false,#N/A,false,#N/A,false,#N/A,#N/A,false,#N/A
e717633d-2136-45c9-b83e-068c627c75dd,9e1650cb-2855-4a0d-a897-d0fc6f5cb30a,Oodoo - Upsell,#N/A,Qualification,100082.0,10.0,2025-08-08,#N/A,#N/A,#N/A,false,false,Pipeline,Pipeline,true,false,0,#N/A,3,2021,true,false,false,false,#N/A,false,#N/A,false,#N/A,#N/A,false,#N/A
225602fd-1916-4731-8991-a4084c225514,51a12852-b282-4490-b9dd-bf2285c93137,DabZ - Secondary Sale,#N/A,Closed Won,32395.00000002,100.0,2025-04-04,#N/A,#N/A,#N/A,true,true,Closed,Closed,true,false,0,#N/A,1,2021,false,false,false,false,#N/A,false,#N/A,false,#N/A,#N/A,false,#N/A
013e8259-34ad-45b5-8769-848e6eb7ab7d,b491c743-48bf-492e-b0a6-6e7d3d442969,Browsetype - Initial Sale,#N/A,Prospecting,74395.0,10.0,2025-06-10,#N/A,#N/A,#N/A,false,false,Pipeline,Pipeline,true,false,0,#N/A,2,2021,false,false,false,false,#N/A,false,#N/A,false,#N/A,#N/A,false,#N/A
eecb8159-f692-48dd-935c-c24e526f3442,73729ff8-9a1a-45f3-bd8c-493be8b824c1,Skyvu - Additional Sale,#N/A,Prospecting,75650.0,10.0,2025-04-07,#N/A,#N/A,#N/A,false,false,Pipeline,Pipeline,true,false,0,#N/A,1,2021,false,false,false,false,#N/A,false,#N/A,false,#N/A,#N/A,false,#N/A
989fc822-bb49-484a-9a5c-5aa5d71cc9d5,186db819-ed86-469b-a20e-2ec477c643d2,Devcast - Secondary Sale,#N/A,Closed Won,32395.00000002,100.0,2025-06-02,#N/A,#N/A,#N/A,true,true,Closed,Closed,true,false,0,#N/A,2,2021,false,false,false,false,#N/A,false,#N/A,false,#N/A,#N/A,false,#N/A
7b87259c-cbe7-4a58-ac50-ddbf83717040,26cf9f56-af40-4006-a72a-74def8d502ed,Vitz - Upsell,#N/A,Qualification,100082.0,10.0,2025-08-08,#N/A,#N/A,#N/A,false,false,Pipeline,Pipeline,true,false,0,#N/A,3,2021,false,false,false,false,#N/A,false,#N/A,false,#N/A,#N/A,false,#N/A
f192ca16-9c70-461c-b605-29a89dfa49f6,957363ed-f7e7-4432-a639-c868929084aa,Twiyo - Secondary Sale,#N/A,Closed Won,32395.00000002,100.0,2025-04-04,#N/A,#N/A,#N/A,true,true,Closed,Closed,true,false,0,#N/A,1,2021,false,false,false,false,#N/A,false,#N/A,false,#N/A,#N/A,false,#N/A
3a0fcc2c-68ae-4b1d-b723-901147006131,f0f01eb2-48d1-4867-a224-ac73e887e68e,Jaxworks - Additional Sale,#N/A,Value Proposition,34995.0,50.0,2025-04-07,#N/A,#N/A,#N/A,false,false,Pipeline,Pipeline,true,false,0,#N/A,1,2021,false,false,false,false,#N/A,false,#N/A,false,#N/A,#N/A,false,#N/A
3e298bd5-2891-4c2d-b36c-d9f50d26829a,1cc82fc1-0d11-445e-8234-fe4a98a2e3fb,Divavu - Upsell,#N/A,Qualification,100082.0,10.0,2025-08-08,#N/A,#N/A,#N/A,false,false,Pipeline,Pipeline,true,false,0,#N/A,3,2021,false,false,false,false,#N/A,false,#N/A,false,#N/A,#N/A,false,#N/A
614c3650-deb1-4329-b207-36040bb7d960,32e8f6f3-5748-4baf-8bda-c17fff24bb87,Fatz - Secondary Sale,#N/A,Closed Won,32395.00000002,100.0,2025-06-02,#N/A,#N/A,#N/A,true,true,Closed,Closed,true,false,0,#N/A,2,2021,false,false,false,false,#N/A,false,#N/A,false,#N/A,#N/A,false,#N/A
0e162a9f-5ca9-4562-a2e4-80457425a837,af8d1a59-ad75-4b1b-9818-efc4c2e19b8f,Gabtype - Cross-sell,#N/A,Proposal/Price Quote,18050.0,75.0,2025-06-18,#N/A,#N/A,#N/A,false,false,Pipeline,Pipeline,true,false,0,#N/A,2,2021,false,false,false,false,#N/A,false,#N/A,false,#N/A,#N/A,false,#N/A
587a1328-a79f-4cbc-8282-3d84a9e88585,e555c464-726d-429a-b793-02b41a502538,Livefish - Additional Sale,#N/A,Closed Won,72395.0,100.0,2023-06-03,#N/A,#N/A,#N/A,true,true,Closed,Closed,true,false,0,#N/A,2,2019,false,false,false,false,#N/A,false,#N/A,false,#N/A,#N/A,false,#N/A
1f47bbac-0849-4034-a5f0-7302f21528d4,1243404d-ee73-4286-94cd-8d6a57821109,Podcat - Upsell,#N/A,Qualification,75000.0,10.0,2025-08-08,#N/A,#N/A,#N/A,false,false,Pipeline,Pipeline,true,false,0,#N/A,3,2021,false,false,false,false,#N/A,false,#N/A,false,#N/A,#N/A,false,#N/A
3b00784e-5c2e-4d28-8cb9-b8b3508e21ba,df29e9b2-8e18-42f6-87ae-96ff28699745,Skimia - Initial Sale,#N/A,Closed Lost,72395.0,0.0,2024-11-19,#N/A,#N/A,#N/A,true,false,Omitted,Omitted,true,false,0,#N/A,4,2020,false,false,false,false,#N/A,false,#N/A,false,#N/A,#N/A,false,#N/A
bd6958d3-68d7-4eaf-a287-69dcb0cf6f21,e4255128-7dee-41d8-aebc-0e00f9664742,Zoomcast - Cross-sell,#N/A,Proposal/Price Quote,18050.0,75.0,2025-06-18,#N/A,#N/A,#N/A,false,false,Pipeline,Pipeline,true,false,0,#N/A,2,2021,false,false,false,false,#N/A,false,#N/A,false,#N/A,#N/A,false,#N/A
85ceaa83-e219-499f-8e2f-0357468800b8,24c37fae-9e9b-4767-a679-98a2d77ecdba,Skalith - Secondary Sale,#N/A,Closed Won,32395.00000002,100.0,2025-06-02,#N/A,#N/A,#N/A,true,true,Closed,Closed,true,false,0,#N/A,2,2021,false,false,false,false,#N/A,false,#N/A,false,#N/A,#N/A,false,#N/A
0c4baf8d-3e8c-4cbe-b34f-9a093e4eec05,0b1a2991-fee3-4caa-928a-de5c51300fd4,Avaveo - Secondary Sale,#N/A,Closed Won,32395.00000002,100.0,2025-04-04,#N/A,#N/A,#N/A,true,true,Closed,Closed,true,false,0,#N/A,1,2021,false,false,false,false,#N/A,false,#N/A,false,#N/A,#N/A,false,#N/A
a8fef3ab-1bfc-40f1-a0b4-631d71d7df7c,5463fefd-cbbe-4302-b187-6f06ed87166a,Twitterwire - Additional Sale,#N/A,Closed Won,72395.0,100.0,2023-12-06,#N/A,#N/A,#N/A,true,true,Closed,Closed,true,false,0,#N/A,4,2019,false,false,false,false,#N/A,false,#N/A,false,#N/A,#N/A,false,#N/A
1f8e2b5b-86ea-4712-a81d-a2078bbe3e47,ab96b432-45f8-4254-bdab-fffc68af26e7,Topicware - Secondary Sale,#N/A,Closed Won,32395.00000002,100.0,2025-04-04,#N/A,#N/A,#N/A,true,true,Closed,Closed,true,false,0,#N/A,1,2021,false,false,false,false,#N/A,false,#N/A,false,#N/A,#N/A,false,#N/A
f3e9a50c-ca75-453b-8be7-86813b1f5228,186db819-ed86-469b-a20e-2ec477c643d2,Devcast - Upsell,#N/A,Qualification,75000.0,10.0,2025-08-08,#N/A,#N/A,#N/A,false,false,Pipeline,Pipeline,true,false,0,#N/A,3,2021,false,false,false,false,#N/A,false,#N/A,false,#N/A,#N/A,false,#N/A
88b01bcc-6574-45e3-9814-83cb9455d6a2,aeb8d549-4aaf-45c9-bd83-ba0ccb3cce35,Topicstorm - Secondary Sale,#N/A,Closed Won,32395.00000002,100.0,2025-06-02,#N/A,#N/A,#N/A,true,true,Closed,Closed,true,false,0,#N/A,2,2021,false,false,false,false,#N/A,false,#N/A,false,#N/A,#N/A,false,#N/A
b10c0c38-570f-40f0-a706-47a47f915648,665a4387-ede2-4ce4-a726-000ff3d2d922,Eidelr-Ashpool - Upsell,#N/A,Qualification,75000.0,10.0,2025-08-08,#N/A,#N/A,#N/A,false,false,Pipeline,Pipeline,true,false,0,#N/A,3,2021,false,false,false,false,#N/A,false,#N/A,false,#N/A,#N/A,false,#N/A
41e7f94f-2a76-4149-8500-970c8ec2aec8,0b42366e-682c-4195-bfa4-2d3fcaef7c5c,Tazzy - Upsell,#N/A,Qualification,100082.0,10.0,2025-08-08,#N/A,#N/A,#N/A,false,false,Pipeline,Pipeline,true,false,0,#N/A,3,2021,false,false,false,false,#N/A,false,#N/A,false,#N/A,#N/A,false,#N/A
d34b61a0-703c-43bb-bd41-4a7c29c127b8,b8676e86-873e-41ee-b619-01b3a56c8f33,JumpXS - Initial Sale,#N/A,Closed Lost,72395.0,0.0,2024-11-19,#N/A,#N/A,#N/A,true,false,Omitted,Omitted,true,false,0,#N/A,4,2020,false,false,false,false,#N/A,false,#N/A,false,#N/A,#N/A,false,#N/A
a6dd7cba-4547-4914-8c5a-d8b4cb13f472,d8b37903-170a-46f1-a891-24eb1dafc178,Noba - Additional Sale,#N/A,Proposal/Price Quote,31495.0,75.0,2025-03-06,#N/A,#N/A,#N/A,false,false,Pipeline,Pipeline,true,false,0,#N/A,1,2021,false,false,false,false,#N/A,false,#N/A,false,#N/A,#N/A,false,#N/A
c452da18-e82b-4812-b455-ebc5cf956cb0,bae55ba3-ea80-48c6-b152-4ea7f82bfd53,Realcube - Secondary Sale,#N/A,Closed Won,32395.00000002,100.0,2025-06-02,#N/A,#N/A,#N/A,true,true,Closed,Closed,true,false,0,#N/A,2,2021,false,false,false,false,#N/A,false,#N/A,false,#N/A,#N/A,false,#N/A
04359540-9630-47ba-b3ea-bf3a53c298da,63a2522c-da85-4079-a621-fd46a49cd78b,Eadel - Secondary Sale,#N/A,Closed Won,32395.00000002,100.0,2025-06-02,#N/A,#N/A,#N/A,true,true,Closed,Closed,true,false,0,#N/A,2,2021,false,false,false,false,#N/A,false,#N/A,false,#N/A,#N/A,false,#N/A
1675f9df-fb12-4f18-bc9c-5f63496aced8,7d260df7-02d6-4d22-8aef-ba7349f852ae,Rhycero - Secondary Sale,#N/A,Closed Won,32395.00000002,100.0,2025-04-04,#N/A,#N/A,#N/A,true,true,Closed,Closed,true,false,0,#N/A,1,2021,false,false,false,false,#N/A,false,#N/A,false,#N/A,#N/A,false,#N/A
fc7d34b5-008d-4cdf-9058-f9271d1b06e5,e9e56bd1-faa0-4ccf-a7e8-de78485381d1,Dynabox - Initial Sale,#N/A,Closed Lost,72395.0,0.0,2024-11-19,#N/A,#N/A,#N/A,true,false,Omitted,Omitted,true,false,0,#N/A,4,2020,false,false,false,false,#N/A,false,#N/A,false,#N/A,#N/A,false,#N/A
05489f03-24a9-4d90-8a72-7c7ab570cef7,deb2643f-e4b0-4a03-bbfd-99725a62a149,Blognation - New Sale,#N/A,Perception Analysis,#N/A,70.0,2025-06-05,#N/A,#N/A,#N/A,false,false,Pipeline,Pipeline,false,false,0,#N/A,2,2021,false,false,false,false,#N/A,false,#N/A,false,#N/A,#N/A,false,#N/A
0756a560-7b18-4ff4-b266-dfc20097e2b7,9012b860-a22c-4bc3-8153-993c20d04218,Topiclounge - Cross-sell,#N/A,Proposal/Price Quote,11550.0,75.0,2025-06-18,#N/A,#N/A,#N/A,false,false,Pipeline,Pipeline,true,false,0,#N/A,2,2021,false,false,false,false,#N/A,false,#N/A,false,#N/A,#N/A,false,#N/A
4af275cf-f516-4627-bc25-ec12907ab1d9,fe981786-e62e-4e7c-9912-0f705b23f2af,Bubblemix - Cross-sell,#N/A,Proposal/Price Quote,11550.0,75.0,2025-04-18,#N/A,#N/A,#N/A,false,false,Pipeline,Pipeline,true,false,0,#N/A,1,2021,false,false,false,false,#N/A,false,#N/A,false,#N/A,#N/A,false,#N/A
821a68b1-d10d-45ca-9c83-cf1b4639bbbc,1b4f20e0-7e2c-4549-89af-b8d3914ab8cb,Vipe - Additional Sale,#N/A,Proposal/Price Quote,34995.0,75.0,2025-03-22,#N/A,#N/A,#N/A,false,false,Pipeline,Pipeline,true,false,0,#N/A,1,2021,false,false,false,false,#N/A,false,#N/A,false,#N/A,#N/A,false,#N/A
42bcb7d0-771f-486d-8449-e08b0bc9117e,3ece893c-ab24-42eb-a466-e7fc2e4faee5,Yodel - Cross-sell,#N/A,Proposal/Price Quote,34350.0,75.0,2025-05-04,#N/A,#N/A,#N/A,false,false,Pipeline,Pipeline,true,false,0,#N/A,2,2021,false,false,false,false,#N/A,false,#N/A,false,#N/A,#N/A,false,#N/A
bd0a3616-5c3f-4b29-a8b9-e1f79fb40a2c,aeb8d549-4aaf-45c9-bd83-ba0ccb3cce35,Topicstorm - Upsell,#N/A,Qualification,100082.0,10.0,2025-08-08,#N/A,#N/A,#N/A,false,false,Pipeline,Pipeline,true,false,0,#N/A,3,2021,false,false,false,false,#N/A,false,#N/A,false,#N/A,#N/A,false,#N/A
6099d149-9e96-4248-8ade-667931efa1de,20284815-0924-4bf1-8ad5-42311d6ade31,Skinte - Upsell,#N/A,Qualification,100082.0,10.0,2025-08-08,#N/A,#N/A,#N/A,false,false,Pipeline,Pipeline,true,false,0,#N/A,3,2021,false,false,false,false,#N/A,false,#N/A,false,#N/A,#N/A,false,#N/A
4dac8973-cf15-4ef6-a05e-9defe2b9e641,d06a901f-acfb-4ce5-8392-4058ad32485b,Meevee - Initial Sale,#N/A,Closed Lost,72395.0,0.0,2024-11-19,#N/A,#N/A,#N/A,true,false,Omitted,Omitted,true,false,0,#N/A,4,2020,false,false,false,false,#N/A,false,#N/A,false,#N/A,#N/A,false,#N/A
492c343b-fb8a-4ad2-9af7-58bedfdf06be,710fe2fe-521a-4718-bd07-70d4ff925556,Zoombox - Cross-sell,#N/A,Proposal/Price Quote,11550.0,75.0,2025-06-18,#N/A,#N/A,#N/A,false,false,Pipeline,Pipeline,true,false,0,#N/A,2,2021,false,false,false,false,#N/A,false,#N/A,false,#N/A,#N/A,false,#N/A
3418ac30-45a8-4eba-b3a9-9364e609e1c2,52aa2d52-b22b-4d4d-b272-e956119dd30c,Twimm - Upsell,#N/A,Qualification,75000.0,10.0,2025-06-24,#N/A,#N/A,#N/A,false,false,Pipeline,Pipeline,true,false,0,#N/A,2,2021,false,false,false,false,#N/A,false,#N/A,false,#N/A,#N/A,false,#N/A
b29153d5-ddef-409d-b667-e33d8d9a3c10,3f1019f9-8981-40f5-a60f-3c5c43ec63da,Browsedrive - Additional Sale,#N/A,Closed Won,72395.0,100.0,2023-09-06,#N/A,#N/A,#N/A,true,true,Closed,Closed,true,false,0,#N/A,3,2019,false,false,false,false,#N/A,false,#N/A,false,#N/A,#N/A,false,#N/A
1e0c007b-a249-4129-be91-2f70f4c4f20a,ea2daf27-d46a-40d5-87c8-cb727a4d6b63,Topdrive - Cross-sell,#N/A,Proposal/Price Quote,18050.0,75.0,2025-06-18,#N/A,#N/A,#N/A,false,false,Pipeline,Pipeline,true,false,0,#N/A,2,2021,false,false,false,false,#N/A,false,#N/A,false,#N/A,#N/A,false,#N/A
892628e0-78fb-43fc-b29c-106fc043108b,01344150-6523-4ab5-a6bd-5f4f4994885f,Kamba - Initial Sale,#N/A,Closed Lost,72395.0,0.0,2024-11-19,#N/A,#N/A,#N/A,true,false,Omitted,Omitted,true,false,0,#N/A,4,2020,false,false,false,false,#N/A,false,#N/A,false,#N/A,#N/A,false,#N/A
37d5abe1-ab95-4536-b7ec-2840941cd11e,37afb168-f0e8-423a-a651-bf9649ca6220,Tagtune - Cross-sell,#N/A,Proposal/Price Quote,18050.0,75.0,2025-06-18,#N/A,#N/A,#N/A,false,false,Pipeline,Pipeline,true,false,0,#N/A,2,2021,false,false,false,false,#N/A,false,#N/A,false,#N/A,#N/A,false,#N/A
88c4d49f-6381-4234-871e-14ddd79a0fc0,3eb93a27-766c-4684-a107-d9a48d366b9e,Babblestorm - Secondary Sale,#N/A,Closed Won,32395.00000002,100.0,2025-06-02,#N/A,#N/A,#N/A,true,true,Closed,Closed,true,false,0,#N/A,2,2021,false,false,false,false,#N/A,false,#N/A,false,#N/A,#N/A,false,#N/A
3cc07694-fd8b-4497-80e5-ddde335c247a,ad8f7837-d32f-413c-b3c4-b90bb36895cc,Wordtune - Additional Sale,#N/A,Prospecting,34995.0,10.0,2025-01-29,#N/A,#N/A,#N/A,false,false,Pipeline,Pipeline,true,false,0,#N/A,1,2021,false,false,false,false,#N/A,false,#N/A,false,#N/A,#N/A,false,#N/A
86e5651c-4bfb-49ee-a68c-4e551f186fc2,63488cc8-bb96-4b19-a250-1e86771ba2d6,Voolith - Upsell,#N/A,Qualification,100082.0,10.0,2025-06-24,#N/A,#N/A,#N/A,false,false,Pipeline,Pipeline,true,false,0,#N/A,2,2021,false,false,false,false,#N/A,false,#N/A,false,#N/A,#N/A,false,#N/A
eb38e1a9-e43d-4945-bc18-c9eb3ffdad3e,7fdede46-988b-4634-8b37-9392bb140aef,Omba - Cross-sell,#N/A,Proposal/Price Quote,11250.0,75.0,2025-06-18,#N/A,#N/A,#N/A,false,false,Pipeline,Pipeline,true,false,0,#N/A,2,2021,false,false,false,false,#N/A,false,#N/A,false,#N/A,#N/A,false,#N/A
de683f13-039c-4074-adfb-c3f14f3a6648,b09060e7-20a3-4d9f-9123-ffb1a3dfd34a,Buzzshare - Secondary Sale,#N/A,Closed Won,32395.00000002,100.0,2025-06-02,#N/A,#N/A,#N/A,true,true,Closed,Closed,true,false,0,#N/A,2,2021,false,false,false,false,#N/A,false,#N/A,false,#N/A,#N/A,false,#N/A
17ffba42-52de-4118-96f4-fe526506d331,8e14703e-fd10-4fda-adbc-831517c9454c,Browsebug - Additional Sale,#N/A,Id. Decision Makers,34995.0,60.0,2025-09-21,#N/A,#N/A,#N/A,false,false,Pipeline,Pipeline,true,false,0,#N/A,3,2021,false,false,false,false,#N/A,false,#N/A,false,#N/A,#N/A,false,#N/A
c6c65a68-a3e2-4fb5-8b4c-da0b9d26b09f,24ae2c90-1f81-4419-94a5-ea1dc5431a2b,Eamia - Upsell,#N/A,Qualification,75000.0,10.0,2025-08-08,#N/A,#N/A,#N/A,false,false,Pipeline,Pipeline,true,false,0,#N/A,3,2021,false,false,false,false,#N/A,false,#N/A,false,#N/A,#N/A,false,#N/A
765deb4d-a016-4a7d-937c-efdb8818c263,3f1019f9-8981-40f5-a60f-3c5c43ec63da,Browsedrive - Secondary Sale,#N/A,Closed Won,32395.00000002,100.0,2025-04-04,#N/A,#N/A,#N/A,true,true,Closed,Closed,true,false,0,#N/A,1,2021,false,false,false,false,#N/A,false,#N/A,false,#N/A,#N/A,false,#N/A
3a88f172-d8f6-4e82-8a6c-6cea09b7009b,d855bf74-e885-4ce8-82cc-3149e020b3cf,Jaxspan - Initial Sale,#N/A,Closed Lost,72395.0,0.0,2024-11-19,#N/A,#N/A,#N/A,true,false,Omitted,Omitted,true,false,0,#N/A,4,2020,false,false,false,false,#N/A,false,#N/A,false,#N/A,#N/A,false,#N/A
5f1840c5-e37c-4760-b6fe-bc243a030909,1562ae0b-10ff-48c4-aadc-8994d1e273ae,Mynte - Initial Sale,#N/A,Closed Lost,72395.0,0.0,2024-11-19,#N/A,#N/A,#N/A,true,false,Omitted,Omitted,true,false,0,#N/A,4,2020,false,false,false,false,#N/A,false,#N/A,false,#N/A,#N/A,false,#N/A
bd675dbf-3e23-4415-a232-0b2687453a78,687ec0e4-c6b9-4e70-a0f4-f1094656bbb6,Edgeclub - Additional Sale,#N/A,Value Proposition,34995.0,50.0,2025-07-06,#N/A,#N/A,#N/A,false,false,Pipeline,Pipeline,false,false,0,#N/A,2,2021,false,false,false,false,#N/A,false,#N/A,false,#N/A,#N/A,false,#N/A
68c1a2c1-f380-4a17-9892-2e24f9afdc93,2a22faa3-d4ca-4f26-9f87-5bc6f4d5603a,Browsecat - Initial Sale,#N/A,Closed Lost,72395.0,0.0,2024-11-19,#N/A,#N/A,#N/A,true,false,Omitted,Omitted,true,false,0,#N/A,4,2020,false,false,false,false,#N/A,false,#N/A,false,#N/A,#N/A,false,#N/A
a312e541-03a3-4934-84a1-24ae80cb026b,076542db-b683-4cfb-970f-9db92e5b1727,Thoughtstorm - Secondary Sale,#N/A,Closed Won,32395.00000002,100.0,2025-06-02,#N/A,#N/A,#N/A,true,true,Closed,Closed,true,false,0,#N/A,2,2021,false,false,false,false,#N/A,false,#N/A,false,#N/A,#N/A,false,#N/A
189515bb-e987-4a9f-87bf-6016182fa333,95e92fce-4b5c-4931-a868-bba192e83b93,Fliptune - SOW 2,#N/A,Needs Analysis,71595.0,20.0,2025-06-04,#N/A,#N/A,#N/A,false,false,Pipeline,Pipeline,true,false,0,#N/A,2,2021,false,false,false,false,#N/A,false,#N/A,false,#N/A,#N/A,false,#N/A
7a5da347-da52-4278-944c-9729a4db5b12,d76c61e6-6647-4252-942f-1e9ad16b1557,Edgepulse - Additional Sale,#N/A,Closed Won,72395.0,100.0,2023-12-06,#N/A,#N/A,#N/A,true,true,Closed,Closed,true,false,0,#N/A,4,2019,false,false,false,false,#N/A,false,#N/A,false,#N/A,#N/A,false,#N/A
be49021e-fe77-4cd5-9bac-702b41e28583,9cc34213-1502-44f3-8ed1-609b175b2f72,Trudoo - Secondary Sale,#N/A,Closed Won,32395.00000002,100.0,2025-04-04,#N/A,#N/A,#N/A,true,true,Closed,Closed,true,false,0,#N/A,1,2021,false,false,false,false,#N/A,false,#N/A,false,#N/A,#N/A,false,#N/A
531a4d9e-79a6-4eab-b5ac-f26829c76e49,b31cc650-8ca5-4641-86fc-37d3bfcaac76,Jetpulse - Initial Sale,#N/A,Closed Lost,72395.0,0.0,2024-11-19,#N/A,#N/A,#N/A,true,false,Omitted,Omitted,true,false,0,#N/A,4,2020,false,false,false,false,#N/A,false,#N/A,false,#N/A,#N/A,false,#N/A
0dfd03b0-7252-4d5c-a3af-a7d181fe4284,366f30ac-06fa-4d07-bd6a-526f628d72f9,Roomm - Cross-sell,#N/A,Proposal/Price Quote,24640.0,75.0,2025-05-29,#N/A,#N/A,#N/A,false,false,Pipeline,Pipeline,true,false,0,#N/A,2,2021,false,false,false,false,#N/A,false,#N/A,false,#N/A,#N/A,false,#N/A
cb8358ea-f9a9-4985-8836-4f9202af2b9b,484d572f-f176-4951-8005-44fc815f8edf,Skyba - Secondary Sale,#N/A,Closed Won,32395.00000002,100.0,2025-04-04,#N/A,#N/A,#N/A,true,true,Closed,Closed,true,false,0,#N/A,1,2021,false,false,false,false,#N/A,false,#N/A,false,#N/A,#N/A,false,#N/A
99ad1c07-0151-4d91-a095-37e53261e7ac,820ddc74-222e-4f6c-86b0-c2bb1fe06fcc,Zoomlounge - Cross-sell,#N/A,Proposal/Price Quote,11550.0,75.0,2025-06-18,#N/A,#N/A,#N/A,false,false,Pipeline,Pipeline,true,false,0,#N/A,2,2021,false,false,false,false,#N/A,false,#N/A,false,#N/A,#N/A,false,#N/A
76f7b0a0-c67c-4286-a497-acb9460d3122,0bbebd9e-980f-4489-bb4b-cd92c88314a3,Pixonyx - Secondary Sale,#N/A,Closed Won,32395.00000002,100.0,2025-04-04,#N/A,#N/A,#N/A,true,true,Closed,Closed,true,false,0,#N/A,1,2021,false,false,false,false,#N/A,false,#N/A,false,#N/A,#N/A,false,#N/A
e689a065-d700-4ed9-b24f-8f8d493d92db,3c66b37b-b0b5-47a9-bf58-0c9686d72d93,Thoughtmix - Additional Sale,#N/A,Closed Won,29995.0,100.0,2025-01-20,#N/A,#N/A,#N/A,true,true,Closed,Closed,true,false,0,#N/A,4,2020,false,false,false,false,#N/A,false,#N/A,false,#N/A,#N/A,false,#N/A
1a359ec7-f14b-49e3-9fd3-474c19743bcb,b491c743-48bf-492e-b0a6-6e7d3d442969,Browsetype - Secondary Sale,#N/A,Closed Won,32395.00000002,100.0,2025-06-02,#N/A,#N/A,#N/A,true,true,Closed,Closed,true,false,0,#N/A,2,2021,false,false,false,false,#N/A,false,#N/A,false,#N/A,#N/A,false,#N/A
70f5cbbc-9355-41bf-84c8-212707dd0f74,665a4387-ede2-4ce4-a726-000ff3d2d922,Eidelr-Ashpool - Initial Sale,#N/A,Closed Lost,72395.0,0.0,2024-11-19,#N/A,#N/A,#N/A,true,false,Omitted,Omitted,true,false,0,#N/A,4,2020,false,false,false,false,#N/A,false,#N/A,false,#N/A,#N/A,false,#N/A
2287732a-1840-450b-91e3-eb587d5d6640,65348251-9e23-4124-ae6c-95098e9d91a2,Myworks - Secondary Sale,#N/A,Closed Won,32395.00000002,100.0,2025-05-20,#N/A,#N/A,#N/A,true,true,Closed,Closed,true,false,0,#N/A,2,2021,false,false,false,false,#N/A,false,#N/A,false,#N/A,#N/A,false,#N/A
a00f1a3f-cf93-46de-8a2c-107da9098875,f048b26f-43df-4442-922a-f0f648d7051d,Uidoo - Additional Sale,#N/A,Qualification,34995.0,10.0,2025-04-14,#N/A,#N/A,#N/A,false,false,Pipeline,Pipeline,true,false,0,#N/A,1,2021,false,false,false,false,#N/A,false,#N/A,false,#N/A,#N/A,false,#N/A
c293b9ec-273e-40fb-bc10-d9802ca9a6fe,bad389f6-e263-4c09-bfb4-0d16f88c1b41,Thoughtworks - Initial Sale,#N/A,Closed Lost,72395.0,0.0,2024-11-19,#N/A,#N/A,#N/A,true,false,Omitted,Omitted,true,false,0,#N/A,4,2020,false,false,false,false,#N/A,false,#N/A,false,#N/A,#N/A,false,#N/A
e6c1b857-4940-427f-93d6-291a20ad79a4,710c9f92-3efe-4fc6-86b7-3878e44ac4a0,Edgetag - Additional Sale,#N/A,Closed Won,43185.0,100.0,2024-07-23,#N/A,#N/A,#N/A,true,true,Closed,Closed,true,false,0,#N/A,2,2020,false,false,false,false,#N/A,false,#N/A,false,#N/A,#N/A,false,#N/A
cfcb9d5d-0655-4f68-8c4f-461f6b9d62eb,076542db-b683-4cfb-970f-9db92e5b1727,Thoughtstorm - Upsell,#N/A,Qualification,75000.0,10.0,2025-08-08,#N/A,#N/A,#N/A,false,false,Pipeline,Pipeline,true,false,0,#N/A,3,2021,false,false,false,false,#N/A,false,#N/A,false,#N/A,#N/A,false,#N/A
4b37787d-07ac-4092-916d-374bc47aea18,96f71fc6-a2ff-454d-a3ed-d3b3813f52f9,Tagopia - Upsell,#N/A,Qualification,75000.0,10.0,2025-06-08,#N/A,#N/A,#N/A,false,false,Pipeline,Pipeline,true,false,0,#N/A,2,2021,false,false,false,false,#N/A,false,#N/A,false,#N/A,#N/A,false,#N/A
20e04cb3-ade6-46ca-915f-0280d9b7910e,95e92fce-4b5c-4931-a868-bba192e83b93,Fliptune - Upsell,#N/A,Qualification,100082.0,10.0,2025-08-08,#N/A,#N/A,#N/A,false,false,Pipeline,Pipeline,true,false,0,#N/A,3,2021,false,false,false,false,#N/A,false,#N/A,false,#N/A,#N/A,false,#N/A
de477ba7-80f4-4cb0-8009-f8883f9d1f49,3eb93a27-766c-4684-a107-d9a48d366b9e,Babblestorm - Additional Sale,#N/A,Closed Won,72395.0,100.0,2023-07-07,#N/A,#N/A,#N/A,true,true,Closed,Closed,true,false,0,#N/A,2,2019,false,false,false,false,#N/A,false,#N/A,false,#N/A,#N/A,false,#N/A
8f018662-b4d7-4a93-a670-c23ff89fb340,4dffeb4d-d4f6-464c-9b57-cda36636f156,Bluezoom - Additional Sale,#N/A,Proposal/Price Quote,31495.0,75.0,2025-04-24,#N/A,#N/A,#N/A,false,false,Pipeline,Pipeline,true,false,0,#N/A,2,2021,false,false,false,false,#N/A,false,#N/A,false,#N/A,#N/A,false,#N/A
1f32caf9-45cb-46f4-b41b-32fdc0f8ba44,20284815-0924-4bf1-8ad5-42311d6ade31,Skinte - Cross-sell,#N/A,Proposal/Price Quote,18350.0,75.0,2025-06-18,#N/A,#N/A,#N/A,false,false,Pipeline,Pipeline,true,false,0,#N/A,2,2021,false,false,false,false,#N/A,false,#N/A,false,#N/A,#N/A,false,#N/A
5e6ee297-6e5e-40ee-a2b7-0c2202bdb4bf,a68e7eb7-7624-4b12-851c-d0163e8e9347,Mydo - Upsell,#N/A,Qualification,100082.0,10.0,2025-08-08,#N/A,#N/A,#N/A,false,false,Pipeline,Pipeline,true,false,0,#N/A,3,2021,false,false,false,false,#N/A,false,#N/A,false,#N/A,#N/A,false,#N/A
3d7ab3da-6f5c-4dbb-ab68-b55ead3c5cae,d9104446-70d4-463d-ae1e-3485b7a6fa74,Rhynyx - Secondary Sale,#N/A,Closed Won,32395.00000002,100.0,2025-06-02,#N/A,#N/A,#N/A,true,true,Closed,Closed,true,false,0,#N/A,2,2021,false,false,false,false,#N/A,false,#N/A,false,#N/A,#N/A,false,#N/A
69892227-c6ba-47df-a1da-2164802b9570,0b1a2991-fee3-4caa-928a-de5c51300fd4,Avaveo - Additional Sale,#N/A,Closed Won,29995.0,100.0,2025-01-20,#N/A,#N/A,#N/A,true,true,Closed,Closed,true,false,0,#N/A,4,2020,false,false,false,false,#N/A,false,#N/A,false,#N/A,#N/A,false,#N/A
d0e48654-1d50-450a-bca3-360cdb3b438a,838737cb-ca38-4df7-892f-df722e0f1e7b,Fanoodle - Cross-sell,#N/A,Proposal/Price Quote,11250.0,75.0,2025-06-18,#N/A,#N/A,#N/A,false,false,Pipeline,Pipeline,true,false,0,#N/A,2,2021,false,false,false,false,#N/A,false,#N/A,false,#N/A,#N/A,false,#N/A
5af817c0-60f9-49ca-93df-148fcda0aa4c,38bf9300-9c15-4194-be3f-40a09810853a,Oozz - Secondary Sale,#N/A,Closed Won,32395.00000002,100.0,2025-04-04,#N/A,#N/A,#N/A,true,true,Closed,Closed,true,false,0,#N/A,1,2021,false,false,false,false,#N/A,false,#N/A,false,#N/A,#N/A,false,#N/A
8fdfde04-20eb-42af-9daa-9d97c8c76651,d731c096-ead3-472a-a729-b3b396f91530,Meeveo - Upsell,#N/A,Qualification,75000.0,10.0,2025-08-08,#N/A,#N/A,#N/A,false,false,Pipeline,Pipeline,true,false,0,#N/A,3,2021,false,false,false,false,#N/A,false,#N/A,false,#N/A,#N/A,false,#N/A
38488872-5855-4819-9585-b74c78f25cb8,217f512a-ace2-4a1b-9a0c-005f95f1aa95,Layo - Upsell,#N/A,Qualification,100082.0,10.0,2025-08-08,#N/A,#N/A,#N/A,false,false,Pipeline,Pipeline,true,false,0,#N/A,3,2021,false,false,false,false,#N/A,false,#N/A,false,#N/A,#N/A,false,#N/A
e4436931-7097-4d40-a700-8259e87f40ef,269f82ea-422b-48a2-bc48-586d44eca005,Yakidoo - Initial Sale,#N/A,Closed Lost,72395.0,0.0,2024-11-19,#N/A,#N/A,#N/A,true,false,Omitted,Omitted,true,false,0,#N/A,4,2020,false,false,false,false,#N/A,false,#N/A,false,#N/A,#N/A,false,#N/A
1607c30c-f5b7-42ea-9e66-73f565b1f4f6,b18f2036-f373-4189-a9f3-2227c8ef8b7c,test2,#N/A,Prospecting,#N/A,10.0,2025-02-28,#N/A,#N/A,#N/A,false,false,Pipeline,Pipeline,false,false,0,#N/A,1,2025,false,false,false,false,#N/A,false,#N/A,false,#N/A,#N/A,false,#N/A
d551eadc-3d05-46b6-b87d-45efd7c2768f,c23c5a54-9c08-4c1b-894a-9fde70dac4c3,Wikizz - Secondary Sale,#N/A,Closed Won,32395.00000002,100.0,2025-05-20,#N/A,#N/A,#N/A,true,true,Closed,Closed,true,false,0,#N/A,2,2021,false,false,false,false,#N/A,false,#N/A,false,#N/A,#N/A,false,#N/A
0f342459-8386-45ad-9d50-4b0b75934701,fe83115d-1b24-4ca4-951f-9dbf397747e6,Plambee - Upsell,#N/A,Qualification,75000.0,10.0,2025-08-08,#N/A,#N/A,#N/A,false,false,Pipeline,Pipeline,true,false,0,#N/A,3,2021,false,false,false,false,#N/A,false,#N/A,false,#N/A,#N/A,false,#N/A
da2d75cc-7609-480d-9dd8-8bf00489aac4,d855bf74-e885-4ce8-82cc-3149e020b3cf,Jaxspan - Upsell,#N/A,Qualification,75000.0,10.0,2025-08-08,#N/A,#N/A,#N/A,false,false,Pipeline,Pipeline,true,false,0,#N/A,3,2021,false,false,false,false,#N/A,false,#N/A,false,#N/A,#N/A,false,#N/A
257fc658-c9c6-4dc0-b50f-befec0cebfb5,73729ff8-9a1a-45f3-bd8c-493be8b824c1,Skyvu - SOW 1,#N/A,Needs Analysis,58900.0,20.0,2025-07-07,#N/A,#N/A,#N/A,false,false,Pipeline,Pipeline,true,false,0,#N/A,2,2021,false,false,false,false,#N/A,false,#N/A,false,#N/A,#N/A,false,#N/A
8efea6ea-099a-4102-8276-45860cc8802a,f915d9d1-7758-4036-b0a1-f34676a9f27b,Mycat - Initial Sale,#N/A,Closed Lost,72395.0,0.0,2024-11-19,#N/A,#N/A,#N/A,true,false,Omitted,Omitted,true,false,0,#N/A,4,2020,false,false,false,false,#N/A,false,#N/A,false,#N/A,#N/A,false,#N/A
60b3c41f-986b-4e51-8ceb-4ffdb2838c75,e612b72c-01f9-4c49-a2bc-e0582274b24b,Voonix - Additional Sale,#N/A,Qualification,34995.0,10.0,2025-04-13,#N/A,#N/A,#N/A,false,false,Pipeline,Pipeline,true,false,0,#N/A,1,2021,false,false,false,false,#N/A,false,#N/A,false,#N/A,#N/A,false,#N/A
61e51cdd-d6cf-4bdf-974f-295ae60ee403,39a37eb5-2b43-45df-b870-c05664e05692,Kwimbee - Additional Sale,#N/A,Closed Won,29995.0,100.0,2024-12-05,#N/A,#N/A,#N/A,true,true,Closed,Closed,true,false,0,#N/A,4,2020,false,false,false,false,#N/A,false,#N/A,false,#N/A,#N/A,false,#N/A
5a16c287-6e29-46bc-9743-9397b7ef626a,96f71fc6-a2ff-454d-a3ed-d3b3813f52f9,Tagopia - Additional Sale,#N/A,Closed Won,72395.0,100.0,2024-12-06,#N/A,#N/A,#N/A,true,true,Closed,Closed,true,false,0,#N/A,4,2020,false,false,false,false,#N/A,false,#N/A,false,#N/A,#N/A,false,#N/A
adae5e0b-e04c-4944-b803-2bd05a445dd6,e8b1df73-2693-4997-b345-adf992fbb341,Zazio - Upsell,#N/A,Qualification,113583.0,10.0,2025-08-08,#N/A,#N/A,#N/A,false,false,Pipeline,Pipeline,true,false,0,#N/A,3,2021,false,false,false,false,#N/A,false,#N/A,false,#N/A,#N/A,false,#N/A
3251aa91-ba03-464b-8707-431f8dd7f1b7,c0d8f6b6-44a7-40f9-a219-ddba28b10ecc,Oloo - Upsell,#N/A,Qualification,100082.0,10.0,2025-08-08,#N/A,#N/A,#N/A,false,false,Pipeline,Pipeline,true,false,0,#N/A,3,2021,false,false,false,false,#N/A,false,#N/A,false,#N/A,#N/A,false,#N/A
cde06f2d-6d52-446c-be92-a0b0b92ec4c5,63a2522c-da85-4079-a621-fd46a49cd78b,Eadel - Initial Sale,#N/A,Closed Lost,72395.0,0.0,2024-11-19,#N/A,#N/A,#N/A,true,false,Omitted,Omitted,true,false,0,#N/A,4,2020,false,false,false,false,#N/A,false,#N/A,false,#N/A,#N/A,false,#N/A
04fbd8ec-1d99-4b1e-bb56-ac874966f1e6,1f0ebca3-5492-47f2-a61e-8a8f0bf1ee82,Meembee -Software Renewal and New Widgets,#N/A,Perception Analysis,72395.0,70.0,2025-06-04,#N/A,#N/A,#N/A,false,false,Pipeline,Pipeline,true,false,0,#N/A,2,2021,false,false,false,false,#N/A,false,#N/A,false,#N/A,#N/A,false,#N/A
69998ce3-955d-4952-9249-e1b6ef1e7852,d76c61e6-6647-4252-942f-1e9ad16b1557,Edgepulse - Cross-sell,#N/A,Proposal/Price Quote,11250.0,75.0,2025-06-18,#N/A,#N/A,#N/A,false,false,Pipeline,Pipeline,true,false,0,#N/A,2,2021,false,false,false,false,#N/A,false,#N/A,false,#N/A,#N/A,false,#N/A
12ad1d84-f1f5-4eb1-98b7-075b0d08d2a2,38bf9300-9c15-4194-be3f-40a09810853a,Oozz - Upsell,#N/A,Qualification,100082.0,10.0,2025-08-08,#N/A,#N/A,#N/A,false,false,Pipeline,Pipeline,true,false,0,#N/A,3,2021,false,false,false,false,#N/A,false,#N/A,false,#N/A,#N/A,false,#N/A
bea6e418-759b-4dd4-b4be-8634a0f37084,dc879b26-eef5-4a42-9f54-2f6391bb5444,Aibox - Cross-sell,#N/A,Proposal/Price Quote,11250.0,75.0,2025-06-18,#N/A,#N/A,#N/A,false,false,Pipeline,Pipeline,true,false,0,#N/A,2,2021,false,false,false,false,#N/A,false,#N/A,false,#N/A,#N/A,false,#N/A
721c050e-368e-4641-bd8d-3a21a5bc91b3,8e14703e-fd10-4fda-adbc-831517c9454c,Browsebug - Cross-sell,#N/A,Proposal/Price Quote,34350.0,75.0,2025-06-18,#N/A,#N/A,#N/A,false,false,Pipeline,Pipeline,true,false,0,#N/A,2,2021,false,false,false,false,#N/A,false,#N/A,false,#N/A,#N/A,false,#N/A
277d4381-051e-4520-a5e1-b7e65d433a86,24ae2c90-1f81-4419-94a5-ea1dc5431a2b,Eamia - Secondary Sale,#N/A,Closed Won,32395.00000002,100.0,2025-04-04,#N/A,#N/A,#N/A,true,true,Closed,Closed,true,false,0,#N/A,1,2021,false,false,false,false,#N/A,false,#N/A,false,#N/A,#N/A,false,#N/A
58ccecdd-f844-4bf4-b392-ce84d8d92d3d,1cc82fc1-0d11-445e-8234-fe4a98a2e3fb,Divavu - Additional Sale,#N/A,Closed Won,29995.0,100.0,2024-06-19,#N/A,#N/A,#N/A,true,true,Closed,Closed,true,false,0,#N/A,2,2020,false,false,false,false,#N/A,false,#N/A,false,#N/A,#N/A,false,#N/A
1481ed77-fcdc-4617-9f07-4ef9a0ecc98c,f048b26f-43df-4442-922a-f0f648d7051d,Uidoo - Secondary Sale,#N/A,Closed Won,32395.00000002,100.0,2025-06-02,#N/A,#N/A,#N/A,true,true,Closed,Closed,true,false,0,#N/A,2,2021,false,false,false,false,#N/A,false,#N/A,false,#N/A,#N/A,false,#N/A
6e7bb7f4-71a7-4218-892b-87ad784b27da,20c03afe-1d26-4cb2-af84-c989196cf6ab,"salesforce.com - 2,000 Widgets",More widgets required.  The deal is at 50% because they are still at the sales process stage of evaluating the business/value justification that we submitted.,Value Proposition,20000.0,50.0,2022-12-23,Existing Business,Meet at Widget Conference,Partner,false,false,Pipeline,Pipeline,false,false,0,#N/A,3,2007,false,false,false,false,#N/A,false,#N/A,false,#N/A,#N/A,false,#N/A
4f442fe3-f927-453a-b7e1-4f494ee5bba0,e555c464-726d-429a-b793-02b41a502538,Livefish - Initial Sale,#N/A,Closed Lost,72395.0,0.0,2024-11-19,#N/A,#N/A,#N/A,true,false,Omitted,Omitted,true,false,0,#N/A,4,2020,false,false,false,false,#N/A,false,#N/A,false,#N/A,#N/A,false,#N/A
8989c2d7-0275-4847-a34e-d831ccb71f6e,e5fcb320-af81-4efe-85d9-643034e2d899,Yozio - Additional Sale,#N/A,Closed Won,72395.0,100.0,2023-07-07,#N/A,#N/A,#N/A,true,true,Closed,Closed,true,false,0,#N/A,2,2019,false,false,false,false,#N/A,false,#N/A,false,#N/A,#N/A,false,#N/A
499f608f-4e03-4ae3-8d5c-f319ad144fa4,710c9f92-3efe-4fc6-86b7-3878e44ac4a0,Edgetag - Upsell,#N/A,Qualification,100082.0,10.0,2025-08-08,#N/A,#N/A,#N/A,false,false,Pipeline,Pipeline,true,false,0,#N/A,3,2021,false,false,false,false,#N/A,false,#N/A,false,#N/A,#N/A,false,#N/A
32e7c7ea-ebd9-4a45-8dbd-6388a25a3d3d,d9104446-70d4-463d-ae1e-3485b7a6fa74,Rhynyx - Additional Sale,#N/A,Closed Lost,69995.0,0.0,2025-01-19,#N/A,#N/A,#N/A,true,false,Omitted,Omitted,true,false,0,#N/A,4,2020,false,false,false,false,#N/A,false,#N/A,false,#N/A,#N/A,false,#N/A
bfe8f849-eb10-4eae-b32e-baf0da715048,79885fd4-1421-42ea-a120-91ac20fcb953,Gabcube - Initial Sale,#N/A,Closed Lost,72395.0,0.0,2024-11-19,#N/A,#N/A,#N/A,true,false,Omitted,Omitted,true,false,0,#N/A,4,2020,false,false,false,false,#N/A,false,#N/A,false,#N/A,#N/A,false,#N/A
76ba52d6-e156-4397-9562-d7e012ba8e66,ad4efe8f-969d-45a6-8367-92d37737206b,Voolia - Cross-sell,#N/A,Proposal/Price Quote,11250.0,75.0,2025-06-18,#N/A,#N/A,#N/A,false,false,Pipeline,Pipeline,true,false,0,#N/A,2,2021,false,false,false,false,#N/A,false,#N/A,false,#N/A,#N/A,false,#N/A
f0accd97-19f1-4115-861a-490b22f6de8b,d9104446-70d4-463d-ae1e-3485b7a6fa74,Rhynyx - Initial Sale,#N/A,Closed Lost,72395.0,0.0,2024-11-19,#N/A,#N/A,#N/A,true,false,Omitted,Omitted,true,false,0,#N/A,4,2020,false,false,false,false,#N/A,false,#N/A,false,#N/A,#N/A,false,#N/A
0a88f6b9-7f21-4433-a81b-011f398760c7,f048b26f-43df-4442-922a-f0f648d7051d,Uidoo - Initial Sale,#N/A,Closed Lost,72395.0,0.0,2024-11-19,#N/A,#N/A,#N/A,true,false,Omitted,Omitted,true,false,0,#N/A,4,2020,false,false,false,false,#N/A,false,#N/A,false,#N/A,#N/A,false,#N/A
3bd415db-b257-4456-a019-aa906d044623,d26c9074-769f-4dd3-b822-08762ec5f435,Digitube - Initial Sale,#N/A,Closed Lost,72395.0,0.0,2024-11-19,#N/A,#N/A,#N/A,true,false,Omitted,Omitted,true,false,0,#N/A,4,2020,false,false,false,false,#N/A,false,#N/A,false,#N/A,#N/A,false,#N/A
39d77776-9323-4617-9f42-c649b6aafead,c0d8f6b6-44a7-40f9-a219-ddba28b10ecc,Oloo - Secondary Sale,#N/A,Closed Won,32395.00000002,100.0,2025-04-04,#N/A,#N/A,#N/A,true,true,Closed,Closed,true,false,0,#N/A,1,2021,false,false,false,false,#N/A,false,#N/A,false,#N/A,#N/A,false,#N/A
139825dc-3f2d-44a6-9c71-4ce7b5941512,b18f2036-f373-4189-a9f3-2227c8ef8b7c,3/15,#N/A,Qualification,#N/A,10.0,2025-03-21,#N/A,#N/A,#N/A,false,false,Pipeline,Pipeline,false,false,0,#N/A,1,2025,false,false,false,false,#N/A,false,#N/A,false,#N/A,#N/A,false,#N/A
0f25d7c2-973b-4af8-b5fd-af46e6750bd7,0231da6a-f192-45c1-90b5-d11ea138fd7b,Topicblabh-Sto Associates - Additional Sale,#N/A,Value Proposition,34995.0,50.0,2025-02-21,#N/A,#N/A,#N/A,false,false,Pipeline,Pipeline,true,false,0,#N/A,1,2021,false,false,false,false,#N/A,false,#N/A,false,#N/A,#N/A,false,#N/A
40c279c9-5872-4239-8d3f-4f28084989f6,c23c5a54-9c08-4c1b-894a-9fde70dac4c3,Wikizz - Cross-sell,#N/A,Proposal/Price Quote,18350.0,75.0,2025-06-03,#N/A,#N/A,#N/A,false,false,Pipeline,Pipeline,true,false,0,#N/A,2,2021,false,false,false,false,#N/A,false,#N/A,false,#N/A,#N/A,false,#N/A
303126c6-2858-4c6a-8010-4e573d024388,d26c9074-769f-4dd3-b822-08762ec5f435,Digitube - Upsell,#N/A,Qualification,100082.0,10.0,2025-08-08,#N/A,#N/A,#N/A,false,false,Pipeline,Pipeline,true,false,0,#N/A,3,2021,false,false,false,false,#N/A,false,#N/A,false,#N/A,#N/A,false,#N/A
0ad4b5a6-d9cc-4130-a456-39799a3a1cab,a757a03e-2ada-4533-ad05-fd33f887c8bb,salesforce.com - 5000 Widgets,Initial deal for 5000 widgets. We expect follow-on business with a potential upside of 40000 additional widgets over the next 12 months.,Closed Won,500000.0,100.0,2022-09-22,New Business,Closed!,Advertisement,true,true,Closed,Closed,false,false,0,#N/A,2,2007,false,false,false,false,#N/A,false,#N/A,false,#N/A,#N/A,false,#N/A
f277f727-f8d8-437b-a6ad-a37e44e54b30,a68e7eb7-7624-4b12-851c-d0163e8e9347,Mydo - Secondary Sale,#N/A,Closed Won,32395.00000002,100.0,2025-06-02,#N/A,#N/A,#N/A,true,true,Closed,Closed,true,false,0,#N/A,2,2021,false,false,false,false,#N/A,false,#N/A,false,#N/A,#N/A,false,#N/A
023f853e-cfb5-4151-a37f-930d081fb468,58fcb992-01d9-44fc-af97-1bdec9cada6b,Bluejam - Initial Sale,#N/A,Prospecting,72395.0,10.0,2025-06-10,#N/A,#N/A,#N/A,false,false,Pipeline,Pipeline,true,false,0,#N/A,2,2021,false,false,false,false,#N/A,false,#N/A,false,#N/A,#N/A,false,#N/A
926d65f0-2e47-443a-8373-bc0221234e5e,f0f01eb2-48d1-4867-a224-ac73e887e68e,Jaxworks - Upsell,#N/A,Perception Analysis,100082.0,70.0,2025-06-24,#N/A,#N/A,#N/A,false,false,Pipeline,Pipeline,true,false,0,#N/A,2,2021,false,false,false,false,#N/A,false,#N/A,false,#N/A,#N/A,false,#N/A
6198b20e-6f10-4711-a976-a65f35bdf774,0bbebd9e-980f-4489-bb4b-cd92c88314a3,Pixonyx - Initial Sale,#N/A,Closed Lost,72395.0,0.0,2024-11-19,#N/A,#N/A,#N/A,true,false,Omitted,Omitted,true,false,0,#N/A,4,2020,false,false,false,false,#N/A,false,#N/A,false,#N/A,#N/A,false,#N/A
303d8745-5806-4a72-a639-8111699b2d12,c7717326-09af-4348-b090-e4be2dac6029,Chatterpoint - Additional Sale,#N/A,Closed Won,72395.0,100.0,2023-08-04,#N/A,#N/A,#N/A,true,true,Closed,Closed,true,false,0,#N/A,3,2019,false,false,false,false,#N/A,false,#N/A,false,#N/A,#N/A,false,#N/A
c1d81fa0-36ae-4d14-b258-29f5b7185baf,e6b8eecb-c6a5-4a49-9a0b-608318fb1c89,Zoovu - Additional Sale,Will give end of year incentive to sign,Closed Won,29995.0,100.0,2024-03-01,#N/A,Sign SOW,#N/A,true,true,Closed,Closed,true,false,0,#N/A,1,2020,false,false,false,false,#N/A,false,#N/A,false,#N/A,#N/A,false,#N/A
7462efbf-9cbc-48f8-b1f2-10fbf47754a2,e6b8eecb-c6a5-4a49-9a0b-608318fb1c89,Zoovu - Additional Sale,Great customer and this deal is looking good,Qualification,29995.0,10.0,2025-01-14,#N/A,prospect's spouse is married to vp at the competitor,#N/A,false,false,Pipeline,Pipeline,true,false,0,#N/A,4,2020,false,false,false,false,#N/A,false,#N/A,false,#N/A,#N/A,false,#N/A
9dcb32ff-b911-4037-8c2f-fb43af485bc1,366f30ac-06fa-4d07-bd6a-526f628d72f9,Roomm - Initial Sale,#N/A,Prospecting,72395.0,10.0,2025-04-10,#N/A,#N/A,#N/A,false,false,Pipeline,Pipeline,true,false,0,#N/A,1,2021,false,false,false,false,#N/A,false,#N/A,false,#N/A,#N/A,false,#N/A
9b6664d7-f96e-4fe9-8e1c-fa444fd39f49,9b63c39c-860e-49d1-b10c-555d25dca149,Eazzy - Additional Sale,#N/A,Closed Won,29995.0,100.0,2025-01-20,#N/A,#N/A,#N/A,true,true,Closed,Closed,true,false,0,#N/A,4,2020,false,false,false,false,#N/A,false,#N/A,false,#N/A,#N/A,false,#N/A
acabb550-0abe-49ac-ba7a-906c11da42f3,4dffeb4d-d4f6-464c-9b57-cda36636f156,Bluezoom - Secondary Sale,#N/A,Closed Won,32395.00000002,100.0,2025-06-02,#N/A,#N/A,#N/A,true,true,Closed,Closed,true,false,0,#N/A,2,2021,false,false,false,false,#N/A,false,#N/A,false,#N/A,#N/A,false,#N/A
55ff1d9b-66db-4b79-bd71-a374b885043c,6320c506-ff02-4baf-8f16-c6a8a19f8565,Oyoba - Initial Sale,#N/A,Value Proposition,73995.0,50.0,2025-06-10,#N/A,#N/A,#N/A,false,false,Pipeline,Pipeline,true,false,0,#N/A,2,2021,false,false,false,false,#N/A,false,#N/A,false,#N/A,#N/A,false,#N/A
45b4135c-4766-493a-9ffc-e4e1b4ee356c,39a37eb5-2b43-45df-b870-c05664e05692,Kwimbee - Upsell,#N/A,Qualification,100082.0,10.0,2025-08-08,#N/A,#N/A,#N/A,false,false,Pipeline,Pipeline,true,false,0,#N/A,3,2021,false,false,false,false,#N/A,false,#N/A,false,#N/A,#N/A,false,#N/A
424d5ecd-b0b6-459b-98a0-6ae1afd38c15,65c49a71-2fcd-438b-9c70-afeb68e149a2,Zoonoodle - Secondary Sale,#N/A,Closed Won,32395.00000002,100.0,2025-04-04,#N/A,#N/A,#N/A,true,true,Closed,Closed,true,false,0,#N/A,1,2021,false,false,false,false,#N/A,false,#N/A,false,#N/A,#N/A,false,#N/A
0fe34b7b-6eec-40d4-bfe3-e2bea49594d5,d26c9074-769f-4dd3-b822-08762ec5f435,Digitube - Secondary Sale,#N/A,Closed Won,32395.00000002,100.0,2025-04-04,#N/A,#N/A,#N/A,true,true,Closed,Closed,true,false,0,#N/A,1,2021,false,false,false,false,#N/A,false,#N/A,false,#N/A,#N/A,false,#N/A
0860764a-bcd7-43e6-8f6f-a813358758a5,b18f2036-f373-4189-a9f3-2227c8ef8b7c,test,#N/A,Prospecting,#N/A,10.0,2025-02-21,#N/A,#N/A,#N/A,false,false,Pipeline,Pipeline,false,false,0,#N/A,1,2025,false,false,false,false,#N/A,false,#N/A,false,#N/A,#N/A,false,#N/A
f5b076bf-c557-49db-b6ce-703f2c3dc25c,b31cc650-8ca5-4641-86fc-37d3bfcaac76,Jetpulse - Upsell,#N/A,Qualification,100082.0,10.0,2025-08-08,#N/A,#N/A,#N/A,false,false,Pipeline,Pipeline,true,false,0,#N/A,3,2021,false,false,false,false,#N/A,false,#N/A,false,#N/A,#N/A,false,#N/A
6e00d31e-cc8e-4a5f-9897-b3c038c97fc9,f048b26f-43df-4442-922a-f0f648d7051d,Uidoo - Cross-sell,#N/A,Proposal/Price Quote,18050.0,75.0,2025-06-18,#N/A,#N/A,#N/A,false,false,Pipeline,Pipeline,true,false,0,#N/A,2,2021,false,false,false,false,#N/A,false,#N/A,false,#N/A,#N/A,false,#N/A
7a514542-9daa-4cd8-b0d5-02afd68d583c,710c9f92-3efe-4fc6-86b7-3878e44ac4a0,Edgetag - Secondary Sale,#N/A,Closed Won,32395.00000002,100.0,2025-06-02,#N/A,#N/A,#N/A,true,true,Closed,Closed,true,false,0,#N/A,2,2021,false,false,false,false,#N/A,false,#N/A,false,#N/A,#N/A,false,#N/A
de277f60-2238-4818-97d0-04ab314e9bb0,217f512a-ace2-4a1b-9a0c-005f95f1aa95,Layo - Additional Sale,#N/A,Closed Won,29995.0,100.0,2024-11-08,#N/A,#N/A,#N/A,true,true,Closed,Closed,true,false,0,#N/A,4,2020,false,false,false,false,#N/A,false,#N/A,false,#N/A,#N/A,false,#N/A
4dc967f7-f037-4234-b37c-3746440ed825,01d60599-0870-4bce-a802-e1079d380e84,Brightdog - Initial Sale,#N/A,Closed Lost,72395.0,0.0,2024-11-04,#N/A,#N/A,#N/A,true,false,Omitted,Omitted,true,false,0,#N/A,4,2020,false,false,false,false,#N/A,false,#N/A,false,#N/A,#N/A,false,#N/A
50648093-f9fa-4420-ad20-10227fd67428,03c053f9-45b4-400d-8be8-da8367de09a8,Jazzy - Initial Sale,#N/A,Closed Lost,72395.0,0.0,2024-11-19,#N/A,#N/A,#N/A,true,false,Omitted,Omitted,true,false,0,#N/A,4,2020,false,false,false,false,#N/A,false,#N/A,false,#N/A,#N/A,false,#N/A
c614acd1-e299-4ff3-8635-1b1b82ef6fa2,95e92fce-4b5c-4931-a868-bba192e83b93,Fliptune - SOW 3,#N/A,Needs Analysis,69095.0,20.0,2025-06-04,#N/A,#N/A,#N/A,false,false,Pipeline,Pipeline,true,false,0,#N/A,2,2021,false,false,false,false,#N/A,false,#N/A,false,#N/A,#N/A,false,#N/A
79aa226e-ecfd-4929-8c9b-979f2d400d25,d8b37903-170a-46f1-a891-24eb1dafc178,Noba - Secondary Sale,#N/A,Closed Won,32395.00000002,100.0,2025-04-04,Existing Business,#N/A,#N/A,true,true,Closed,Closed,true,false,0,#N/A,1,2021,false,false,false,false,#N/A,false,#N/A,false,#N/A,#N/A,false,#N/A
1536753e-9376-434f-8cc4-3fcdd0a66c2f,ab7ee815-3a11-44cc-b064-55d63536825e,Yakitrit-Germain Hospital - Additional Sale,#N/A,Value Proposition,34995.0,50.0,2025-03-02,#N/A,#N/A,#N/A,false,false,Pipeline,Pipeline,true,false,0,#N/A,1,2021,false,false,false,false,#N/A,false,#N/A,false,#N/A,#N/A,false,#N/A
517949ad-5f1f-43d9-97ad-bbb28dad8d6a,24ae2c90-1f81-4419-94a5-ea1dc5431a2b,Eamia - Initial Sale,#N/A,Closed Lost,72395.0,0.0,2024-11-19,#N/A,#N/A,#N/A,true,false,Omitted,Omitted,true,false,0,#N/A,4,2020,false,false,false,false,#N/A,false,#N/A,false,#N/A,#N/A,false,#N/A
7fd650cc-21ef-4bb9-8dd3-030b7478eed9,a83fe1c6-0c86-4ba1-8db3-9603508e114a,Aivee - Upsell,#N/A,Qualification,75000.0,10.0,2025-08-08,#N/A,#N/A,#N/A,false,false,Pipeline,Pipeline,true,false,0,#N/A,3,2021,false,false,false,false,#N/A,false,#N/A,false,#N/A,#N/A,false,#N/A
5bc33ba3-d59c-4df1-afe1-1b0d1054d255,51a12852-b282-4490-b9dd-bf2285c93137,DabZ - Upsell,#N/A,Qualification,100082.0,10.0,2025-08-08,#N/A,#N/A,#N/A,false,false,Pipeline,Pipeline,true,false,0,#N/A,3,2021,false,false,false,false,#N/A,false,#N/A,false,#N/A,#N/A,false,#N/A
fc4d6bf3-dab8-4d40-8128-d5ce9cc563aa,37d17b99-4830-49dd-b4a3-bf975a4ccd67,Kayveo - Initial Sale,#N/A,Closed Lost,72395.0,0.0,2024-09-20,#N/A,#N/A,#N/A,true,false,Omitted,Omitted,true,false,0,#N/A,3,2020,false,false,false,false,#N/A,false,#N/A,false,#N/A,#N/A,false,#N/A
bf7764f2-710d-429c-90b3-5e71354830fe,63a2522c-da85-4079-a621-fd46a49cd78b,Eadel - Upsell,#N/A,Qualification,100082.0,10.0,2025-08-08,#N/A,#N/A,#N/A,false,false,Pipeline,Pipeline,true,false,0,#N/A,3,2021,false,false,false,false,#N/A,false,#N/A,false,#N/A,#N/A,false,#N/A
668c84ed-3efa-4425-bdfb-9f104936a40c,deb2643f-e4b0-4a03-bbfd-99725a62a149,Blognation - SOW 2,#N/A,Negotiation/Review,0.0,90.0,2025-06-19,#N/A,#N/A,#N/A,false,false,Pipeline,Pipeline,false,false,0,#N/A,2,2021,false,false,false,false,#N/A,false,#N/A,false,#N/A,#N/A,false,#N/A
c0358340-fa0f-4769-8198-18ddf7aa135f,8ebefa0e-6518-4f34-8143-deed57b50916,Pixoboo - Secondary Sale,#N/A,Closed Won,32395.00000002,100.0,2025-04-04,#N/A,#N/A,#N/A,true,true,Closed,Closed,true,false,0,#N/A,1,2021,false,false,false,false,#N/A,false,#N/A,false,#N/A,#N/A,false,#N/A
1a77ea17-2841-40d2-9b81-ab5598a6cd48,269f82ea-422b-48a2-bc48-586d44eca005,Yakidoo - Upsell,#N/A,Qualification,75000.0,10.0,2025-08-08,#N/A,#N/A,#N/A,false,false,Pipeline,Pipeline,true,false,0,#N/A,3,2021,false,false,false,false,#N/A,false,#N/A,false,#N/A,#N/A,false,#N/A
03e49504-f924-4d2c-bd87-26990c553e75,73729ff8-9a1a-45f3-bd8c-493be8b824c1,Skyvu - Additional Sale,"Some people like putting there notes into these long description fields to describe the deal. This can be unruly in a grid and out-of-box Salesforce doesn't even allow Long Notes fields to be displayed in a grid.

.....",Proposal/Price Quote,53311.0,75.0,2025-04-07,#N/A,Call to check on Quote,#N/A,false,false,Pipeline,Pipeline,true,false,0,#N/A,1,2021,false,false,false,false,#N/A,false,#N/A,false,#N/A,#N/A,false,#N/A
1c9769c9-c47e-409f-8798-880fe4ad712e,60135a75-1be6-4d4c-a56d-f11b48cf1a8d,Kwideo - Initial Sale,#N/A,Needs Analysis,72395.0,20.0,2025-06-10,#N/A,#N/A,#N/A,false,false,Pipeline,Pipeline,true,false,0,#N/A,2,2021,false,false,false,false,#N/A,false,#N/A,false,#N/A,#N/A,false,#N/A
2ee13fcf-c93b-4f32-b52d-bce76b0d6c13,73729ff8-9a1a-45f3-bd8c-493be8b824c1,Skyvu - SOW 3,#N/A,Perception Analysis,72395.0,70.0,2025-06-19,#N/A,#N/A,#N/A,false,false,Pipeline,Pipeline,true,false,0,#N/A,2,2021,false,false,false,false,#N/A,false,#N/A,false,#N/A,#N/A,false,#N/A
edde861d-7502-45ef-85db-1867cf5470da,26cf9f56-af40-4006-a72a-74def8d502ed,Vitz - Cross-sell,#N/A,Proposal/Price Quote,18050.0,75.0,2025-06-18,#N/A,#N/A,#N/A,false,false,Pipeline,Pipeline,true,false,0,#N/A,2,2021,false,false,false,false,#N/A,false,#N/A,false,#N/A,#N/A,false,#N/A
5b602bde-3201-46fa-8edb-f0aa674db1a7,af8d1a59-ad75-4b1b-9818-efc4c2e19b8f,Gabtype - Initial Sale,#N/A,Prospecting,72395.0,10.0,2025-06-10,#N/A,#N/A,#N/A,false,false,Pipeline,Pipeline,true,false,0,#N/A,2,2021,false,false,false,false,#N/A,false,#N/A,false,#N/A,#N/A,false,#N/A
db576b0a-5186-49b7-8a2b-2e7fd0e98132,83dc89fc-8868-49a6-8638-db4d191b4c50,Talane - Upsell,#N/A,Qualification,75000.0,10.0,2025-08-08,#N/A,#N/A,#N/A,false,false,Pipeline,Pipeline,true,false,0,#N/A,3,2021,false,false,false,false,#N/A,false,#N/A,false,#N/A,#N/A,false,#N/A
2f8fa3dc-c309-4b09-8c00-4deea94e83a8,e5fcb320-af81-4efe-85d9-643034e2d899,Yozio - Upsell,#N/A,Qualification,75000.0,10.0,2025-08-08,#N/A,#N/A,#N/A,false,false,Pipeline,Pipeline,true,false,0,#N/A,3,2021,false,false,false,false,#N/A,false,#N/A,false,#N/A,#N/A,false,#N/A
1c3624c8-426c-4ad9-be6e-b7cec3ac370c,0231da6a-f192-45c1-90b5-d11ea138fd7b,Topicblabh-Sto Associates - Initial Sale,#N/A,Closed Lost,72395.0,0.0,2024-11-19,#N/A,#N/A,#N/A,true,false,Omitted,Omitted,true,false,0,#N/A,4,2020,false,false,false,false,#N/A,false,#N/A,false,#N/A,#N/A,false,#N/A
d726c364-1c14-4300-b55f-cc53845d5cfa,3c66b37b-b0b5-47a9-bf58-0c9686d72d93,Thoughtmix - Initial Sale,#N/A,Closed Lost,72395.0,0.0,2024-11-19,#N/A,#N/A,#N/A,true,false,Omitted,Omitted,true,false,0,#N/A,4,2020,false,false,false,false,#N/A,false,#N/A,false,#N/A,#N/A,false,#N/A
ce7c4cdc-0095-4fe7-abcf-e9c00a55d4e0,42d553ae-1574-4824-853c-1962fa336861,Kazu - Secondary Sale,#N/A,Closed Won,32395.00000002,100.0,2025-06-02,#N/A,#N/A,#N/A,true,true,Closed,Closed,true,false,0,#N/A,2,2021,false,false,false,false,#N/A,false,#N/A,false,#N/A,#N/A,false,#N/A
fe342ac0-cfda-487d-aa05-896e85bc6844,551d24c8-f10f-47a2-9f23-ea48b275ff48,Shuffletag - Upsell,#N/A,Qualification,100082.0,10.0,2025-08-08,#N/A,#N/A,#N/A,false,false,Pipeline,Pipeline,true,false,0,#N/A,3,2021,false,false,false,false,#N/A,false,#N/A,false,#N/A,#N/A,false,#N/A
c30963d3-9345-47fd-b7b6-a451d241ccbe,83dc89fc-8868-49a6-8638-db4d191b4c50,Talane - Cross-sell,#N/A,Proposal/Price Quote,11550.0,75.0,2025-06-18,#N/A,#N/A,#N/A,false,false,Pipeline,Pipeline,true,false,0,#N/A,2,2021,false,false,false,false,#N/A,false,#N/A,false,#N/A,#N/A,false,#N/A
aac24553-30ca-4687-aaf5-85a43a70bdca,194a8c6e-181d-40bb-84ff-36775a792b3d,Feedbug - Additional Sale,#N/A,Value Proposition,3200.0,50.0,2025-05-30,#N/A,#N/A,#N/A,false,false,Pipeline,Pipeline,true,false,0,#N/A,2,2021,false,false,false,false,#N/A,false,#N/A,false,#N/A,#N/A,false,#N/A
5b53a86e-d0ea-4db5-a83a-b3b8d8fa4673,820ddc74-222e-4f6c-86b0-c2bb1fe06fcc,Zoomlounge - Secondary Sale,#N/A,Closed Won,32395.00000002,100.0,2025-04-04,#N/A,#N/A,#N/A,true,true,Closed,Closed,true,false,0,#N/A,1,2021,false,false,false,false,#N/A,false,#N/A,false,#N/A,#N/A,false,#N/A
4c59f1dc-4b3b-44c4-9a04-b4dd04594dfd,e4255128-7dee-41d8-aebc-0e00f9664742,Zoomcast - Upsell,#N/A,Qualification,100082.0,10.0,2025-08-08,#N/A,#N/A,#N/A,false,false,Pipeline,Pipeline,true,false,0,#N/A,3,2021,false,false,false,false,#N/A,false,#N/A,false,#N/A,#N/A,false,#N/A
c620f449-9446-4c8b-8baa-aa03dda7859e,f0f01eb2-48d1-4867-a224-ac73e887e68e,Jaxworks - Initial Sale,#N/A,Qualification,74395.0,10.0,2025-04-26,#N/A,#N/A,#N/A,false,false,Pipeline,Pipeline,true,false,0,#N/A,2,2021,false,false,false,false,#N/A,false,#N/A,false,#N/A,#N/A,false,#N/A
8b1d0893-2af4-4d8a-8e91-163184a88ae3,2aaa3f1b-0810-40c9-a48e-691cc50d9dac,Fiveclub - Additional Sale,#N/A,Closed Won,29995.0,100.0,2025-01-20,#N/A,#N/A,#N/A,true,true,Closed,Closed,true,false,0,#N/A,4,2020,false,false,false,false,#N/A,false,#N/A,false,#N/A,#N/A,false,#N/A
9bd957f2-d4a8-4e6e-b2c7-f8f8144b0166,60135a75-1be6-4d4c-a56d-f11b48cf1a8d,Kwideo - Upsell,#N/A,Qualification,75000.0,10.0,2025-08-08,#N/A,#N/A,#N/A,false,false,Pipeline,Pipeline,true,false,0,#N/A,3,2021,false,false,false,false,#N/A,false,#N/A,false,#N/A,#N/A,false,#N/A
7867a94f-2743-4b4f-b605-8ff76c199d4f,7d260df7-02d6-4d22-8aef-ba7349f852ae,Rhycero - Initial Sale,#N/A,Closed Lost,72395.0,0.0,2024-11-19,#N/A,#N/A,#N/A,true,false,Omitted,Omitted,true,false,0,#N/A,4,2020,false,false,false,false,#N/A,false,#N/A,false,#N/A,#N/A,false,#N/A
3f676743-1747-4a50-9c43-9ff1bdd38496,14232913-25fb-45b0-9545-dc09cf9efc49,Quinu - Additional Sale,#N/A,Closed Won,29995.0,100.0,2024-10-02,#N/A,#N/A,#N/A,true,true,Closed,Closed,true,false,0,#N/A,3,2020,false,false,false,false,#N/A,false,#N/A,false,#N/A,#N/A,false,#N/A
877730f6-b5ba-4475-8c5f-3c9097c29c63,dd3330be-ca21-4cb4-8acb-59e3a29631ed,Agimba - Initial Sale,#N/A,Closed Lost,72395.0,0.0,2024-11-19,#N/A,#N/A,#N/A,true,false,Omitted,Omitted,true,false,0,#N/A,4,2020,false,false,false,false,#N/A,false,#N/A,false,#N/A,#N/A,false,#N/A
a260c620-c90c-4f5b-9e6d-817818fddaf6,6320c506-ff02-4baf-8f16-c6a8a19f8565,Oyoba - Cross-sell,#N/A,Proposal/Price Quote,11550.0,75.0,2025-06-18,#N/A,#N/A,#N/A,false,false,Pipeline,Pipeline,true,false,0,#N/A,2,2021,false,false,false,false,#N/A,false,#N/A,false,#N/A,#N/A,false,#N/A
01be3eb9-a08c-4027-b159-cb09be1ebf13,20c03afe-1d26-4cb2-af84-c989196cf6ab,"salesforce.com - 1,000 Widgets",They are interested in our widgets!  The deal is at 90% because they are at the sales process stage of negotiating the finer points of a proposal that we submitted.  We are negotiating with their key decision makers and are confident that this deal will close soon.,Negotiation/Review,100000.0,90.0,2022-10-25,New Business,Close the deal!,Advertisement,false,false,Pipeline,Pipeline,false,false,0,#N/A,2,2007,false,false,false,false,#N/A,false,#N/A,false,#N/A,#N/A,false,#N/A
e038f299-96ce-4ff7-b4aa-65d94fc817a4,ec932bc1-25e3-4572-845a-5c2262116a17,Dynava - Additional Sale,#N/A,Perception Analysis,34995.0,70.0,2025-02-09,#N/A,#N/A,#N/A,false,false,Pipeline,Pipeline,true,false,0,#N/A,1,2021,false,false,false,false,#N/A,false,#N/A,false,#N/A,#N/A,false,#N/A
